[run_tier] 1 job(s) planned:
  [1] tier1/d3t                 CUDA_VISIBLE_DEVICES=0 python scripts/train.py --config-name=trial_toy_d3t

[run_tier] -> START  tier1/d3t: CUDA_VISIBLE_DEVICES=0 python scripts/train.py --config-name=trial_toy_d3t
[resume] starting fresh (no snapshot to resume from)
wandb: [wandb.login()] Loaded credentials for https://api.wandb.ai from /root/.netrc.
wandb: Currently logged in as: jasonna24 (jasonna24-) to https://api.wandb.ai. Use `wandb login --relogin` to force relogin
wandb: setting up run kp4260wc
wandb: Tracking run with wandb version 0.26.1
wandb: Run data is saved locally in /workspace/wandb/run-20260517_183220-kp4260wc
wandb: Run `wandb offline` to turn off syncing.
wandb: Syncing run trial_toy_d3t
wandb: ⭐️ View project at https://wandb.ai/jasonna24-/triplane-ae
wandb: 🚀 View run at https://wandb.ai/jasonna24-/triplane-ae/runs/kp4260wc
[train] latent data_range (p99-p1) = 4.6455
/opt/conda/lib/python3.11/site-packages/torch/nn/modules/transformer.py:382: UserWarning: enable_nested_tensor is True, but self.use_nested_tensor is False because encoder_layer.norm_first was True
  warnings.warn(
[train] exp=trial_toy_d3t  model=TriVAE_D3T  device=cuda
[train] batches=1250  batch_size=4  epochs=100
[train] AMP mode: bfloat16 autocast (no GradScaler needed)
[train] wall-clock cap: 60.0 min
[epoch 1 step 000]  loss=7.83e-01  l1=7.83e-01  l2=0.00e+00  psnr=13.3  cos=-0.0131
[epoch 1 step 025]  loss=7.24e-01  l1=7.24e-01  l2=0.00e+00  psnr=13.7  cos=0.2427
[epoch 1 step 050]  loss=6.73e-01  l1=6.73e-01  l2=0.00e+00  psnr=14.2  cos=0.3428
[epoch 1 step 075]  loss=6.76e-01  l1=6.76e-01  l2=0.00e+00  psnr=14.1  cos=0.3786
[epoch 1 step 100]  loss=6.81e-01  l1=6.81e-01  l2=0.00e+00  psnr=14.0  cos=0.3880
[epoch 1 step 125]  loss=6.71e-01  l1=6.71e-01  l2=0.00e+00  psnr=13.9  cos=0.4069
[epoch 1 step 150]  loss=6.35e-01  l1=6.35e-01  l2=0.00e+00  psnr=14.5  cos=0.4280
[epoch 1 step 175]  loss=6.29e-01  l1=6.29e-01  l2=0.00e+00  psnr=14.6  cos=0.4415
[epoch 1 step 200]  loss=6.31e-01  l1=6.31e-01  l2=0.00e+00  psnr=14.4  cos=0.4689
[epoch 1 step 225]  loss=6.43e-01  l1=6.43e-01  l2=0.00e+00  psnr=14.2  cos=0.4674
[epoch 1 step 250]  loss=6.51e-01  l1=6.51e-01  l2=0.00e+00  psnr=14.1  cos=0.4603
[epoch 1 step 275]  loss=6.52e-01  l1=6.52e-01  l2=0.00e+00  psnr=14.0  cos=0.4757
[epoch 1 step 300]  loss=6.19e-01  l1=6.19e-01  l2=0.00e+00  psnr=14.5  cos=0.4791
[epoch 1 step 325]  loss=6.07e-01  l1=6.07e-01  l2=0.00e+00  psnr=14.6  cos=0.4896
[epoch 1 step 350]  loss=6.23e-01  l1=6.23e-01  l2=0.00e+00  psnr=14.5  cos=0.4825
[epoch 1 step 375]  loss=6.14e-01  l1=6.14e-01  l2=0.00e+00  psnr=14.6  cos=0.4914
[epoch 1 step 400]  loss=5.91e-01  l1=5.91e-01  l2=0.00e+00  psnr=14.8  cos=0.5025
[epoch 1 step 425]  loss=5.94e-01  l1=5.94e-01  l2=0.00e+00  psnr=14.6  cos=0.5075
[epoch 1 step 450]  loss=5.99e-01  l1=5.99e-01  l2=0.00e+00  psnr=14.7  cos=0.5212
[epoch 1 step 475]  loss=6.65e-01  l1=6.65e-01  l2=0.00e+00  psnr=14.0  cos=0.4462
[epoch 1 step 500]  loss=6.03e-01  l1=6.03e-01  l2=0.00e+00  psnr=14.7  cos=0.4865
[epoch 1 step 525]  loss=5.96e-01  l1=5.96e-01  l2=0.00e+00  psnr=14.6  cos=0.5243
[epoch 1 step 550]  loss=6.27e-01  l1=6.27e-01  l2=0.00e+00  psnr=14.5  cos=0.4675
[epoch 1 step 575]  loss=6.14e-01  l1=6.14e-01  l2=0.00e+00  psnr=14.7  cos=0.4833
[epoch 1 step 600]  loss=6.00e-01  l1=6.00e-01  l2=0.00e+00  psnr=14.6  cos=0.5138
[epoch 1 step 625]  loss=6.01e-01  l1=6.01e-01  l2=0.00e+00  psnr=14.9  cos=0.4849
[epoch 1 step 650]  loss=6.29e-01  l1=6.29e-01  l2=0.00e+00  psnr=14.4  cos=0.5051
[epoch 1 step 675]  loss=5.72e-01  l1=5.72e-01  l2=0.00e+00  psnr=14.9  cos=0.5215
[epoch 1 step 700]  loss=6.25e-01  l1=6.25e-01  l2=0.00e+00  psnr=14.5  cos=0.4633
[epoch 1 step 725]  loss=6.16e-01  l1=6.16e-01  l2=0.00e+00  psnr=14.5  cos=0.4898
[epoch 1 step 750]  loss=6.11e-01  l1=6.11e-01  l2=0.00e+00  psnr=14.5  cos=0.5032
[epoch 1 step 775]  loss=5.89e-01  l1=5.89e-01  l2=0.00e+00  psnr=14.8  cos=0.5274
[epoch 1 step 800]  loss=6.05e-01  l1=6.05e-01  l2=0.00e+00  psnr=14.6  cos=0.5240
[epoch 1 step 825]  loss=6.17e-01  l1=6.17e-01  l2=0.00e+00  psnr=14.5  cos=0.5052
[epoch 1 step 850]  loss=5.83e-01  l1=5.83e-01  l2=0.00e+00  psnr=14.8  cos=0.5281
[epoch 1 step 875]  loss=6.18e-01  l1=6.18e-01  l2=0.00e+00  psnr=14.6  cos=0.4826
[epoch 1 step 900]  loss=6.12e-01  l1=6.12e-01  l2=0.00e+00  psnr=14.5  cos=0.5224
[epoch 1 step 925]  loss=5.96e-01  l1=5.96e-01  l2=0.00e+00  psnr=14.7  cos=0.5173
[epoch 1 step 950]  loss=6.34e-01  l1=6.34e-01  l2=0.00e+00  psnr=14.2  cos=0.4932
[epoch 1 step 975]  loss=6.12e-01  l1=6.12e-01  l2=0.00e+00  psnr=14.8  cos=0.4899
[epoch 1 step 1000]  loss=6.09e-01  l1=6.09e-01  l2=0.00e+00  psnr=14.5  cos=0.5168
[epoch 1 step 1025]  loss=6.10e-01  l1=6.10e-01  l2=0.00e+00  psnr=14.5  cos=0.4977
[epoch 1 step 1050]  loss=6.04e-01  l1=6.04e-01  l2=0.00e+00  psnr=14.7  cos=0.5037
[epoch 1 step 1075]  loss=6.26e-01  l1=6.26e-01  l2=0.00e+00  psnr=14.3  cos=0.5088
[epoch 1 step 1100]  loss=5.90e-01  l1=5.90e-01  l2=0.00e+00  psnr=14.8  cos=0.5104
[epoch 1 step 1125]  loss=6.31e-01  l1=6.31e-01  l2=0.00e+00  psnr=14.3  cos=0.5065
[epoch 1 step 1150]  loss=6.19e-01  l1=6.19e-01  l2=0.00e+00  psnr=14.6  cos=0.4897
[epoch 1 step 1175]  loss=6.08e-01  l1=6.08e-01  l2=0.00e+00  psnr=14.5  cos=0.5152
[epoch 1 step 1200]  loss=5.91e-01  l1=5.91e-01  l2=0.00e+00  psnr=14.5  cos=0.5259
[epoch 1 step 1225]  loss=5.83e-01  l1=5.83e-01  l2=0.00e+00  psnr=14.8  cos=0.5246
[epoch 1 DONE]  final_loss=6.21e-01  psnr=14.85  cos=0.5246
[checkpoint] /workspace/runs/trial_toy_d3t/checkpoints/epoch_0001.pt
[val epoch 1]  latent_l1=0.5958  latent_l2=0.8540  latent_psnr=24.8197
[best] new best latent_psnr=24.8197 (prev=n/a) -> /workspace/runs/trial_toy_d3t/checkpoints/best.pt
[epoch 2 step 000]  loss=5.96e-01  l1=5.96e-01  l2=0.00e+00  psnr=14.8  cos=0.5166
[epoch 2 step 025]  loss=5.88e-01  l1=5.88e-01  l2=0.00e+00  psnr=14.8  cos=0.5397
[epoch 2 step 050]  loss=5.76e-01  l1=5.76e-01  l2=0.00e+00  psnr=14.8  cos=0.5359
[epoch 2 step 075]  loss=6.25e-01  l1=6.25e-01  l2=0.00e+00  psnr=14.2  cos=0.5172
[epoch 2 step 100]  loss=5.67e-01  l1=5.67e-01  l2=0.00e+00  psnr=15.2  cos=0.5352
[epoch 2 step 125]  loss=6.33e-01  l1=6.33e-01  l2=0.00e+00  psnr=14.3  cos=0.4934
[epoch 2 step 150]  loss=6.03e-01  l1=6.03e-01  l2=0.00e+00  psnr=14.5  cos=0.5120
[epoch 2 step 175]  loss=6.01e-01  l1=6.01e-01  l2=0.00e+00  psnr=14.8  cos=0.5204
[epoch 2 step 200]  loss=5.67e-01  l1=5.67e-01  l2=0.00e+00  psnr=15.1  cos=0.5488
[epoch 2 step 225]  loss=6.15e-01  l1=6.15e-01  l2=0.00e+00  psnr=14.5  cos=0.5101
[epoch 2 step 250]  loss=6.03e-01  l1=6.03e-01  l2=0.00e+00  psnr=14.5  cos=0.5238
[epoch 2 step 275]  loss=5.85e-01  l1=5.85e-01  l2=0.00e+00  psnr=14.9  cos=0.5238
[epoch 2 step 300]  loss=5.89e-01  l1=5.89e-01  l2=0.00e+00  psnr=14.6  cos=0.5450
[epoch 2 step 325]  loss=6.21e-01  l1=6.21e-01  l2=0.00e+00  psnr=14.5  cos=0.4950
[epoch 2 step 350]  loss=5.96e-01  l1=5.96e-01  l2=0.00e+00  psnr=14.8  cos=0.4897
[epoch 2 step 375]  loss=6.06e-01  l1=6.06e-01  l2=0.00e+00  psnr=14.6  cos=0.5101
[epoch 2 step 400]  loss=5.87e-01  l1=5.87e-01  l2=0.00e+00  psnr=14.8  cos=0.5164
[epoch 2 step 425]  loss=5.95e-01  l1=5.95e-01  l2=0.00e+00  psnr=14.6  cos=0.5349
[epoch 2 step 450]  loss=5.68e-01  l1=5.68e-01  l2=0.00e+00  psnr=15.1  cos=0.5390
[epoch 2 step 475]  loss=6.16e-01  l1=6.16e-01  l2=0.00e+00  psnr=14.3  cos=0.5275
[epoch 2 step 500]  loss=6.15e-01  l1=6.15e-01  l2=0.00e+00  psnr=14.6  cos=0.5011
[epoch 2 step 525]  loss=6.24e-01  l1=6.24e-01  l2=0.00e+00  psnr=14.6  cos=0.4957
[epoch 2 step 550]  loss=5.75e-01  l1=5.75e-01  l2=0.00e+00  psnr=15.1  cos=0.5263
[epoch 2 step 575]  loss=5.64e-01  l1=5.64e-01  l2=0.00e+00  psnr=15.0  cos=0.5514
[epoch 2 step 600]  loss=5.51e-01  l1=5.51e-01  l2=0.00e+00  psnr=15.0  cos=0.5785
[epoch 2 step 625]  loss=6.44e-01  l1=6.44e-01  l2=0.00e+00  psnr=14.2  cos=0.4976
[epoch 2 step 650]  loss=6.27e-01  l1=6.27e-01  l2=0.00e+00  psnr=14.2  cos=0.5180
[epoch 2 step 675]  loss=6.35e-01  l1=6.35e-01  l2=0.00e+00  psnr=14.3  cos=0.4951
[epoch 2 step 700]  loss=6.06e-01  l1=6.06e-01  l2=0.00e+00  psnr=14.6  cos=0.5228
[epoch 2 step 725]  loss=5.89e-01  l1=5.89e-01  l2=0.00e+00  psnr=14.9  cos=0.5092
[epoch 2 step 750]  loss=5.92e-01  l1=5.92e-01  l2=0.00e+00  psnr=14.8  cos=0.5294
[epoch 2 step 775]  loss=6.01e-01  l1=6.01e-01  l2=0.00e+00  psnr=14.6  cos=0.5215
[epoch 2 step 800]  loss=5.87e-01  l1=5.87e-01  l2=0.00e+00  psnr=14.6  cos=0.5445
[epoch 2 step 825]  loss=6.14e-01  l1=6.14e-01  l2=0.00e+00  psnr=14.5  cos=0.5170
[epoch 2 step 850]  loss=6.14e-01  l1=6.14e-01  l2=0.00e+00  psnr=14.5  cos=0.5180
[epoch 2 step 875]  loss=5.72e-01  l1=5.72e-01  l2=0.00e+00  psnr=14.9  cos=0.5376
[epoch 2 step 900]  loss=5.33e-01  l1=5.33e-01  l2=0.00e+00  psnr=15.5  cos=0.5710
[epoch 2 step 925]  loss=5.51e-01  l1=5.51e-01  l2=0.00e+00  psnr=14.9  cos=0.5857
[epoch 2 step 950]  loss=5.92e-01  l1=5.92e-01  l2=0.00e+00  psnr=14.7  cos=0.5273
[epoch 2 step 975]  loss=5.89e-01  l1=5.89e-01  l2=0.00e+00  psnr=14.7  cos=0.5423
[epoch 2 step 1000]  loss=5.51e-01  l1=5.51e-01  l2=0.00e+00  psnr=15.2  cos=0.5581
[epoch 2 step 1025]  loss=5.61e-01  l1=5.61e-01  l2=0.00e+00  psnr=15.2  cos=0.5432
[epoch 2 step 1050]  loss=5.38e-01  l1=5.38e-01  l2=0.00e+00  psnr=15.3  cos=0.5594
[epoch 2 step 1075]  loss=6.01e-01  l1=6.01e-01  l2=0.00e+00  psnr=14.4  cos=0.5287
[epoch 2 step 1100]  loss=5.69e-01  l1=5.69e-01  l2=0.00e+00  psnr=14.9  cos=0.5451
[epoch 2 step 1125]  loss=6.41e-01  l1=6.41e-01  l2=0.00e+00  psnr=14.3  cos=0.4657
[epoch 2 step 1150]  loss=5.94e-01  l1=5.94e-01  l2=0.00e+00  psnr=14.6  cos=0.5295
[epoch 2 step 1175]  loss=5.76e-01  l1=5.76e-01  l2=0.00e+00  psnr=14.9  cos=0.5431
[epoch 2 step 1200]  loss=5.74e-01  l1=5.74e-01  l2=0.00e+00  psnr=15.0  cos=0.5375
[epoch 2 step 1225]  loss=5.43e-01  l1=5.43e-01  l2=0.00e+00  psnr=15.1  cos=0.5760
[epoch 2 DONE]  final_loss=6.32e-01  psnr=15.08  cos=0.5760
[checkpoint] /workspace/runs/trial_toy_d3t/checkpoints/epoch_0002.pt
[val epoch 2]  latent_l1=0.5823  latent_l2=0.8423  latent_psnr=24.9405
[best] new best latent_psnr=24.9405 (prev=24.8197) -> /workspace/runs/trial_toy_d3t/checkpoints/best.pt
[epoch 3 step 000]  loss=5.37e-01  l1=5.37e-01  l2=0.00e+00  psnr=15.4  cos=0.5753
[epoch 3 step 025]  loss=6.01e-01  l1=6.01e-01  l2=0.00e+00  psnr=14.6  cos=0.5228
[epoch 3 step 050]  loss=5.70e-01  l1=5.70e-01  l2=0.00e+00  psnr=15.2  cos=0.5341
[epoch 3 step 075]  loss=5.70e-01  l1=5.70e-01  l2=0.00e+00  psnr=15.0  cos=0.5427
[epoch 3 step 100]  loss=5.77e-01  l1=5.77e-01  l2=0.00e+00  psnr=14.9  cos=0.5437
[epoch 3 step 125]  loss=5.77e-01  l1=5.77e-01  l2=0.00e+00  psnr=14.9  cos=0.5471
[epoch 3 step 150]  loss=6.00e-01  l1=6.00e-01  l2=0.00e+00  psnr=14.5  cos=0.5469
[epoch 3 step 175]  loss=5.86e-01  l1=5.86e-01  l2=0.00e+00  psnr=14.9  cos=0.5285
[epoch 3 step 200]  loss=5.76e-01  l1=5.76e-01  l2=0.00e+00  psnr=15.0  cos=0.5414
[epoch 3 step 225]  loss=5.83e-01  l1=5.83e-01  l2=0.00e+00  psnr=14.7  cos=0.5581
[epoch 3 step 250]  loss=5.65e-01  l1=5.65e-01  l2=0.00e+00  psnr=15.1  cos=0.5420
[epoch 3 step 275]  loss=5.79e-01  l1=5.79e-01  l2=0.00e+00  psnr=14.7  cos=0.5579
[epoch 3 step 300]  loss=6.15e-01  l1=6.15e-01  l2=0.00e+00  psnr=14.4  cos=0.5072
[epoch 3 step 325]  loss=5.92e-01  l1=5.92e-01  l2=0.00e+00  psnr=14.7  cos=0.5371
[epoch 3 step 350]  loss=6.27e-01  l1=6.27e-01  l2=0.00e+00  psnr=14.2  cos=0.5309
[epoch 3 step 375]  loss=5.86e-01  l1=5.86e-01  l2=0.00e+00  psnr=14.8  cos=0.5146
[epoch 3 step 400]  loss=6.03e-01  l1=6.03e-01  l2=0.00e+00  psnr=14.5  cos=0.5261
[epoch 3 step 425]  loss=6.33e-01  l1=6.33e-01  l2=0.00e+00  psnr=14.2  cos=0.5075
[epoch 3 step 450]  loss=5.68e-01  l1=5.68e-01  l2=0.00e+00  psnr=15.0  cos=0.5423
[epoch 3 step 475]  loss=5.91e-01  l1=5.91e-01  l2=0.00e+00  psnr=14.8  cos=0.5253
[epoch 3 step 500]  loss=5.69e-01  l1=5.69e-01  l2=0.00e+00  psnr=15.0  cos=0.5303
[epoch 3 step 525]  loss=5.96e-01  l1=5.96e-01  l2=0.00e+00  psnr=14.7  cos=0.5250
[epoch 3 step 550]  loss=5.99e-01  l1=5.99e-01  l2=0.00e+00  psnr=14.6  cos=0.5368
[epoch 3 step 575]  loss=5.92e-01  l1=5.92e-01  l2=0.00e+00  psnr=14.6  cos=0.5509
[epoch 3 step 600]  loss=6.26e-01  l1=6.26e-01  l2=0.00e+00  psnr=14.3  cos=0.5370
[epoch 3 step 625]  loss=5.90e-01  l1=5.90e-01  l2=0.00e+00  psnr=14.8  cos=0.5403
[epoch 3 step 650]  loss=5.84e-01  l1=5.84e-01  l2=0.00e+00  psnr=14.8  cos=0.5496
[epoch 3 step 675]  loss=6.04e-01  l1=6.04e-01  l2=0.00e+00  psnr=14.4  cos=0.5282
[epoch 3 step 700]  loss=5.09e-01  l1=5.09e-01  l2=0.00e+00  psnr=15.6  cos=0.6243
[epoch 3 step 725]  loss=5.61e-01  l1=5.61e-01  l2=0.00e+00  psnr=15.1  cos=0.5392
[epoch 3 step 750]  loss=6.04e-01  l1=6.04e-01  l2=0.00e+00  psnr=14.6  cos=0.5261
[epoch 3 step 775]  loss=5.90e-01  l1=5.90e-01  l2=0.00e+00  psnr=14.8  cos=0.5412
[epoch 3 step 800]  loss=5.98e-01  l1=5.98e-01  l2=0.00e+00  psnr=14.6  cos=0.5260
[epoch 3 step 825]  loss=5.69e-01  l1=5.69e-01  l2=0.00e+00  psnr=15.0  cos=0.5357
[epoch 3 step 850]  loss=5.87e-01  l1=5.87e-01  l2=0.00e+00  psnr=14.8  cos=0.5354
[epoch 3 step 875]  loss=5.83e-01  l1=5.83e-01  l2=0.00e+00  psnr=14.8  cos=0.5371
[epoch 3 step 900]  loss=5.81e-01  l1=5.81e-01  l2=0.00e+00  psnr=14.7  cos=0.5560
[epoch 3 step 925]  loss=5.80e-01  l1=5.80e-01  l2=0.00e+00  psnr=14.9  cos=0.5488
[epoch 3 step 950]  loss=6.12e-01  l1=6.12e-01  l2=0.00e+00  psnr=14.6  cos=0.5125
[epoch 3 step 975]  loss=5.59e-01  l1=5.59e-01  l2=0.00e+00  psnr=15.0  cos=0.5702
[epoch 3 step 1000]  loss=5.90e-01  l1=5.90e-01  l2=0.00e+00  psnr=14.8  cos=0.5444
[epoch 3 step 1025]  loss=5.43e-01  l1=5.43e-01  l2=0.00e+00  psnr=15.2  cos=0.5626
[epoch 3 step 1050]  loss=5.71e-01  l1=5.71e-01  l2=0.00e+00  psnr=15.1  cos=0.5292
[epoch 3 step 1075]  loss=5.65e-01  l1=5.65e-01  l2=0.00e+00  psnr=15.1  cos=0.5443
[epoch 3 step 1100]  loss=5.56e-01  l1=5.56e-01  l2=0.00e+00  psnr=15.1  cos=0.5659
[epoch 3 step 1125]  loss=5.66e-01  l1=5.66e-01  l2=0.00e+00  psnr=15.1  cos=0.5483
[epoch 3 step 1150]  loss=5.71e-01  l1=5.71e-01  l2=0.00e+00  psnr=15.0  cos=0.5415
[epoch 3 step 1175]  loss=5.62e-01  l1=5.62e-01  l2=0.00e+00  psnr=15.1  cos=0.5540
[epoch 3 step 1200]  loss=5.20e-01  l1=5.20e-01  l2=0.00e+00  psnr=15.7  cos=0.5890
[epoch 3 step 1225]  loss=5.92e-01  l1=5.92e-01  l2=0.00e+00  psnr=14.6  cos=0.5457
[epoch 3 DONE]  final_loss=5.98e-01  psnr=14.63  cos=0.5457
[checkpoint] /workspace/runs/trial_toy_d3t/checkpoints/epoch_0003.pt
[val epoch 3]  latent_l1=0.5727  latent_l2=0.8329  latent_psnr=25.0378
[best] new best latent_psnr=25.0378 (prev=24.9405) -> /workspace/runs/trial_toy_d3t/checkpoints/best.pt
[epoch 4 step 000]  loss=5.68e-01  l1=5.68e-01  l2=0.00e+00  psnr=15.0  cos=0.5651
[epoch 4 step 025]  loss=5.57e-01  l1=5.57e-01  l2=0.00e+00  psnr=15.0  cos=0.5747
[epoch 4 step 050]  loss=5.63e-01  l1=5.63e-01  l2=0.00e+00  psnr=14.9  cos=0.5717
[epoch 4 step 075]  loss=5.79e-01  l1=5.79e-01  l2=0.00e+00  psnr=15.0  cos=0.5533
[epoch 4 step 100]  loss=5.69e-01  l1=5.69e-01  l2=0.00e+00  psnr=15.1  cos=0.5454
[epoch 4 step 125]  loss=5.69e-01  l1=5.69e-01  l2=0.00e+00  psnr=14.8  cos=0.5629
[epoch 4 step 150]  loss=5.54e-01  l1=5.54e-01  l2=0.00e+00  psnr=15.2  cos=0.5785
[epoch 4 step 175]  loss=5.69e-01  l1=5.69e-01  l2=0.00e+00  psnr=14.9  cos=0.5665
[epoch 4 step 200]  loss=5.58e-01  l1=5.58e-01  l2=0.00e+00  psnr=15.3  cos=0.5453
[epoch 4 step 225]  loss=5.25e-01  l1=5.25e-01  l2=0.00e+00  psnr=15.6  cos=0.5861
[epoch 4 step 250]  loss=6.09e-01  l1=6.09e-01  l2=0.00e+00  psnr=14.7  cos=0.5050
[epoch 4 step 275]  loss=5.49e-01  l1=5.49e-01  l2=0.00e+00  psnr=15.3  cos=0.5610
[epoch 4 step 300]  loss=5.70e-01  l1=5.70e-01  l2=0.00e+00  psnr=15.1  cos=0.5554
[epoch 4 step 325]  loss=5.94e-01  l1=5.94e-01  l2=0.00e+00  psnr=14.9  cos=0.5180
[epoch 4 step 350]  loss=6.11e-01  l1=6.11e-01  l2=0.00e+00  psnr=14.4  cos=0.5476
[epoch 4 step 375]  loss=5.78e-01  l1=5.78e-01  l2=0.00e+00  psnr=15.1  cos=0.5279
[epoch 4 step 400]  loss=5.50e-01  l1=5.50e-01  l2=0.00e+00  psnr=15.0  cos=0.5806
[epoch 4 step 425]  loss=5.82e-01  l1=5.82e-01  l2=0.00e+00  psnr=14.8  cos=0.5366
[epoch 4 step 450]  loss=5.71e-01  l1=5.71e-01  l2=0.00e+00  psnr=15.0  cos=0.5536
[epoch 4 step 475]  loss=6.19e-01  l1=6.19e-01  l2=0.00e+00  psnr=14.5  cos=0.5270
[epoch 4 step 500]  loss=5.57e-01  l1=5.57e-01  l2=0.00e+00  psnr=15.4  cos=0.5489
[epoch 4 step 525]  loss=5.65e-01  l1=5.65e-01  l2=0.00e+00  psnr=15.0  cos=0.5686
[epoch 4 step 550]  loss=5.40e-01  l1=5.40e-01  l2=0.00e+00  psnr=15.3  cos=0.5937
[epoch 4 step 575]  loss=5.76e-01  l1=5.76e-01  l2=0.00e+00  psnr=14.9  cos=0.5656
[epoch 4 step 600]  loss=5.45e-01  l1=5.45e-01  l2=0.00e+00  psnr=15.3  cos=0.5684
[epoch 4 step 625]  loss=5.87e-01  l1=5.87e-01  l2=0.00e+00  psnr=14.8  cos=0.5422
[epoch 4 step 650]  loss=5.61e-01  l1=5.61e-01  l2=0.00e+00  psnr=15.2  cos=0.5457
[epoch 4 step 675]  loss=5.40e-01  l1=5.40e-01  l2=0.00e+00  psnr=15.4  cos=0.5697
[epoch 4 step 700]  loss=5.91e-01  l1=5.91e-01  l2=0.00e+00  psnr=14.6  cos=0.5482
[epoch 4 step 725]  loss=5.55e-01  l1=5.55e-01  l2=0.00e+00  psnr=15.1  cos=0.5696
[epoch 4 step 750]  loss=6.00e-01  l1=6.00e-01  l2=0.00e+00  psnr=14.7  cos=0.5210
[epoch 4 step 775]  loss=5.79e-01  l1=5.79e-01  l2=0.00e+00  psnr=14.9  cos=0.5392
[epoch 4 step 800]  loss=5.75e-01  l1=5.75e-01  l2=0.00e+00  psnr=14.7  cos=0.5622
[epoch 4 step 825]  loss=5.60e-01  l1=5.60e-01  l2=0.00e+00  psnr=15.2  cos=0.5521
[epoch 4 step 850]  loss=5.69e-01  l1=5.69e-01  l2=0.00e+00  psnr=14.9  cos=0.5597
[epoch 4 step 875]  loss=6.04e-01  l1=6.04e-01  l2=0.00e+00  psnr=14.6  cos=0.5202
[epoch 4 step 900]  loss=5.96e-01  l1=5.96e-01  l2=0.00e+00  psnr=14.7  cos=0.5371
[epoch 4 step 925]  loss=5.39e-01  l1=5.39e-01  l2=0.00e+00  psnr=15.2  cos=0.5662
[epoch 4 step 950]  loss=5.72e-01  l1=5.72e-01  l2=0.00e+00  psnr=15.0  cos=0.5480
[epoch 4 step 975]  loss=5.76e-01  l1=5.76e-01  l2=0.00e+00  psnr=15.0  cos=0.5565
[epoch 4 step 1000]  loss=5.64e-01  l1=5.64e-01  l2=0.00e+00  psnr=15.1  cos=0.5607
[epoch 4 step 1025]  loss=5.77e-01  l1=5.77e-01  l2=0.00e+00  psnr=14.8  cos=0.5660
[epoch 4 step 1050]  loss=5.34e-01  l1=5.34e-01  l2=0.00e+00  psnr=15.2  cos=0.5921
[epoch 4 step 1075]  loss=5.73e-01  l1=5.73e-01  l2=0.00e+00  psnr=14.9  cos=0.5636
[epoch 4 step 1100]  loss=5.12e-01  l1=5.12e-01  l2=0.00e+00  psnr=15.7  cos=0.5821
[epoch 4 step 1125]  loss=5.71e-01  l1=5.71e-01  l2=0.00e+00  psnr=14.7  cos=0.5806
[epoch 4 step 1150]  loss=5.65e-01  l1=5.65e-01  l2=0.00e+00  psnr=15.1  cos=0.5498
[epoch 4 step 1175]  loss=6.01e-01  l1=6.01e-01  l2=0.00e+00  psnr=14.8  cos=0.5167
[epoch 4 step 1200]  loss=5.38e-01  l1=5.38e-01  l2=0.00e+00  psnr=15.4  cos=0.5935
[epoch 4 step 1225]  loss=5.71e-01  l1=5.71e-01  l2=0.00e+00  psnr=14.9  cos=0.5660
[epoch 4 DONE]  final_loss=5.63e-01  psnr=14.87  cos=0.5660
[checkpoint] /workspace/runs/trial_toy_d3t/checkpoints/epoch_0004.pt
[val epoch 4]  latent_l1=0.5671  latent_l2=0.8271  latent_psnr=25.0987
[best] new best latent_psnr=25.0987 (prev=25.0378) -> /workspace/runs/trial_toy_d3t/checkpoints/best.pt
[epoch 5 step 000]  loss=5.87e-01  l1=5.87e-01  l2=0.00e+00  psnr=14.9  cos=0.5260
[epoch 5 step 025]  loss=5.43e-01  l1=5.43e-01  l2=0.00e+00  psnr=15.4  cos=0.5637
[epoch 5 step 050]  loss=5.52e-01  l1=5.52e-01  l2=0.00e+00  psnr=15.4  cos=0.5511
[epoch 5 step 075]  loss=5.70e-01  l1=5.70e-01  l2=0.00e+00  psnr=15.0  cos=0.5627
[epoch 5 step 100]  loss=5.72e-01  l1=5.72e-01  l2=0.00e+00  psnr=14.9  cos=0.5565
[epoch 5 step 125]  loss=5.55e-01  l1=5.55e-01  l2=0.00e+00  psnr=15.3  cos=0.5591
[epoch 5 step 150]  loss=5.98e-01  l1=5.98e-01  l2=0.00e+00  psnr=14.7  cos=0.5392
[epoch 5 step 175]  loss=5.88e-01  l1=5.88e-01  l2=0.00e+00  psnr=14.6  cos=0.5530
[epoch 5 step 200]  loss=5.89e-01  l1=5.89e-01  l2=0.00e+00  psnr=14.6  cos=0.5509
[epoch 5 step 225]  loss=6.10e-01  l1=6.10e-01  l2=0.00e+00  psnr=14.4  cos=0.5214
[epoch 5 step 250]  loss=5.57e-01  l1=5.57e-01  l2=0.00e+00  psnr=15.0  cos=0.5771
[epoch 5 step 275]  loss=5.51e-01  l1=5.51e-01  l2=0.00e+00  psnr=15.2  cos=0.5785
[epoch 5 step 300]  loss=5.86e-01  l1=5.86e-01  l2=0.00e+00  psnr=14.8  cos=0.5446
[epoch 5 step 325]  loss=5.59e-01  l1=5.59e-01  l2=0.00e+00  psnr=15.2  cos=0.5696
[epoch 5 step 350]  loss=5.86e-01  l1=5.86e-01  l2=0.00e+00  psnr=14.7  cos=0.5471
[epoch 5 step 375]  loss=5.45e-01  l1=5.45e-01  l2=0.00e+00  psnr=15.2  cos=0.5863
[epoch 5 step 400]  loss=5.67e-01  l1=5.67e-01  l2=0.00e+00  psnr=15.0  cos=0.5660
[epoch 5 step 425]  loss=5.98e-01  l1=5.98e-01  l2=0.00e+00  psnr=14.5  cos=0.5653
[epoch 5 step 450]  loss=5.61e-01  l1=5.61e-01  l2=0.00e+00  psnr=15.2  cos=0.5621
[epoch 5 step 475]  loss=5.46e-01  l1=5.46e-01  l2=0.00e+00  psnr=15.2  cos=0.5836
[epoch 5 step 500]  loss=5.63e-01  l1=5.63e-01  l2=0.00e+00  psnr=15.2  cos=0.5581
[epoch 5 step 525]  loss=5.33e-01  l1=5.33e-01  l2=0.00e+00  psnr=15.5  cos=0.5987
[epoch 5 step 550]  loss=5.67e-01  l1=5.67e-01  l2=0.00e+00  psnr=15.1  cos=0.5405
[epoch 5 step 575]  loss=5.63e-01  l1=5.63e-01  l2=0.00e+00  psnr=14.9  cos=0.5859
[epoch 5 step 600]  loss=5.52e-01  l1=5.52e-01  l2=0.00e+00  psnr=15.2  cos=0.5665
[epoch 5 step 625]  loss=5.49e-01  l1=5.49e-01  l2=0.00e+00  psnr=15.2  cos=0.5701
[epoch 5 step 650]  loss=5.50e-01  l1=5.50e-01  l2=0.00e+00  psnr=15.2  cos=0.5671
[epoch 5 step 675]  loss=5.40e-01  l1=5.40e-01  l2=0.00e+00  psnr=15.4  cos=0.5694
[epoch 5 step 700]  loss=5.34e-01  l1=5.34e-01  l2=0.00e+00  psnr=15.3  cos=0.5783
[epoch 5 step 725]  loss=5.74e-01  l1=5.74e-01  l2=0.00e+00  psnr=14.9  cos=0.5570
[epoch 5 step 750]  loss=5.58e-01  l1=5.58e-01  l2=0.00e+00  psnr=15.1  cos=0.5468
[epoch 5 step 775]  loss=5.65e-01  l1=5.65e-01  l2=0.00e+00  psnr=15.1  cos=0.5618
[epoch 5 step 800]  loss=5.33e-01  l1=5.33e-01  l2=0.00e+00  psnr=15.4  cos=0.5981
[epoch 5 step 825]  loss=5.53e-01  l1=5.53e-01  l2=0.00e+00  psnr=15.2  cos=0.5681
[epoch 5 step 850]  loss=5.76e-01  l1=5.76e-01  l2=0.00e+00  psnr=15.0  cos=0.5477
[epoch 5 step 875]  loss=5.52e-01  l1=5.52e-01  l2=0.00e+00  psnr=15.1  cos=0.5884
[epoch 5 step 900]  loss=5.12e-01  l1=5.12e-01  l2=0.00e+00  psnr=15.7  cos=0.6054
[epoch 5 step 925]  loss=5.62e-01  l1=5.62e-01  l2=0.00e+00  psnr=15.1  cos=0.5673
[epoch 5 step 950]  loss=5.64e-01  l1=5.64e-01  l2=0.00e+00  psnr=14.9  cos=0.5855
[epoch 5 step 975]  loss=5.68e-01  l1=5.68e-01  l2=0.00e+00  psnr=14.9  cos=0.5714
[epoch 5 step 1000]  loss=5.55e-01  l1=5.55e-01  l2=0.00e+00  psnr=15.4  cos=0.5519
[epoch 5 step 1025]  loss=6.04e-01  l1=6.04e-01  l2=0.00e+00  psnr=14.5  cos=0.5561
[epoch 5 step 1050]  loss=5.65e-01  l1=5.65e-01  l2=0.00e+00  psnr=14.7  cos=0.5998
[epoch 5 step 1075]  loss=5.72e-01  l1=5.72e-01  l2=0.00e+00  psnr=15.0  cos=0.5560
[epoch 5 step 1100]  loss=6.06e-01  l1=6.06e-01  l2=0.00e+00  psnr=14.4  cos=0.5376
[epoch 5 step 1125]  loss=5.54e-01  l1=5.54e-01  l2=0.00e+00  psnr=15.1  cos=0.5724
[epoch 5 step 1150]  loss=5.70e-01  l1=5.70e-01  l2=0.00e+00  psnr=15.2  cos=0.5416
[epoch 5 step 1175]  loss=5.75e-01  l1=5.75e-01  l2=0.00e+00  psnr=15.0  cos=0.5577
[epoch 5 step 1200]  loss=5.43e-01  l1=5.43e-01  l2=0.00e+00  psnr=15.3  cos=0.5822
[epoch 5 step 1225]  loss=5.84e-01  l1=5.84e-01  l2=0.00e+00  psnr=14.9  cos=0.5530
[epoch 5 DONE]  final_loss=5.72e-01  psnr=14.87  cos=0.5530
[checkpoint] /workspace/runs/trial_toy_d3t/checkpoints/epoch_0005.pt
[val epoch 5]  latent_l1=0.5642  latent_l2=0.8231  latent_psnr=25.1413
[best] new best latent_psnr=25.1413 (prev=25.0987) -> /workspace/runs/trial_toy_d3t/checkpoints/best.pt
[epoch 6 step 000]  loss=5.89e-01  l1=5.89e-01  l2=0.00e+00  psnr=14.9  cos=0.5398
[epoch 6 step 025]  loss=5.65e-01  l1=5.65e-01  l2=0.00e+00  psnr=15.0  cos=0.5595
[epoch 6 step 050]  loss=5.61e-01  l1=5.61e-01  l2=0.00e+00  psnr=15.2  cos=0.5618
[epoch 6 step 075]  loss=5.72e-01  l1=5.72e-01  l2=0.00e+00  psnr=15.1  cos=0.5599
[epoch 6 step 100]  loss=5.76e-01  l1=5.76e-01  l2=0.00e+00  psnr=15.0  cos=0.5492
[epoch 6 step 125]  loss=5.36e-01  l1=5.36e-01  l2=0.00e+00  psnr=15.4  cos=0.5822
[epoch 6 step 150]  loss=5.43e-01  l1=5.43e-01  l2=0.00e+00  psnr=15.4  cos=0.5753
[epoch 6 step 175]  loss=5.70e-01  l1=5.70e-01  l2=0.00e+00  psnr=15.0  cos=0.5546
[epoch 6 step 200]  loss=5.82e-01  l1=5.82e-01  l2=0.00e+00  psnr=14.9  cos=0.5454
[epoch 6 step 225]  loss=5.64e-01  l1=5.64e-01  l2=0.00e+00  psnr=15.2  cos=0.5594
[epoch 6 step 250]  loss=5.69e-01  l1=5.69e-01  l2=0.00e+00  psnr=14.9  cos=0.5579
[epoch 6 step 275]  loss=5.34e-01  l1=5.34e-01  l2=0.00e+00  psnr=15.6  cos=0.5967
[epoch 6 step 300]  loss=5.56e-01  l1=5.56e-01  l2=0.00e+00  psnr=15.2  cos=0.5803
[epoch 6 step 325]  loss=5.81e-01  l1=5.81e-01  l2=0.00e+00  psnr=15.0  cos=0.5424
[epoch 6 step 350]  loss=5.49e-01  l1=5.49e-01  l2=0.00e+00  psnr=15.2  cos=0.5861
[epoch 6 step 375]  loss=5.87e-01  l1=5.87e-01  l2=0.00e+00  psnr=14.8  cos=0.5390
[epoch 6 step 400]  loss=5.33e-01  l1=5.33e-01  l2=0.00e+00  psnr=15.3  cos=0.5957
[epoch 6 step 425]  loss=5.65e-01  l1=5.65e-01  l2=0.00e+00  psnr=15.1  cos=0.5602
[epoch 6 step 450]  loss=5.52e-01  l1=5.52e-01  l2=0.00e+00  psnr=15.2  cos=0.5652
[epoch 6 step 475]  loss=5.74e-01  l1=5.74e-01  l2=0.00e+00  psnr=14.8  cos=0.5743
[epoch 6 step 500]  loss=5.69e-01  l1=5.69e-01  l2=0.00e+00  psnr=14.9  cos=0.5715
[epoch 6 step 525]  loss=5.67e-01  l1=5.67e-01  l2=0.00e+00  psnr=15.0  cos=0.5589
[epoch 6 step 550]  loss=5.36e-01  l1=5.36e-01  l2=0.00e+00  psnr=15.7  cos=0.5707
[epoch 6 step 575]  loss=5.67e-01  l1=5.67e-01  l2=0.00e+00  psnr=15.0  cos=0.5629
[epoch 6 step 600]  loss=5.86e-01  l1=5.86e-01  l2=0.00e+00  psnr=14.8  cos=0.5599
[epoch 6 step 625]  loss=5.32e-01  l1=5.32e-01  l2=0.00e+00  psnr=15.2  cos=0.5999
[epoch 6 step 650]  loss=5.61e-01  l1=5.61e-01  l2=0.00e+00  psnr=15.2  cos=0.5766
[epoch 6 step 675]  loss=5.86e-01  l1=5.86e-01  l2=0.00e+00  psnr=14.7  cos=0.5483
[epoch 6 step 700]  loss=5.72e-01  l1=5.72e-01  l2=0.00e+00  psnr=14.8  cos=0.5754
[epoch 6 step 725]  loss=5.66e-01  l1=5.66e-01  l2=0.00e+00  psnr=15.2  cos=0.5412
[epoch 6 step 750]  loss=5.53e-01  l1=5.53e-01  l2=0.00e+00  psnr=15.3  cos=0.5630
[epoch 6 step 775]  loss=5.82e-01  l1=5.82e-01  l2=0.00e+00  psnr=14.9  cos=0.5440
[epoch 6 step 800]  loss=5.49e-01  l1=5.49e-01  l2=0.00e+00  psnr=15.3  cos=0.5716
[epoch 6 step 825]  loss=5.51e-01  l1=5.51e-01  l2=0.00e+00  psnr=15.3  cos=0.5725
[epoch 6 step 850]  loss=5.40e-01  l1=5.40e-01  l2=0.00e+00  psnr=15.4  cos=0.5832
[epoch 6 step 875]  loss=5.66e-01  l1=5.66e-01  l2=0.00e+00  psnr=15.1  cos=0.5555
[epoch 6 step 900]  loss=5.75e-01  l1=5.75e-01  l2=0.00e+00  psnr=15.0  cos=0.5584
[epoch 6 step 925]  loss=5.72e-01  l1=5.72e-01  l2=0.00e+00  psnr=14.9  cos=0.5631
[epoch 6 step 950]  loss=5.69e-01  l1=5.69e-01  l2=0.00e+00  psnr=14.8  cos=0.5709
[epoch 6 step 975]  loss=5.66e-01  l1=5.66e-01  l2=0.00e+00  psnr=15.1  cos=0.5719
[epoch 6 step 1000]  loss=5.31e-01  l1=5.31e-01  l2=0.00e+00  psnr=15.3  cos=0.6036
[epoch 6 step 1025]  loss=5.51e-01  l1=5.51e-01  l2=0.00e+00  psnr=15.3  cos=0.5624
[epoch 6 step 1050]  loss=5.81e-01  l1=5.81e-01  l2=0.00e+00  psnr=14.9  cos=0.5570
[epoch 6 step 1075]  loss=5.48e-01  l1=5.48e-01  l2=0.00e+00  psnr=15.4  cos=0.5742
[epoch 6 step 1100]  loss=6.18e-01  l1=6.18e-01  l2=0.00e+00  psnr=14.3  cos=0.5316
[epoch 6 step 1125]  loss=5.60e-01  l1=5.60e-01  l2=0.00e+00  psnr=15.0  cos=0.5702
[epoch 6 step 1150]  loss=5.37e-01  l1=5.37e-01  l2=0.00e+00  psnr=15.3  cos=0.6075
[epoch 6 step 1175]  loss=5.55e-01  l1=5.55e-01  l2=0.00e+00  psnr=15.2  cos=0.5656
[epoch 6 step 1200]  loss=5.73e-01  l1=5.73e-01  l2=0.00e+00  psnr=15.0  cos=0.5540
[epoch 6 step 1225]  loss=5.74e-01  l1=5.74e-01  l2=0.00e+00  psnr=14.9  cos=0.5698
[epoch 6 DONE]  final_loss=5.20e-01  psnr=14.86  cos=0.5698
[checkpoint] /workspace/runs/trial_toy_d3t/checkpoints/epoch_0006.pt
[val epoch 6]  latent_l1=0.5588  latent_l2=0.8176  latent_psnr=25.1991
[best] new best latent_psnr=25.1991 (prev=25.1413) -> /workspace/runs/trial_toy_d3t/checkpoints/best.pt
[epoch 7 step 000]  loss=5.43e-01  l1=5.43e-01  l2=0.00e+00  psnr=15.3  cos=0.5822
[epoch 7 step 025]  loss=5.57e-01  l1=5.57e-01  l2=0.00e+00  psnr=14.9  cos=0.5877
[epoch 7 step 050]  loss=5.57e-01  l1=5.57e-01  l2=0.00e+00  psnr=15.2  cos=0.5756
[epoch 7 step 075]  loss=5.22e-01  l1=5.22e-01  l2=0.00e+00  psnr=15.6  cos=0.6064
[epoch 7 step 100]  loss=5.28e-01  l1=5.28e-01  l2=0.00e+00  psnr=15.4  cos=0.5935
[epoch 7 step 125]  loss=5.32e-01  l1=5.32e-01  l2=0.00e+00  psnr=15.6  cos=0.5776
[epoch 7 step 150]  loss=5.75e-01  l1=5.75e-01  l2=0.00e+00  psnr=14.9  cos=0.5740
[epoch 7 step 175]  loss=5.80e-01  l1=5.80e-01  l2=0.00e+00  psnr=14.9  cos=0.5573
[epoch 7 step 200]  loss=5.84e-01  l1=5.84e-01  l2=0.00e+00  psnr=14.7  cos=0.5631
[epoch 7 step 225]  loss=5.75e-01  l1=5.75e-01  l2=0.00e+00  psnr=15.0  cos=0.5476
[epoch 7 step 250]  loss=5.96e-01  l1=5.96e-01  l2=0.00e+00  psnr=14.7  cos=0.5461
[epoch 7 step 275]  loss=5.47e-01  l1=5.47e-01  l2=0.00e+00  psnr=15.1  cos=0.5956
[epoch 7 step 300]  loss=5.30e-01  l1=5.30e-01  l2=0.00e+00  psnr=15.5  cos=0.5981
[epoch 7 step 325]  loss=5.62e-01  l1=5.62e-01  l2=0.00e+00  psnr=15.0  cos=0.5874
[epoch 7 step 350]  loss=5.84e-01  l1=5.84e-01  l2=0.00e+00  psnr=14.9  cos=0.5484
[epoch 7 step 375]  loss=5.80e-01  l1=5.80e-01  l2=0.00e+00  psnr=15.0  cos=0.5436
[epoch 7 step 400]  loss=4.81e-01  l1=4.81e-01  l2=0.00e+00  psnr=16.0  cos=0.6336
[epoch 7 step 425]  loss=5.99e-01  l1=5.99e-01  l2=0.00e+00  psnr=14.5  cos=0.5592
[epoch 7 step 450]  loss=5.31e-01  l1=5.31e-01  l2=0.00e+00  psnr=15.3  cos=0.5978
[epoch 7 step 475]  loss=5.51e-01  l1=5.51e-01  l2=0.00e+00  psnr=15.0  cos=0.5887
[epoch 7 step 500]  loss=5.47e-01  l1=5.47e-01  l2=0.00e+00  psnr=15.2  cos=0.5931
[epoch 7 step 525]  loss=5.46e-01  l1=5.46e-01  l2=0.00e+00  psnr=15.4  cos=0.5770
[epoch 7 step 550]  loss=5.80e-01  l1=5.80e-01  l2=0.00e+00  psnr=15.1  cos=0.5366
[epoch 7 step 575]  loss=5.86e-01  l1=5.86e-01  l2=0.00e+00  psnr=14.8  cos=0.5529
[epoch 7 step 600]  loss=5.64e-01  l1=5.64e-01  l2=0.00e+00  psnr=15.1  cos=0.5583
[epoch 7 step 625]  loss=5.39e-01  l1=5.39e-01  l2=0.00e+00  psnr=15.3  cos=0.5711
[epoch 7 step 650]  loss=5.25e-01  l1=5.25e-01  l2=0.00e+00  psnr=15.8  cos=0.5926
[epoch 7 step 675]  loss=5.99e-01  l1=5.99e-01  l2=0.00e+00  psnr=14.5  cos=0.5375
[epoch 7 step 700]  loss=5.87e-01  l1=5.87e-01  l2=0.00e+00  psnr=14.7  cos=0.5435
[epoch 7 step 725]  loss=5.51e-01  l1=5.51e-01  l2=0.00e+00  psnr=15.3  cos=0.5678
[epoch 7 step 750]  loss=5.71e-01  l1=5.71e-01  l2=0.00e+00  psnr=15.0  cos=0.5606
[epoch 7 step 775]  loss=6.19e-01  l1=6.19e-01  l2=0.00e+00  psnr=14.5  cos=0.4902
[epoch 7 step 800]  loss=5.75e-01  l1=5.75e-01  l2=0.00e+00  psnr=15.0  cos=0.5515
[epoch 7 step 825]  loss=5.59e-01  l1=5.59e-01  l2=0.00e+00  psnr=15.0  cos=0.5747
[epoch 7 step 850]  loss=5.56e-01  l1=5.56e-01  l2=0.00e+00  psnr=15.1  cos=0.5841
[epoch 7 step 875]  loss=5.45e-01  l1=5.45e-01  l2=0.00e+00  psnr=15.1  cos=0.5990
[epoch 7 step 900]  loss=5.31e-01  l1=5.31e-01  l2=0.00e+00  psnr=15.2  cos=0.6027
[epoch 7 step 925]  loss=5.76e-01  l1=5.76e-01  l2=0.00e+00  psnr=14.9  cos=0.5465
[epoch 7 step 950]  loss=5.68e-01  l1=5.68e-01  l2=0.00e+00  psnr=14.9  cos=0.5721
[epoch 7 step 975]  loss=5.74e-01  l1=5.74e-01  l2=0.00e+00  psnr=14.8  cos=0.5748
[epoch 7 step 1000]  loss=5.46e-01  l1=5.46e-01  l2=0.00e+00  psnr=15.3  cos=0.5982
[epoch 7 step 1025]  loss=5.67e-01  l1=5.67e-01  l2=0.00e+00  psnr=15.0  cos=0.5829
[epoch 7 step 1050]  loss=5.18e-01  l1=5.18e-01  l2=0.00e+00  psnr=15.4  cos=0.6007
[epoch 7 step 1075]  loss=5.67e-01  l1=5.67e-01  l2=0.00e+00  psnr=14.8  cos=0.5800
[epoch 7 step 1100]  loss=5.59e-01  l1=5.59e-01  l2=0.00e+00  psnr=15.3  cos=0.5767
[epoch 7 step 1125]  loss=5.72e-01  l1=5.72e-01  l2=0.00e+00  psnr=15.1  cos=0.5476
[epoch 7 step 1150]  loss=5.69e-01  l1=5.69e-01  l2=0.00e+00  psnr=15.1  cos=0.5536
[epoch 7 step 1175]  loss=5.55e-01  l1=5.55e-01  l2=0.00e+00  psnr=15.3  cos=0.5722
[epoch 7 step 1200]  loss=5.43e-01  l1=5.43e-01  l2=0.00e+00  psnr=15.1  cos=0.5942
[epoch 7 step 1225]  loss=5.59e-01  l1=5.59e-01  l2=0.00e+00  psnr=15.1  cos=0.5693
[epoch 7 DONE]  final_loss=5.59e-01  psnr=15.09  cos=0.5693
[checkpoint] /workspace/runs/trial_toy_d3t/checkpoints/epoch_0007.pt
[val epoch 7]  latent_l1=0.5561  latent_l2=0.8144  latent_psnr=25.2336
[best] new best latent_psnr=25.2336 (prev=25.1991) -> /workspace/runs/trial_toy_d3t/checkpoints/best.pt
[epoch 8 step 000]  loss=5.19e-01  l1=5.19e-01  l2=0.00e+00  psnr=15.7  cos=0.6068
[epoch 8 step 025]  loss=5.54e-01  l1=5.54e-01  l2=0.00e+00  psnr=15.2  cos=0.5638
[epoch 8 step 050]  loss=5.59e-01  l1=5.59e-01  l2=0.00e+00  psnr=15.2  cos=0.5620
[epoch 8 step 075]  loss=5.64e-01  l1=5.64e-01  l2=0.00e+00  psnr=15.2  cos=0.5656
[epoch 8 step 100]  loss=5.27e-01  l1=5.27e-01  l2=0.00e+00  psnr=15.6  cos=0.5928
[epoch 8 step 125]  loss=5.54e-01  l1=5.54e-01  l2=0.00e+00  psnr=15.4  cos=0.5625
[epoch 8 step 150]  loss=5.81e-01  l1=5.81e-01  l2=0.00e+00  psnr=14.9  cos=0.5424
[epoch 8 step 175]  loss=5.24e-01  l1=5.24e-01  l2=0.00e+00  psnr=15.4  cos=0.5999
[epoch 8 step 200]  loss=5.35e-01  l1=5.35e-01  l2=0.00e+00  psnr=15.3  cos=0.5988
[epoch 8 step 225]  loss=5.52e-01  l1=5.52e-01  l2=0.00e+00  psnr=15.2  cos=0.5791
[epoch 8 step 250]  loss=5.34e-01  l1=5.34e-01  l2=0.00e+00  psnr=15.4  cos=0.5922
[epoch 8 step 275]  loss=5.85e-01  l1=5.85e-01  l2=0.00e+00  psnr=14.8  cos=0.5462
[epoch 8 step 300]  loss=5.31e-01  l1=5.31e-01  l2=0.00e+00  psnr=15.4  cos=0.5967
[epoch 8 step 325]  loss=5.55e-01  l1=5.55e-01  l2=0.00e+00  psnr=15.1  cos=0.5790
[epoch 8 step 350]  loss=5.04e-01  l1=5.04e-01  l2=0.00e+00  psnr=15.7  cos=0.6302
[epoch 8 step 375]  loss=5.47e-01  l1=5.47e-01  l2=0.00e+00  psnr=15.4  cos=0.5727
[epoch 8 step 400]  loss=5.77e-01  l1=5.77e-01  l2=0.00e+00  psnr=14.8  cos=0.5614
[epoch 8 step 425]  loss=5.69e-01  l1=5.69e-01  l2=0.00e+00  psnr=14.8  cos=0.5615
[epoch 8 step 450]  loss=5.54e-01  l1=5.54e-01  l2=0.00e+00  psnr=15.3  cos=0.5834
[epoch 8 step 475]  loss=5.45e-01  l1=5.45e-01  l2=0.00e+00  psnr=15.2  cos=0.5949
[epoch 8 step 500]  loss=5.65e-01  l1=5.65e-01  l2=0.00e+00  psnr=15.1  cos=0.5638
[epoch 8 step 525]  loss=5.66e-01  l1=5.66e-01  l2=0.00e+00  psnr=15.1  cos=0.5648
[epoch 8 step 550]  loss=5.16e-01  l1=5.16e-01  l2=0.00e+00  psnr=15.6  cos=0.6089
[epoch 8 step 575]  loss=5.35e-01  l1=5.35e-01  l2=0.00e+00  psnr=15.4  cos=0.5923
[epoch 8 step 600]  loss=5.63e-01  l1=5.63e-01  l2=0.00e+00  psnr=15.0  cos=0.5792
[epoch 8 step 625]  loss=5.36e-01  l1=5.36e-01  l2=0.00e+00  psnr=15.4  cos=0.5827
[epoch 8 step 650]  loss=5.37e-01  l1=5.37e-01  l2=0.00e+00  psnr=15.3  cos=0.5995
[epoch 8 step 675]  loss=5.80e-01  l1=5.80e-01  l2=0.00e+00  psnr=14.7  cos=0.5664
[epoch 8 step 700]  loss=5.61e-01  l1=5.61e-01  l2=0.00e+00  psnr=15.3  cos=0.5694
[epoch 8 step 725]  loss=5.29e-01  l1=5.29e-01  l2=0.00e+00  psnr=15.3  cos=0.6025
[epoch 8 step 750]  loss=5.29e-01  l1=5.29e-01  l2=0.00e+00  psnr=15.5  cos=0.6102
[epoch 8 step 775]  loss=5.61e-01  l1=5.61e-01  l2=0.00e+00  psnr=15.1  cos=0.5705
[epoch 8 step 800]  loss=5.60e-01  l1=5.60e-01  l2=0.00e+00  psnr=15.2  cos=0.5712
[epoch 8 step 825]  loss=5.71e-01  l1=5.71e-01  l2=0.00e+00  psnr=14.9  cos=0.5671
[epoch 8 step 850]  loss=5.71e-01  l1=5.71e-01  l2=0.00e+00  psnr=15.1  cos=0.5544
[epoch 8 step 875]  loss=5.49e-01  l1=5.49e-01  l2=0.00e+00  psnr=15.3  cos=0.5785
[epoch 8 step 900]  loss=5.38e-01  l1=5.38e-01  l2=0.00e+00  psnr=15.4  cos=0.5912
[epoch 8 step 925]  loss=5.39e-01  l1=5.39e-01  l2=0.00e+00  psnr=15.6  cos=0.5871
[epoch 8 step 950]  loss=5.78e-01  l1=5.78e-01  l2=0.00e+00  psnr=14.8  cos=0.5749
[epoch 8 step 975]  loss=5.33e-01  l1=5.33e-01  l2=0.00e+00  psnr=15.3  cos=0.6078
[epoch 8 step 1000]  loss=5.60e-01  l1=5.60e-01  l2=0.00e+00  psnr=15.1  cos=0.5808
[epoch 8 step 1025]  loss=5.44e-01  l1=5.44e-01  l2=0.00e+00  psnr=15.2  cos=0.6129
[epoch 8 step 1050]  loss=5.40e-01  l1=5.40e-01  l2=0.00e+00  psnr=15.4  cos=0.5942
[epoch 8 step 1075]  loss=5.55e-01  l1=5.55e-01  l2=0.00e+00  psnr=15.1  cos=0.5790
[epoch 8 step 1100]  loss=5.32e-01  l1=5.32e-01  l2=0.00e+00  psnr=15.7  cos=0.5862
[epoch 8 step 1125]  loss=5.19e-01  l1=5.19e-01  l2=0.00e+00  psnr=15.6  cos=0.6138
[epoch 8 step 1150]  loss=5.87e-01  l1=5.87e-01  l2=0.00e+00  psnr=14.9  cos=0.5492
[epoch 8 step 1175]  loss=5.58e-01  l1=5.58e-01  l2=0.00e+00  psnr=15.1  cos=0.5753
[epoch 8 step 1200]  loss=6.14e-01  l1=6.14e-01  l2=0.00e+00  psnr=14.5  cos=0.5373
[epoch 8 step 1225]  loss=5.57e-01  l1=5.57e-01  l2=0.00e+00  psnr=15.2  cos=0.5722
[epoch 8 DONE]  final_loss=5.59e-01  psnr=15.23  cos=0.5722
[checkpoint] /workspace/runs/trial_toy_d3t/checkpoints/epoch_0008.pt
[val epoch 8]  latent_l1=0.5521  latent_l2=0.8109  latent_psnr=25.2713
[best] new best latent_psnr=25.2713 (prev=25.2336) -> /workspace/runs/trial_toy_d3t/checkpoints/best.pt
[epoch 9 step 000]  loss=5.40e-01  l1=5.40e-01  l2=0.00e+00  psnr=15.3  cos=0.5957
[epoch 9 step 025]  loss=6.00e-01  l1=6.00e-01  l2=0.00e+00  psnr=14.6  cos=0.5549
[epoch 9 step 050]  loss=5.81e-01  l1=5.81e-01  l2=0.00e+00  psnr=14.7  cos=0.5634
[epoch 9 step 075]  loss=5.68e-01  l1=5.68e-01  l2=0.00e+00  psnr=14.9  cos=0.5685
[epoch 9 step 100]  loss=5.32e-01  l1=5.32e-01  l2=0.00e+00  psnr=15.6  cos=0.5915
[epoch 9 step 125]  loss=5.69e-01  l1=5.69e-01  l2=0.00e+00  psnr=15.0  cos=0.5773
[epoch 9 step 150]  loss=5.38e-01  l1=5.38e-01  l2=0.00e+00  psnr=15.5  cos=0.5887
[epoch 9 step 175]  loss=5.56e-01  l1=5.56e-01  l2=0.00e+00  psnr=15.1  cos=0.6017
[epoch 9 step 200]  loss=5.27e-01  l1=5.27e-01  l2=0.00e+00  psnr=15.4  cos=0.6019
[epoch 9 step 225]  loss=5.61e-01  l1=5.61e-01  l2=0.00e+00  psnr=15.0  cos=0.5845
[epoch 9 step 250]  loss=5.20e-01  l1=5.20e-01  l2=0.00e+00  psnr=15.3  cos=0.6362
[epoch 9 step 275]  loss=5.27e-01  l1=5.27e-01  l2=0.00e+00  psnr=15.5  cos=0.6040
[epoch 9 step 300]  loss=5.66e-01  l1=5.66e-01  l2=0.00e+00  psnr=15.3  cos=0.5551
[epoch 9 step 325]  loss=5.44e-01  l1=5.44e-01  l2=0.00e+00  psnr=15.2  cos=0.5841
[epoch 9 step 350]  loss=5.44e-01  l1=5.44e-01  l2=0.00e+00  psnr=15.5  cos=0.5769
[epoch 9 step 375]  loss=5.72e-01  l1=5.72e-01  l2=0.00e+00  psnr=15.1  cos=0.5553
[epoch 9 step 400]  loss=5.10e-01  l1=5.10e-01  l2=0.00e+00  psnr=15.8  cos=0.6243
[epoch 9 step 425]  loss=5.43e-01  l1=5.43e-01  l2=0.00e+00  psnr=15.3  cos=0.5952
[epoch 9 step 450]  loss=5.75e-01  l1=5.75e-01  l2=0.00e+00  psnr=14.8  cos=0.5778
[epoch 9 step 475]  loss=5.41e-01  l1=5.41e-01  l2=0.00e+00  psnr=15.0  cos=0.6144
[epoch 9 step 500]  loss=5.52e-01  l1=5.52e-01  l2=0.00e+00  psnr=15.1  cos=0.6018
[epoch 9 step 525]  loss=5.81e-01  l1=5.81e-01  l2=0.00e+00  psnr=14.8  cos=0.5596
[epoch 9 step 550]  loss=5.34e-01  l1=5.34e-01  l2=0.00e+00  psnr=15.6  cos=0.5887
[epoch 9 step 575]  loss=5.70e-01  l1=5.70e-01  l2=0.00e+00  psnr=15.0  cos=0.5839
[epoch 9 step 600]  loss=5.84e-01  l1=5.84e-01  l2=0.00e+00  psnr=14.7  cos=0.5666
[epoch 9 step 625]  loss=5.34e-01  l1=5.34e-01  l2=0.00e+00  psnr=15.4  cos=0.5954
[epoch 9 step 650]  loss=5.42e-01  l1=5.42e-01  l2=0.00e+00  psnr=15.3  cos=0.6052
[epoch 9 step 675]  loss=5.56e-01  l1=5.56e-01  l2=0.00e+00  psnr=15.2  cos=0.5726
[epoch 9 step 700]  loss=5.83e-01  l1=5.83e-01  l2=0.00e+00  psnr=14.7  cos=0.5714
[epoch 9 step 725]  loss=5.66e-01  l1=5.66e-01  l2=0.00e+00  psnr=15.1  cos=0.5618
[epoch 9 step 750]  loss=5.70e-01  l1=5.70e-01  l2=0.00e+00  psnr=14.9  cos=0.5874
[epoch 9 step 775]  loss=5.51e-01  l1=5.51e-01  l2=0.00e+00  psnr=15.3  cos=0.5946
[epoch 9 step 800]  loss=5.53e-01  l1=5.53e-01  l2=0.00e+00  psnr=15.4  cos=0.5751
[epoch 9 step 825]  loss=5.56e-01  l1=5.56e-01  l2=0.00e+00  psnr=15.1  cos=0.5830
[epoch 9 step 850]  loss=5.81e-01  l1=5.81e-01  l2=0.00e+00  psnr=14.9  cos=0.5350
[epoch 9 step 875]  loss=5.53e-01  l1=5.53e-01  l2=0.00e+00  psnr=15.3  cos=0.5729
[epoch 9 step 900]  loss=5.63e-01  l1=5.63e-01  l2=0.00e+00  psnr=15.1  cos=0.5670
[epoch 9 step 925]  loss=5.51e-01  l1=5.51e-01  l2=0.00e+00  psnr=15.2  cos=0.5956
[epoch 9 step 950]  loss=5.44e-01  l1=5.44e-01  l2=0.00e+00  psnr=15.3  cos=0.5881
[epoch 9 step 975]  loss=5.88e-01  l1=5.88e-01  l2=0.00e+00  psnr=14.8  cos=0.5646
[epoch 9 step 1000]  loss=5.59e-01  l1=5.59e-01  l2=0.00e+00  psnr=15.1  cos=0.5790
[epoch 9 step 1025]  loss=5.70e-01  l1=5.70e-01  l2=0.00e+00  psnr=14.9  cos=0.5862
[epoch 9 step 1050]  loss=6.33e-01  l1=6.33e-01  l2=0.00e+00  psnr=14.1  cos=0.5330
[epoch 9 step 1075]  loss=6.08e-01  l1=6.08e-01  l2=0.00e+00  psnr=14.4  cos=0.5310
[epoch 9 step 1100]  loss=5.42e-01  l1=5.42e-01  l2=0.00e+00  psnr=15.2  cos=0.5909
[epoch 9 step 1125]  loss=5.55e-01  l1=5.55e-01  l2=0.00e+00  psnr=15.3  cos=0.5766
[epoch 9 step 1150]  loss=5.45e-01  l1=5.45e-01  l2=0.00e+00  psnr=15.4  cos=0.5878
[epoch 9 step 1175]  loss=5.29e-01  l1=5.29e-01  l2=0.00e+00  psnr=15.6  cos=0.6037
[epoch 9 step 1200]  loss=5.52e-01  l1=5.52e-01  l2=0.00e+00  psnr=15.4  cos=0.5711
[epoch 9 step 1225]  loss=5.51e-01  l1=5.51e-01  l2=0.00e+00  psnr=15.3  cos=0.5834
[epoch 9 DONE]  final_loss=5.42e-01  psnr=15.29  cos=0.5834
[checkpoint] /workspace/runs/trial_toy_d3t/checkpoints/epoch_0009.pt
[val epoch 9]  latent_l1=0.5493  latent_l2=0.8072  latent_psnr=25.3115
[best] new best latent_psnr=25.3115 (prev=25.2713) -> /workspace/runs/trial_toy_d3t/checkpoints/best.pt
[epoch 10 step 000]  loss=5.82e-01  l1=5.82e-01  l2=0.00e+00  psnr=14.8  cos=0.5569
[epoch 10 step 025]  loss=5.48e-01  l1=5.48e-01  l2=0.00e+00  psnr=15.2  cos=0.5886
[epoch 10 step 050]  loss=5.53e-01  l1=5.53e-01  l2=0.00e+00  psnr=15.1  cos=0.6048
[epoch 10 step 075]  loss=5.62e-01  l1=5.62e-01  l2=0.00e+00  psnr=14.8  cos=0.5996
[epoch 10 step 100]  loss=5.18e-01  l1=5.18e-01  l2=0.00e+00  psnr=15.7  cos=0.5977
[epoch 10 step 125]  loss=5.74e-01  l1=5.74e-01  l2=0.00e+00  psnr=14.9  cos=0.5708
[epoch 10 step 150]  loss=5.43e-01  l1=5.43e-01  l2=0.00e+00  psnr=15.5  cos=0.5874
[epoch 10 step 175]  loss=5.05e-01  l1=5.05e-01  l2=0.00e+00  psnr=15.7  cos=0.6203
[epoch 10 step 200]  loss=5.34e-01  l1=5.34e-01  l2=0.00e+00  psnr=15.5  cos=0.6046
[epoch 10 step 225]  loss=5.59e-01  l1=5.59e-01  l2=0.00e+00  psnr=15.0  cos=0.5821
[epoch 10 step 250]  loss=5.51e-01  l1=5.51e-01  l2=0.00e+00  psnr=15.2  cos=0.5928
[epoch 10 step 275]  loss=5.26e-01  l1=5.26e-01  l2=0.00e+00  psnr=15.6  cos=0.5924
[epoch 10 step 300]  loss=5.50e-01  l1=5.50e-01  l2=0.00e+00  psnr=15.3  cos=0.5843
[epoch 10 step 325]  loss=5.38e-01  l1=5.38e-01  l2=0.00e+00  psnr=15.7  cos=0.5875
[epoch 10 step 350]  loss=5.42e-01  l1=5.42e-01  l2=0.00e+00  psnr=15.3  cos=0.5858
[epoch 10 step 375]  loss=5.25e-01  l1=5.25e-01  l2=0.00e+00  psnr=15.5  cos=0.6215
[epoch 10 step 400]  loss=5.51e-01  l1=5.51e-01  l2=0.00e+00  psnr=15.1  cos=0.5974
[epoch 10 step 425]  loss=5.33e-01  l1=5.33e-01  l2=0.00e+00  psnr=15.5  cos=0.6106
[epoch 10 step 450]  loss=5.55e-01  l1=5.55e-01  l2=0.00e+00  psnr=15.0  cos=0.5790
[epoch 10 step 475]  loss=5.24e-01  l1=5.24e-01  l2=0.00e+00  psnr=15.7  cos=0.6029
[epoch 10 step 500]  loss=5.39e-01  l1=5.39e-01  l2=0.00e+00  psnr=15.2  cos=0.6027
[epoch 10 step 525]  loss=5.12e-01  l1=5.12e-01  l2=0.00e+00  psnr=15.8  cos=0.6111
[epoch 10 step 550]  loss=5.18e-01  l1=5.18e-01  l2=0.00e+00  psnr=15.7  cos=0.5971
[epoch 10 step 575]  loss=5.32e-01  l1=5.32e-01  l2=0.00e+00  psnr=15.5  cos=0.6057
[epoch 10 step 600]  loss=5.59e-01  l1=5.59e-01  l2=0.00e+00  psnr=15.3  cos=0.5830
[epoch 10 step 625]  loss=5.58e-01  l1=5.58e-01  l2=0.00e+00  psnr=15.1  cos=0.5699
[epoch 10 step 650]  loss=5.49e-01  l1=5.49e-01  l2=0.00e+00  psnr=15.3  cos=0.5816
[epoch 10 step 675]  loss=5.55e-01  l1=5.55e-01  l2=0.00e+00  psnr=15.0  cos=0.5919
[epoch 10 step 700]  loss=5.62e-01  l1=5.62e-01  l2=0.00e+00  psnr=15.2  cos=0.5765
[epoch 10 step 725]  loss=5.63e-01  l1=5.63e-01  l2=0.00e+00  psnr=15.1  cos=0.5813
[epoch 10 step 750]  loss=5.20e-01  l1=5.20e-01  l2=0.00e+00  psnr=15.8  cos=0.6057
[epoch 10 step 775]  loss=5.58e-01  l1=5.58e-01  l2=0.00e+00  psnr=14.9  cos=0.6001
[epoch 10 step 800]  loss=5.60e-01  l1=5.60e-01  l2=0.00e+00  psnr=15.1  cos=0.5880
[epoch 10 step 825]  loss=5.43e-01  l1=5.43e-01  l2=0.00e+00  psnr=15.4  cos=0.5827
[epoch 10 step 850]  loss=5.60e-01  l1=5.60e-01  l2=0.00e+00  psnr=15.1  cos=0.5777
[epoch 10 step 875]  loss=5.24e-01  l1=5.24e-01  l2=0.00e+00  psnr=15.6  cos=0.6033
[epoch 10 step 900]  loss=5.58e-01  l1=5.58e-01  l2=0.00e+00  psnr=15.2  cos=0.5690
[epoch 10 step 925]  loss=5.27e-01  l1=5.27e-01  l2=0.00e+00  psnr=15.8  cos=0.6001
[epoch 10 step 950]  loss=5.07e-01  l1=5.07e-01  l2=0.00e+00  psnr=15.8  cos=0.6177
[epoch 10 step 975]  loss=5.58e-01  l1=5.58e-01  l2=0.00e+00  psnr=15.3  cos=0.5705
[epoch 10 step 1000]  loss=5.72e-01  l1=5.72e-01  l2=0.00e+00  psnr=14.9  cos=0.5518
[epoch 10 step 1025]  loss=5.34e-01  l1=5.34e-01  l2=0.00e+00  psnr=15.4  cos=0.6011
[epoch 10 step 1050]  loss=5.54e-01  l1=5.54e-01  l2=0.00e+00  psnr=15.3  cos=0.5801
[epoch 10 step 1075]  loss=5.23e-01  l1=5.23e-01  l2=0.00e+00  psnr=15.7  cos=0.6028
[epoch 10 step 1100]  loss=5.82e-01  l1=5.82e-01  l2=0.00e+00  psnr=14.9  cos=0.5689
[epoch 10 step 1125]  loss=5.61e-01  l1=5.61e-01  l2=0.00e+00  psnr=15.1  cos=0.5828
[epoch 10 step 1150]  loss=4.88e-01  l1=4.88e-01  l2=0.00e+00  psnr=15.9  cos=0.6520
[epoch 10 step 1175]  loss=5.74e-01  l1=5.74e-01  l2=0.00e+00  psnr=14.8  cos=0.5788
[epoch 10 step 1200]  loss=5.57e-01  l1=5.57e-01  l2=0.00e+00  psnr=15.3  cos=0.5629
[epoch 10 step 1225]  loss=5.46e-01  l1=5.46e-01  l2=0.00e+00  psnr=15.4  cos=0.5819
[epoch 10 DONE]  final_loss=5.22e-01  psnr=15.36  cos=0.5819
[checkpoint] /workspace/runs/trial_toy_d3t/checkpoints/epoch_0010.pt
[val epoch 10]  latent_l1=0.5469  latent_l2=0.8052  latent_psnr=25.3328
[best] new best latent_psnr=25.3328 (prev=25.3115) -> /workspace/runs/trial_toy_d3t/checkpoints/best.pt
[epoch 11 step 000]  loss=5.43e-01  l1=5.43e-01  l2=0.00e+00  psnr=15.4  cos=0.5937
[epoch 11 step 025]  loss=5.67e-01  l1=5.67e-01  l2=0.00e+00  psnr=15.1  cos=0.5765
[epoch 11 step 050]  loss=5.79e-01  l1=5.79e-01  l2=0.00e+00  psnr=14.9  cos=0.5564
[epoch 11 step 075]  loss=5.49e-01  l1=5.49e-01  l2=0.00e+00  psnr=15.2  cos=0.5796
[epoch 11 step 100]  loss=5.91e-01  l1=5.91e-01  l2=0.00e+00  psnr=14.9  cos=0.5431
[epoch 11 step 125]  loss=5.57e-01  l1=5.57e-01  l2=0.00e+00  psnr=15.0  cos=0.5806
[epoch 11 step 150]  loss=5.57e-01  l1=5.57e-01  l2=0.00e+00  psnr=15.1  cos=0.5959
[epoch 11 step 175]  loss=5.61e-01  l1=5.61e-01  l2=0.00e+00  psnr=14.9  cos=0.5771
[epoch 11 step 200]  loss=5.24e-01  l1=5.24e-01  l2=0.00e+00  psnr=15.6  cos=0.6160
[epoch 11 step 225]  loss=5.86e-01  l1=5.86e-01  l2=0.00e+00  psnr=14.7  cos=0.5647
[epoch 11 step 250]  loss=5.28e-01  l1=5.28e-01  l2=0.00e+00  psnr=15.4  cos=0.6123
[epoch 11 step 275]  loss=5.36e-01  l1=5.36e-01  l2=0.00e+00  psnr=15.2  cos=0.6056
[epoch 11 step 300]  loss=5.55e-01  l1=5.55e-01  l2=0.00e+00  psnr=15.2  cos=0.5736
[epoch 11 step 325]  loss=5.30e-01  l1=5.30e-01  l2=0.00e+00  psnr=15.7  cos=0.5904
[epoch 11 step 350]  loss=5.15e-01  l1=5.15e-01  l2=0.00e+00  psnr=15.8  cos=0.6155
[epoch 11 step 375]  loss=5.63e-01  l1=5.63e-01  l2=0.00e+00  psnr=15.0  cos=0.5791
[epoch 11 step 400]  loss=5.60e-01  l1=5.60e-01  l2=0.00e+00  psnr=15.1  cos=0.5902
[epoch 11 step 425]  loss=5.79e-01  l1=5.79e-01  l2=0.00e+00  psnr=15.0  cos=0.5537
[epoch 11 step 450]  loss=5.59e-01  l1=5.59e-01  l2=0.00e+00  psnr=15.3  cos=0.5645
[epoch 11 step 475]  loss=5.25e-01  l1=5.25e-01  l2=0.00e+00  psnr=15.3  cos=0.6239
[epoch 11 step 500]  loss=5.42e-01  l1=5.42e-01  l2=0.00e+00  psnr=15.4  cos=0.5933
[epoch 11 step 525]  loss=5.43e-01  l1=5.43e-01  l2=0.00e+00  psnr=15.2  cos=0.6064
[epoch 11 step 550]  loss=5.47e-01  l1=5.47e-01  l2=0.00e+00  psnr=15.3  cos=0.5919
[epoch 11 step 575]  loss=5.45e-01  l1=5.45e-01  l2=0.00e+00  psnr=15.4  cos=0.5740
[epoch 11 step 600]  loss=5.47e-01  l1=5.47e-01  l2=0.00e+00  psnr=15.3  cos=0.5855
[epoch 11 step 625]  loss=5.47e-01  l1=5.47e-01  l2=0.00e+00  psnr=15.3  cos=0.5793
[epoch 11 step 650]  loss=5.35e-01  l1=5.35e-01  l2=0.00e+00  psnr=15.4  cos=0.5965
[epoch 11 step 675]  loss=5.65e-01  l1=5.65e-01  l2=0.00e+00  psnr=15.2  cos=0.5551
[epoch 11 step 700]  loss=5.43e-01  l1=5.43e-01  l2=0.00e+00  psnr=15.3  cos=0.5925
[epoch 11 step 725]  loss=5.59e-01  l1=5.59e-01  l2=0.00e+00  psnr=15.2  cos=0.5784
[epoch 11 step 750]  loss=5.71e-01  l1=5.71e-01  l2=0.00e+00  psnr=15.0  cos=0.5620
[epoch 11 step 775]  loss=5.42e-01  l1=5.42e-01  l2=0.00e+00  psnr=15.1  cos=0.5989
[epoch 11 step 800]  loss=5.52e-01  l1=5.52e-01  l2=0.00e+00  psnr=15.4  cos=0.5673
[epoch 11 step 825]  loss=5.37e-01  l1=5.37e-01  l2=0.00e+00  psnr=15.4  cos=0.6024
[epoch 11 step 850]  loss=5.68e-01  l1=5.68e-01  l2=0.00e+00  psnr=14.8  cos=0.5704
[epoch 11 step 875]  loss=5.39e-01  l1=5.39e-01  l2=0.00e+00  psnr=15.3  cos=0.5910
[epoch 11 step 900]  loss=5.59e-01  l1=5.59e-01  l2=0.00e+00  psnr=15.3  cos=0.5680
[epoch 11 step 925]  loss=5.49e-01  l1=5.49e-01  l2=0.00e+00  psnr=15.2  cos=0.5911
[epoch 11 step 950]  loss=5.39e-01  l1=5.39e-01  l2=0.00e+00  psnr=15.3  cos=0.5998
[epoch 11 step 975]  loss=5.36e-01  l1=5.36e-01  l2=0.00e+00  psnr=15.5  cos=0.5984
[epoch 11 step 1000]  loss=5.61e-01  l1=5.61e-01  l2=0.00e+00  psnr=15.1  cos=0.5837
[epoch 11 step 1025]  loss=5.13e-01  l1=5.13e-01  l2=0.00e+00  psnr=15.9  cos=0.6230
[epoch 11 step 1050]  loss=5.54e-01  l1=5.54e-01  l2=0.00e+00  psnr=15.5  cos=0.5758
[epoch 11 step 1075]  loss=5.43e-01  l1=5.43e-01  l2=0.00e+00  psnr=15.2  cos=0.6116
[epoch 11 step 1100]  loss=5.38e-01  l1=5.38e-01  l2=0.00e+00  psnr=15.4  cos=0.6056
[epoch 11 step 1125]  loss=5.66e-01  l1=5.66e-01  l2=0.00e+00  psnr=15.0  cos=0.5852
[epoch 11 step 1150]  loss=5.43e-01  l1=5.43e-01  l2=0.00e+00  psnr=15.5  cos=0.5891
[epoch 11 step 1175]  loss=5.69e-01  l1=5.69e-01  l2=0.00e+00  psnr=15.1  cos=0.5581
[epoch 11 step 1200]  loss=5.73e-01  l1=5.73e-01  l2=0.00e+00  psnr=15.0  cos=0.5600
[epoch 11 step 1225]  loss=5.02e-01  l1=5.02e-01  l2=0.00e+00  psnr=15.8  cos=0.6424
[epoch 11 DONE]  final_loss=5.27e-01  psnr=15.78  cos=0.6424
[checkpoint] /workspace/runs/trial_toy_d3t/checkpoints/epoch_0011.pt
[val epoch 11]  latent_l1=0.5447  latent_l2=0.8022  latent_psnr=25.3658
[best] new best latent_psnr=25.3658 (prev=25.3328) -> /workspace/runs/trial_toy_d3t/checkpoints/best.pt
[epoch 12 step 000]  loss=5.93e-01  l1=5.93e-01  l2=0.00e+00  psnr=14.6  cos=0.5671
[epoch 12 step 025]  loss=5.68e-01  l1=5.68e-01  l2=0.00e+00  psnr=15.1  cos=0.5708
[epoch 12 step 050]  loss=5.78e-01  l1=5.78e-01  l2=0.00e+00  psnr=15.0  cos=0.5542
[epoch 12 step 075]  loss=5.68e-01  l1=5.68e-01  l2=0.00e+00  psnr=15.0  cos=0.5731
[epoch 12 step 100]  loss=5.25e-01  l1=5.25e-01  l2=0.00e+00  psnr=15.6  cos=0.6015
[epoch 12 step 125]  loss=5.42e-01  l1=5.42e-01  l2=0.00e+00  psnr=15.5  cos=0.5901
[epoch 12 step 150]  loss=5.61e-01  l1=5.61e-01  l2=0.00e+00  psnr=15.1  cos=0.5931
[epoch 12 step 175]  loss=5.63e-01  l1=5.63e-01  l2=0.00e+00  psnr=15.2  cos=0.5706
[epoch 12 step 200]  loss=5.58e-01  l1=5.58e-01  l2=0.00e+00  psnr=15.0  cos=0.5854
[epoch 12 step 225]  loss=5.71e-01  l1=5.71e-01  l2=0.00e+00  psnr=14.9  cos=0.5919
[epoch 12 step 250]  loss=5.52e-01  l1=5.52e-01  l2=0.00e+00  psnr=15.4  cos=0.5810
[epoch 12 step 275]  loss=5.63e-01  l1=5.63e-01  l2=0.00e+00  psnr=15.0  cos=0.5852
[epoch 12 step 300]  loss=5.25e-01  l1=5.25e-01  l2=0.00e+00  psnr=15.2  cos=0.6273
[epoch 12 step 325]  loss=5.63e-01  l1=5.63e-01  l2=0.00e+00  psnr=15.0  cos=0.5835
[epoch 12 step 350]  loss=5.43e-01  l1=5.43e-01  l2=0.00e+00  psnr=15.4  cos=0.5944
[epoch 12 step 375]  loss=5.53e-01  l1=5.53e-01  l2=0.00e+00  psnr=15.0  cos=0.5996
[epoch 12 step 400]  loss=5.35e-01  l1=5.35e-01  l2=0.00e+00  psnr=15.3  cos=0.5970
[epoch 12 step 425]  loss=5.44e-01  l1=5.44e-01  l2=0.00e+00  psnr=15.4  cos=0.5894
[epoch 12 step 450]  loss=5.52e-01  l1=5.52e-01  l2=0.00e+00  psnr=15.1  cos=0.5950
[epoch 12 step 475]  loss=5.32e-01  l1=5.32e-01  l2=0.00e+00  psnr=15.4  cos=0.6030
[epoch 12 step 500]  loss=5.55e-01  l1=5.55e-01  l2=0.00e+00  psnr=15.4  cos=0.5758
[epoch 12 step 525]  loss=5.25e-01  l1=5.25e-01  l2=0.00e+00  psnr=15.6  cos=0.6036
[epoch 12 step 550]  loss=5.38e-01  l1=5.38e-01  l2=0.00e+00  psnr=15.6  cos=0.5899
[epoch 12 step 575]  loss=5.42e-01  l1=5.42e-01  l2=0.00e+00  psnr=15.4  cos=0.6009
[epoch 12 step 600]  loss=5.82e-01  l1=5.82e-01  l2=0.00e+00  psnr=14.6  cos=0.5882
[epoch 12 step 625]  loss=5.29e-01  l1=5.29e-01  l2=0.00e+00  psnr=15.3  cos=0.6124
[epoch 12 step 650]  loss=5.32e-01  l1=5.32e-01  l2=0.00e+00  psnr=15.8  cos=0.5783
[epoch 12 step 675]  loss=5.74e-01  l1=5.74e-01  l2=0.00e+00  psnr=14.8  cos=0.5880
[epoch 12 step 700]  loss=5.87e-01  l1=5.87e-01  l2=0.00e+00  psnr=14.6  cos=0.5531
[epoch 12 step 725]  loss=5.43e-01  l1=5.43e-01  l2=0.00e+00  psnr=15.4  cos=0.5870
[epoch 12 step 750]  loss=5.41e-01  l1=5.41e-01  l2=0.00e+00  psnr=15.2  cos=0.6155
[epoch 12 step 775]  loss=5.73e-01  l1=5.73e-01  l2=0.00e+00  psnr=15.0  cos=0.5840
[epoch 12 step 800]  loss=5.83e-01  l1=5.83e-01  l2=0.00e+00  psnr=14.9  cos=0.5697
[epoch 12 step 825]  loss=5.45e-01  l1=5.45e-01  l2=0.00e+00  psnr=15.3  cos=0.6058
[epoch 12 step 850]  loss=5.72e-01  l1=5.72e-01  l2=0.00e+00  psnr=14.9  cos=0.5903
[epoch 12 step 875]  loss=5.53e-01  l1=5.53e-01  l2=0.00e+00  psnr=15.1  cos=0.5909
[epoch 12 step 900]  loss=5.24e-01  l1=5.24e-01  l2=0.00e+00  psnr=15.6  cos=0.6078
[epoch 12 step 925]  loss=5.18e-01  l1=5.18e-01  l2=0.00e+00  psnr=15.8  cos=0.6075
[epoch 12 step 950]  loss=5.25e-01  l1=5.25e-01  l2=0.00e+00  psnr=15.7  cos=0.5987
[epoch 12 step 975]  loss=5.36e-01  l1=5.36e-01  l2=0.00e+00  psnr=15.6  cos=0.6037
[epoch 12 step 1000]  loss=5.91e-01  l1=5.91e-01  l2=0.00e+00  psnr=14.4  cos=0.5901
[epoch 12 step 1025]  loss=5.48e-01  l1=5.48e-01  l2=0.00e+00  psnr=15.1  cos=0.5972
[epoch 12 step 1050]  loss=5.60e-01  l1=5.60e-01  l2=0.00e+00  psnr=15.0  cos=0.5844
[epoch 12 step 1075]  loss=5.66e-01  l1=5.66e-01  l2=0.00e+00  psnr=15.1  cos=0.5773
[epoch 12 step 1100]  loss=5.45e-01  l1=5.45e-01  l2=0.00e+00  psnr=15.4  cos=0.5878
[epoch 12 step 1125]  loss=5.78e-01  l1=5.78e-01  l2=0.00e+00  psnr=14.7  cos=0.5812
[epoch 12 step 1150]  loss=5.83e-01  l1=5.83e-01  l2=0.00e+00  psnr=14.8  cos=0.5590
[epoch 12 step 1175]  loss=5.44e-01  l1=5.44e-01  l2=0.00e+00  psnr=15.1  cos=0.6203
[epoch 12 step 1200]  loss=5.36e-01  l1=5.36e-01  l2=0.00e+00  psnr=15.3  cos=0.5919
[epoch 12 step 1225]  loss=5.23e-01  l1=5.23e-01  l2=0.00e+00  psnr=15.6  cos=0.6129
[epoch 12 DONE]  final_loss=5.85e-01  psnr=15.58  cos=0.6129
[checkpoint] /workspace/runs/trial_toy_d3t/checkpoints/epoch_0012.pt
[val epoch 12]  latent_l1=0.5430  latent_l2=0.8009  latent_psnr=25.3804
[best] new best latent_psnr=25.3804 (prev=25.3658) -> /workspace/runs/trial_toy_d3t/checkpoints/best.pt
[epoch 13 step 000]  loss=5.72e-01  l1=5.72e-01  l2=0.00e+00  psnr=14.8  cos=0.5827
[epoch 13 step 025]  loss=5.55e-01  l1=5.55e-01  l2=0.00e+00  psnr=15.1  cos=0.5815
[epoch 13 step 050]  loss=5.54e-01  l1=5.54e-01  l2=0.00e+00  psnr=15.3  cos=0.5823
[epoch 13 step 075]  loss=5.26e-01  l1=5.26e-01  l2=0.00e+00  psnr=15.5  cos=0.6144
[epoch 13 step 100]  loss=5.32e-01  l1=5.32e-01  l2=0.00e+00  psnr=15.5  cos=0.6046
[epoch 13 step 125]  loss=5.42e-01  l1=5.42e-01  l2=0.00e+00  psnr=15.3  cos=0.6027
[epoch 13 step 150]  loss=5.98e-01  l1=5.98e-01  l2=0.00e+00  psnr=14.8  cos=0.5470
[epoch 13 step 175]  loss=5.32e-01  l1=5.32e-01  l2=0.00e+00  psnr=15.6  cos=0.5988
[epoch 13 step 200]  loss=5.63e-01  l1=5.63e-01  l2=0.00e+00  psnr=15.0  cos=0.5919
[epoch 13 step 225]  loss=5.25e-01  l1=5.25e-01  l2=0.00e+00  psnr=15.4  cos=0.6049
[epoch 13 step 250]  loss=5.36e-01  l1=5.36e-01  l2=0.00e+00  psnr=15.3  cos=0.6008
[epoch 13 step 275]  loss=5.75e-01  l1=5.75e-01  l2=0.00e+00  psnr=14.8  cos=0.5823
[epoch 13 step 300]  loss=5.56e-01  l1=5.56e-01  l2=0.00e+00  psnr=15.2  cos=0.5780
[epoch 13 step 325]  loss=5.20e-01  l1=5.20e-01  l2=0.00e+00  psnr=15.4  cos=0.6244
[epoch 13 step 350]  loss=5.48e-01  l1=5.48e-01  l2=0.00e+00  psnr=15.2  cos=0.5996
[epoch 13 step 375]  loss=5.34e-01  l1=5.34e-01  l2=0.00e+00  psnr=15.3  cos=0.5920
[epoch 13 step 400]  loss=4.99e-01  l1=4.99e-01  l2=0.00e+00  psnr=16.0  cos=0.6354
[epoch 13 step 425]  loss=5.30e-01  l1=5.30e-01  l2=0.00e+00  psnr=15.4  cos=0.6047
[epoch 13 step 450]  loss=5.49e-01  l1=5.49e-01  l2=0.00e+00  psnr=15.1  cos=0.6009
[epoch 13 step 475]  loss=4.64e-01  l1=4.64e-01  l2=0.00e+00  psnr=16.4  cos=0.6478
[epoch 13 step 500]  loss=5.00e-01  l1=5.00e-01  l2=0.00e+00  psnr=15.7  cos=0.6295
[epoch 13 step 525]  loss=5.59e-01  l1=5.59e-01  l2=0.00e+00  psnr=15.1  cos=0.5950
[epoch 13 step 550]  loss=5.53e-01  l1=5.53e-01  l2=0.00e+00  psnr=15.2  cos=0.5907
[epoch 13 step 575]  loss=5.57e-01  l1=5.57e-01  l2=0.00e+00  psnr=15.1  cos=0.5788
[epoch 13 step 600]  loss=5.71e-01  l1=5.71e-01  l2=0.00e+00  psnr=14.9  cos=0.5787
[epoch 13 step 625]  loss=5.21e-01  l1=5.21e-01  l2=0.00e+00  psnr=15.5  cos=0.6177
[epoch 13 step 650]  loss=5.37e-01  l1=5.37e-01  l2=0.00e+00  psnr=15.4  cos=0.5901
[epoch 13 step 675]  loss=5.31e-01  l1=5.31e-01  l2=0.00e+00  psnr=15.6  cos=0.6031
[epoch 13 step 700]  loss=5.26e-01  l1=5.26e-01  l2=0.00e+00  psnr=15.3  cos=0.6348
[epoch 13 step 725]  loss=5.17e-01  l1=5.17e-01  l2=0.00e+00  psnr=15.6  cos=0.6272
[epoch 13 step 750]  loss=5.90e-01  l1=5.90e-01  l2=0.00e+00  psnr=14.7  cos=0.5686
[epoch 13 step 775]  loss=5.56e-01  l1=5.56e-01  l2=0.00e+00  psnr=15.2  cos=0.5753
[epoch 13 step 800]  loss=5.36e-01  l1=5.36e-01  l2=0.00e+00  psnr=15.2  cos=0.6098
[epoch 13 step 825]  loss=5.48e-01  l1=5.48e-01  l2=0.00e+00  psnr=15.2  cos=0.5979
[epoch 13 step 850]  loss=5.63e-01  l1=5.63e-01  l2=0.00e+00  psnr=15.2  cos=0.5699
[epoch 13 step 875]  loss=5.04e-01  l1=5.04e-01  l2=0.00e+00  psnr=16.0  cos=0.6166
[epoch 13 step 900]  loss=5.65e-01  l1=5.65e-01  l2=0.00e+00  psnr=15.1  cos=0.5741
[epoch 13 step 925]  loss=5.77e-01  l1=5.77e-01  l2=0.00e+00  psnr=14.9  cos=0.5721
[epoch 13 step 950]  loss=5.37e-01  l1=5.37e-01  l2=0.00e+00  psnr=15.3  cos=0.6169
[epoch 13 step 975]  loss=4.79e-01  l1=4.79e-01  l2=0.00e+00  psnr=16.2  cos=0.6499
[epoch 13 step 1000]  loss=5.35e-01  l1=5.35e-01  l2=0.00e+00  psnr=15.4  cos=0.6076
[epoch 13 step 1025]  loss=5.29e-01  l1=5.29e-01  l2=0.00e+00  psnr=15.4  cos=0.6056
[epoch 13 step 1050]  loss=5.91e-01  l1=5.91e-01  l2=0.00e+00  psnr=14.5  cos=0.5752
[epoch 13 step 1075]  loss=4.76e-01  l1=4.76e-01  l2=0.00e+00  psnr=16.0  cos=0.6438
[epoch 13 step 1100]  loss=5.50e-01  l1=5.50e-01  l2=0.00e+00  psnr=15.2  cos=0.5844
[epoch 13 step 1125]  loss=5.49e-01  l1=5.49e-01  l2=0.00e+00  psnr=15.2  cos=0.5759
[epoch 13 step 1150]  loss=5.32e-01  l1=5.32e-01  l2=0.00e+00  psnr=15.4  cos=0.6012
[epoch 13 step 1175]  loss=5.54e-01  l1=5.54e-01  l2=0.00e+00  psnr=15.3  cos=0.5795
[epoch 13 step 1200]  loss=5.14e-01  l1=5.14e-01  l2=0.00e+00  psnr=15.8  cos=0.6267
[epoch 13 step 1225]  loss=5.39e-01  l1=5.39e-01  l2=0.00e+00  psnr=15.4  cos=0.5894
[epoch 13 DONE]  final_loss=5.50e-01  psnr=15.41  cos=0.5894
[checkpoint] /workspace/runs/trial_toy_d3t/checkpoints/epoch_0013.pt
[val epoch 13]  latent_l1=0.5413  latent_l2=0.7988  latent_psnr=25.4030
[best] new best latent_psnr=25.4030 (prev=25.3804) -> /workspace/runs/trial_toy_d3t/checkpoints/best.pt
[epoch 14 step 000]  loss=5.03e-01  l1=5.03e-01  l2=0.00e+00  psnr=16.0  cos=0.6284
[epoch 14 step 025]  loss=5.21e-01  l1=5.21e-01  l2=0.00e+00  psnr=15.8  cos=0.5971
[epoch 14 step 050]  loss=5.45e-01  l1=5.45e-01  l2=0.00e+00  psnr=15.2  cos=0.6032
[epoch 14 step 075]  loss=5.30e-01  l1=5.30e-01  l2=0.00e+00  psnr=15.5  cos=0.6162
[epoch 14 step 100]  loss=4.94e-01  l1=4.94e-01  l2=0.00e+00  psnr=15.9  cos=0.6371
[epoch 14 step 125]  loss=5.24e-01  l1=5.24e-01  l2=0.00e+00  psnr=15.4  cos=0.6322
[epoch 14 step 150]  loss=5.88e-01  l1=5.88e-01  l2=0.00e+00  psnr=14.6  cos=0.5502
[epoch 14 step 175]  loss=5.11e-01  l1=5.11e-01  l2=0.00e+00  psnr=16.0  cos=0.6179
[epoch 14 step 200]  loss=5.47e-01  l1=5.47e-01  l2=0.00e+00  psnr=15.4  cos=0.5854
[epoch 14 step 225]  loss=5.73e-01  l1=5.73e-01  l2=0.00e+00  psnr=14.8  cos=0.5688
[epoch 14 step 250]  loss=5.62e-01  l1=5.62e-01  l2=0.00e+00  psnr=15.0  cos=0.5925
[epoch 14 step 275]  loss=4.90e-01  l1=4.90e-01  l2=0.00e+00  psnr=15.7  cos=0.6532
[epoch 14 step 300]  loss=5.23e-01  l1=5.23e-01  l2=0.00e+00  psnr=15.5  cos=0.6119
[epoch 14 step 325]  loss=5.30e-01  l1=5.30e-01  l2=0.00e+00  psnr=15.6  cos=0.5966
[epoch 14 step 350]  loss=5.75e-01  l1=5.75e-01  l2=0.00e+00  psnr=14.8  cos=0.5843
[epoch 14 step 375]  loss=5.35e-01  l1=5.35e-01  l2=0.00e+00  psnr=15.4  cos=0.6122
[epoch 14 step 400]  loss=5.66e-01  l1=5.66e-01  l2=0.00e+00  psnr=15.0  cos=0.5793
[epoch 14 step 425]  loss=5.41e-01  l1=5.41e-01  l2=0.00e+00  psnr=15.4  cos=0.6039
[epoch 14 step 450]  loss=5.61e-01  l1=5.61e-01  l2=0.00e+00  psnr=15.0  cos=0.5853
[epoch 14 step 475]  loss=5.25e-01  l1=5.25e-01  l2=0.00e+00  psnr=15.7  cos=0.6131
[epoch 14 step 500]  loss=5.33e-01  l1=5.33e-01  l2=0.00e+00  psnr=15.3  cos=0.6049
[epoch 14 step 525]  loss=5.46e-01  l1=5.46e-01  l2=0.00e+00  psnr=15.3  cos=0.6040
[epoch 14 step 550]  loss=5.62e-01  l1=5.62e-01  l2=0.00e+00  psnr=15.2  cos=0.5741
[epoch 14 step 575]  loss=5.36e-01  l1=5.36e-01  l2=0.00e+00  psnr=15.5  cos=0.5811
[epoch 14 step 600]  loss=5.13e-01  l1=5.13e-01  l2=0.00e+00  psnr=15.6  cos=0.6259
[epoch 14 step 625]  loss=5.51e-01  l1=5.51e-01  l2=0.00e+00  psnr=15.1  cos=0.6025
[epoch 14 step 650]  loss=5.18e-01  l1=5.18e-01  l2=0.00e+00  psnr=15.5  cos=0.6289
[epoch 14 step 675]  loss=5.31e-01  l1=5.31e-01  l2=0.00e+00  psnr=15.6  cos=0.6001
[epoch 14 step 700]  loss=5.50e-01  l1=5.50e-01  l2=0.00e+00  psnr=15.2  cos=0.5989
[epoch 14 step 725]  loss=5.31e-01  l1=5.31e-01  l2=0.00e+00  psnr=15.5  cos=0.5906
[epoch 14 step 750]  loss=5.39e-01  l1=5.39e-01  l2=0.00e+00  psnr=15.4  cos=0.5964
[epoch 14 step 775]  loss=5.31e-01  l1=5.31e-01  l2=0.00e+00  psnr=15.4  cos=0.6232
[epoch 14 step 800]  loss=5.40e-01  l1=5.40e-01  l2=0.00e+00  psnr=15.4  cos=0.5896
[epoch 14 step 825]  loss=5.63e-01  l1=5.63e-01  l2=0.00e+00  psnr=14.9  cos=0.5797
[epoch 14 step 850]  loss=5.44e-01  l1=5.44e-01  l2=0.00e+00  psnr=15.5  cos=0.5939
[epoch 14 step 875]  loss=5.30e-01  l1=5.30e-01  l2=0.00e+00  psnr=15.4  cos=0.6126
[epoch 14 step 900]  loss=5.68e-01  l1=5.68e-01  l2=0.00e+00  psnr=15.0  cos=0.5813
[epoch 14 step 925]  loss=5.28e-01  l1=5.28e-01  l2=0.00e+00  psnr=15.7  cos=0.6016
[epoch 14 step 950]  loss=5.30e-01  l1=5.30e-01  l2=0.00e+00  psnr=15.7  cos=0.5933
[epoch 14 step 975]  loss=5.49e-01  l1=5.49e-01  l2=0.00e+00  psnr=15.1  cos=0.6126
[epoch 14 step 1000]  loss=5.34e-01  l1=5.34e-01  l2=0.00e+00  psnr=15.5  cos=0.6063
[epoch 14 step 1025]  loss=5.37e-01  l1=5.37e-01  l2=0.00e+00  psnr=15.3  cos=0.6096
[epoch 14 step 1050]  loss=5.48e-01  l1=5.48e-01  l2=0.00e+00  psnr=15.1  cos=0.5991
[epoch 14 step 1075]  loss=5.21e-01  l1=5.21e-01  l2=0.00e+00  psnr=15.6  cos=0.6160
[epoch 14 step 1100]  loss=5.50e-01  l1=5.50e-01  l2=0.00e+00  psnr=15.3  cos=0.5811
[epoch 14 step 1125]  loss=5.09e-01  l1=5.09e-01  l2=0.00e+00  psnr=15.8  cos=0.6234
[epoch 14 step 1150]  loss=5.20e-01  l1=5.20e-01  l2=0.00e+00  psnr=15.4  cos=0.6357
[epoch 14 step 1175]  loss=4.97e-01  l1=4.97e-01  l2=0.00e+00  psnr=15.7  cos=0.6522
[epoch 14 step 1200]  loss=5.77e-01  l1=5.77e-01  l2=0.00e+00  psnr=15.1  cos=0.5616
[epoch 14 step 1225]  loss=5.42e-01  l1=5.42e-01  l2=0.00e+00  psnr=15.6  cos=0.5818
[epoch 14 DONE]  final_loss=5.57e-01  psnr=15.55  cos=0.5818
[checkpoint] /workspace/runs/trial_toy_d3t/checkpoints/epoch_0014.pt
[val epoch 14]  latent_l1=0.5400  latent_l2=0.7968  latent_psnr=25.4250
[best] new best latent_psnr=25.4250 (prev=25.4030) -> /workspace/runs/trial_toy_d3t/checkpoints/best.pt
[epoch 15 step 000]  loss=5.38e-01  l1=5.38e-01  l2=0.00e+00  psnr=15.4  cos=0.6010
[epoch 15 step 025]  loss=5.43e-01  l1=5.43e-01  l2=0.00e+00  psnr=15.5  cos=0.5938
[epoch 15 step 050]  loss=5.10e-01  l1=5.10e-01  l2=0.00e+00  psnr=15.6  cos=0.6329
[epoch 15 step 075]  loss=5.39e-01  l1=5.39e-01  l2=0.00e+00  psnr=15.2  cos=0.6223
[epoch 15 step 100]  loss=5.20e-01  l1=5.20e-01  l2=0.00e+00  psnr=15.6  cos=0.6052
[epoch 15 step 125]  loss=5.23e-01  l1=5.23e-01  l2=0.00e+00  psnr=15.6  cos=0.6094
[epoch 15 step 150]  loss=5.19e-01  l1=5.19e-01  l2=0.00e+00  psnr=15.4  cos=0.6287
[epoch 15 step 175]  loss=5.54e-01  l1=5.54e-01  l2=0.00e+00  psnr=15.0  cos=0.5991
[epoch 15 step 200]  loss=5.34e-01  l1=5.34e-01  l2=0.00e+00  psnr=15.5  cos=0.6034
[epoch 15 step 225]  loss=5.38e-01  l1=5.38e-01  l2=0.00e+00  psnr=15.5  cos=0.5967
[epoch 15 step 250]  loss=5.71e-01  l1=5.71e-01  l2=0.00e+00  psnr=14.8  cos=0.5871
[epoch 15 step 275]  loss=5.12e-01  l1=5.12e-01  l2=0.00e+00  psnr=15.7  cos=0.6169
[epoch 15 step 300]  loss=5.31e-01  l1=5.31e-01  l2=0.00e+00  psnr=15.5  cos=0.6000
[epoch 15 step 325]  loss=5.28e-01  l1=5.28e-01  l2=0.00e+00  psnr=15.6  cos=0.5963
[epoch 15 step 350]  loss=5.19e-01  l1=5.19e-01  l2=0.00e+00  psnr=15.7  cos=0.6189
[epoch 15 step 375]  loss=5.16e-01  l1=5.16e-01  l2=0.00e+00  psnr=15.7  cos=0.6293
[epoch 15 step 400]  loss=5.70e-01  l1=5.70e-01  l2=0.00e+00  psnr=14.9  cos=0.5996
[epoch 15 step 425]  loss=5.34e-01  l1=5.34e-01  l2=0.00e+00  psnr=15.4  cos=0.6113
[epoch 15 step 450]  loss=5.76e-01  l1=5.76e-01  l2=0.00e+00  psnr=15.0  cos=0.5823
[epoch 15 step 475]  loss=5.45e-01  l1=5.45e-01  l2=0.00e+00  psnr=15.4  cos=0.5907
[epoch 15 step 500]  loss=5.29e-01  l1=5.29e-01  l2=0.00e+00  psnr=15.7  cos=0.6074
[epoch 15 step 525]  loss=5.33e-01  l1=5.33e-01  l2=0.00e+00  psnr=15.3  cos=0.6087
[epoch 15 step 550]  loss=5.32e-01  l1=5.32e-01  l2=0.00e+00  psnr=15.6  cos=0.6084
[epoch 15 step 575]  loss=5.28e-01  l1=5.28e-01  l2=0.00e+00  psnr=15.5  cos=0.6083
[epoch 15 step 600]  loss=5.06e-01  l1=5.06e-01  l2=0.00e+00  psnr=15.7  cos=0.6223
[epoch 15 step 625]  loss=5.28e-01  l1=5.28e-01  l2=0.00e+00  psnr=15.4  cos=0.6099
[epoch 15 step 650]  loss=5.84e-01  l1=5.84e-01  l2=0.00e+00  psnr=14.8  cos=0.5694
[epoch 15 step 675]  loss=5.28e-01  l1=5.28e-01  l2=0.00e+00  psnr=15.7  cos=0.5991
[epoch 15 step 700]  loss=5.26e-01  l1=5.26e-01  l2=0.00e+00  psnr=15.2  cos=0.6270
[epoch 15 step 725]  loss=5.67e-01  l1=5.67e-01  l2=0.00e+00  psnr=15.2  cos=0.5793
[epoch 15 step 750]  loss=5.61e-01  l1=5.61e-01  l2=0.00e+00  psnr=15.0  cos=0.6097
[epoch 15 step 775]  loss=5.19e-01  l1=5.19e-01  l2=0.00e+00  psnr=15.8  cos=0.6071
[epoch 15 step 800]  loss=5.38e-01  l1=5.38e-01  l2=0.00e+00  psnr=15.5  cos=0.5973
[epoch 15 step 825]  loss=5.70e-01  l1=5.70e-01  l2=0.00e+00  psnr=14.8  cos=0.5895
[epoch 15 step 850]  loss=5.52e-01  l1=5.52e-01  l2=0.00e+00  psnr=15.3  cos=0.5863
[epoch 15 step 875]  loss=5.49e-01  l1=5.49e-01  l2=0.00e+00  psnr=15.5  cos=0.5863
[epoch 15 step 900]  loss=5.29e-01  l1=5.29e-01  l2=0.00e+00  psnr=15.5  cos=0.6107
[epoch 15 step 925]  loss=5.51e-01  l1=5.51e-01  l2=0.00e+00  psnr=15.2  cos=0.6104
[epoch 15 step 950]  loss=5.10e-01  l1=5.10e-01  l2=0.00e+00  psnr=15.3  cos=0.6337
[epoch 15 step 975]  loss=5.11e-01  l1=5.11e-01  l2=0.00e+00  psnr=15.9  cos=0.6187
[epoch 15 step 1000]  loss=5.86e-01  l1=5.86e-01  l2=0.00e+00  psnr=14.7  cos=0.5840
[epoch 15 step 1025]  loss=5.63e-01  l1=5.63e-01  l2=0.00e+00  psnr=15.0  cos=0.5871
[epoch 15 step 1050]  loss=5.42e-01  l1=5.42e-01  l2=0.00e+00  psnr=15.4  cos=0.5877
[epoch 15 step 1075]  loss=5.50e-01  l1=5.50e-01  l2=0.00e+00  psnr=15.2  cos=0.5971
[epoch 15 step 1100]  loss=5.36e-01  l1=5.36e-01  l2=0.00e+00  psnr=15.3  cos=0.6112
[epoch 15 step 1125]  loss=5.09e-01  l1=5.09e-01  l2=0.00e+00  psnr=15.8  cos=0.6241
[epoch 15 step 1150]  loss=5.40e-01  l1=5.40e-01  l2=0.00e+00  psnr=15.4  cos=0.5995
[epoch 15 step 1175]  loss=5.23e-01  l1=5.23e-01  l2=0.00e+00  psnr=15.8  cos=0.6178
[epoch 15 step 1200]  loss=5.00e-01  l1=5.00e-01  l2=0.00e+00  psnr=15.9  cos=0.6200
[epoch 15 step 1225]  loss=5.29e-01  l1=5.29e-01  l2=0.00e+00  psnr=15.5  cos=0.6039
[epoch 15 DONE]  final_loss=5.38e-01  psnr=15.47  cos=0.6039
[checkpoint] /workspace/runs/trial_toy_d3t/checkpoints/epoch_0015.pt
[val epoch 15]  latent_l1=0.5377  latent_l2=0.7941  latent_psnr=25.4552
[best] new best latent_psnr=25.4552 (prev=25.4250) -> /workspace/runs/trial_toy_d3t/checkpoints/best.pt
[epoch 16 step 000]  loss=5.32e-01  l1=5.32e-01  l2=0.00e+00  psnr=15.6  cos=0.6085
[epoch 16 step 025]  loss=5.38e-01  l1=5.38e-01  l2=0.00e+00  psnr=15.5  cos=0.5855
[epoch 16 step 050]  loss=5.24e-01  l1=5.24e-01  l2=0.00e+00  psnr=15.5  cos=0.6193
[epoch 16 step 075]  loss=5.76e-01  l1=5.76e-01  l2=0.00e+00  psnr=15.1  cos=0.5544
[epoch 16 step 100]  loss=5.46e-01  l1=5.46e-01  l2=0.00e+00  psnr=15.2  cos=0.6003
[epoch 16 step 125]  loss=5.36e-01  l1=5.36e-01  l2=0.00e+00  psnr=15.4  cos=0.5990
[epoch 16 step 150]  loss=5.13e-01  l1=5.13e-01  l2=0.00e+00  psnr=15.7  cos=0.6258
[epoch 16 step 175]  loss=5.27e-01  l1=5.27e-01  l2=0.00e+00  psnr=15.6  cos=0.6001
[epoch 16 step 200]  loss=5.13e-01  l1=5.13e-01  l2=0.00e+00  psnr=15.7  cos=0.6255
[epoch 16 step 225]  loss=5.21e-01  l1=5.21e-01  l2=0.00e+00  psnr=15.6  cos=0.6205
[epoch 16 step 250]  loss=5.42e-01  l1=5.42e-01  l2=0.00e+00  psnr=15.4  cos=0.6013
[epoch 16 step 275]  loss=5.37e-01  l1=5.37e-01  l2=0.00e+00  psnr=15.5  cos=0.5953
[epoch 16 step 300]  loss=5.70e-01  l1=5.70e-01  l2=0.00e+00  psnr=15.1  cos=0.5762
[epoch 16 step 325]  loss=5.40e-01  l1=5.40e-01  l2=0.00e+00  psnr=15.4  cos=0.5928
[epoch 16 step 350]  loss=5.54e-01  l1=5.54e-01  l2=0.00e+00  psnr=15.5  cos=0.5755
[epoch 16 step 375]  loss=5.15e-01  l1=5.15e-01  l2=0.00e+00  psnr=15.7  cos=0.6211
[epoch 16 step 400]  loss=5.01e-01  l1=5.01e-01  l2=0.00e+00  psnr=15.9  cos=0.6371
[epoch 16 step 425]  loss=5.59e-01  l1=5.59e-01  l2=0.00e+00  psnr=15.0  cos=0.6033
[epoch 16 step 450]  loss=5.29e-01  l1=5.29e-01  l2=0.00e+00  psnr=15.5  cos=0.6088
[epoch 16 step 475]  loss=5.65e-01  l1=5.65e-01  l2=0.00e+00  psnr=15.1  cos=0.5888
[epoch 16 step 500]  loss=5.18e-01  l1=5.18e-01  l2=0.00e+00  psnr=15.7  cos=0.6165
[epoch 16 step 525]  loss=5.41e-01  l1=5.41e-01  l2=0.00e+00  psnr=15.5  cos=0.6061
[epoch 16 step 550]  loss=5.31e-01  l1=5.31e-01  l2=0.00e+00  psnr=15.7  cos=0.5935
[epoch 16 step 575]  loss=5.12e-01  l1=5.12e-01  l2=0.00e+00  psnr=15.9  cos=0.6149
[epoch 16 step 600]  loss=5.18e-01  l1=5.18e-01  l2=0.00e+00  psnr=15.8  cos=0.6134
[epoch 16 step 625]  loss=5.28e-01  l1=5.28e-01  l2=0.00e+00  psnr=15.7  cos=0.6031
[epoch 16 step 650]  loss=5.32e-01  l1=5.32e-01  l2=0.00e+00  psnr=15.4  cos=0.6175
[epoch 16 step 675]  loss=5.48e-01  l1=5.48e-01  l2=0.00e+00  psnr=15.1  cos=0.5958
[epoch 16 step 700]  loss=5.45e-01  l1=5.45e-01  l2=0.00e+00  psnr=15.3  cos=0.6075
[epoch 16 step 725]  loss=5.77e-01  l1=5.77e-01  l2=0.00e+00  psnr=14.8  cos=0.5758
[epoch 16 step 750]  loss=5.41e-01  l1=5.41e-01  l2=0.00e+00  psnr=15.2  cos=0.6230
[epoch 16 step 775]  loss=5.15e-01  l1=5.15e-01  l2=0.00e+00  psnr=15.5  cos=0.6342
[epoch 16 step 800]  loss=5.29e-01  l1=5.29e-01  l2=0.00e+00  psnr=15.5  cos=0.6077
[epoch 16 step 825]  loss=5.11e-01  l1=5.11e-01  l2=0.00e+00  psnr=15.6  cos=0.6130
[epoch 16 step 850]  loss=5.20e-01  l1=5.20e-01  l2=0.00e+00  psnr=15.4  cos=0.6184
[epoch 16 step 875]  loss=5.51e-01  l1=5.51e-01  l2=0.00e+00  psnr=15.2  cos=0.6072
[epoch 16 step 900]  loss=5.40e-01  l1=5.40e-01  l2=0.00e+00  psnr=15.2  cos=0.6068
[epoch 16 step 925]  loss=5.35e-01  l1=5.35e-01  l2=0.00e+00  psnr=15.4  cos=0.6161
[epoch 16 step 950]  loss=5.10e-01  l1=5.10e-01  l2=0.00e+00  psnr=15.5  cos=0.6398
[epoch 16 step 975]  loss=5.18e-01  l1=5.18e-01  l2=0.00e+00  psnr=15.7  cos=0.6152
[epoch 16 step 1000]  loss=5.37e-01  l1=5.37e-01  l2=0.00e+00  psnr=15.3  cos=0.6020
[epoch 16 step 1025]  loss=5.36e-01  l1=5.36e-01  l2=0.00e+00  psnr=15.4  cos=0.6141
[epoch 16 step 1050]  loss=5.49e-01  l1=5.49e-01  l2=0.00e+00  psnr=15.2  cos=0.6043
[epoch 16 step 1075]  loss=5.56e-01  l1=5.56e-01  l2=0.00e+00  psnr=15.3  cos=0.5958
[epoch 16 step 1100]  loss=5.29e-01  l1=5.29e-01  l2=0.00e+00  psnr=15.6  cos=0.6054
[epoch 16 step 1125]  loss=5.29e-01  l1=5.29e-01  l2=0.00e+00  psnr=15.2  cos=0.6156
[epoch 16 step 1150]  loss=5.17e-01  l1=5.17e-01  l2=0.00e+00  psnr=15.7  cos=0.6020
[epoch 16 step 1175]  loss=5.45e-01  l1=5.45e-01  l2=0.00e+00  psnr=15.5  cos=0.5945
[epoch 16 step 1200]  loss=5.28e-01  l1=5.28e-01  l2=0.00e+00  psnr=15.4  cos=0.6189
[epoch 16 step 1225]  loss=5.49e-01  l1=5.49e-01  l2=0.00e+00  psnr=15.1  cos=0.5971
[epoch 16 DONE]  final_loss=5.04e-01  psnr=15.08  cos=0.5971
[checkpoint] /workspace/runs/trial_toy_d3t/checkpoints/epoch_0016.pt
[val epoch 16]  latent_l1=0.5360  latent_l2=0.7922  latent_psnr=25.4756
[best] new best latent_psnr=25.4756 (prev=25.4552) -> /workspace/runs/trial_toy_d3t/checkpoints/best.pt
[epoch 17 step 000]  loss=5.34e-01  l1=5.34e-01  l2=0.00e+00  psnr=15.4  cos=0.5970
[epoch 17 step 025]  loss=5.29e-01  l1=5.29e-01  l2=0.00e+00  psnr=15.4  cos=0.6195
[epoch 17 step 050]  loss=5.28e-01  l1=5.28e-01  l2=0.00e+00  psnr=15.5  cos=0.6187
[epoch 17 step 075]  loss=5.17e-01  l1=5.17e-01  l2=0.00e+00  psnr=15.8  cos=0.6195
[epoch 17 step 100]  loss=5.35e-01  l1=5.35e-01  l2=0.00e+00  psnr=15.4  cos=0.6120
[epoch 17 step 125]  loss=5.27e-01  l1=5.27e-01  l2=0.00e+00  psnr=15.4  cos=0.6047
[epoch 17 step 150]  loss=5.40e-01  l1=5.40e-01  l2=0.00e+00  psnr=15.4  cos=0.6003
[epoch 17 step 175]  loss=5.24e-01  l1=5.24e-01  l2=0.00e+00  psnr=15.4  cos=0.6203
[epoch 17 step 200]  loss=5.34e-01  l1=5.34e-01  l2=0.00e+00  psnr=15.3  cos=0.6128
[epoch 17 step 225]  loss=5.26e-01  l1=5.26e-01  l2=0.00e+00  psnr=15.5  cos=0.6139
[epoch 17 step 250]  loss=5.09e-01  l1=5.09e-01  l2=0.00e+00  psnr=15.9  cos=0.6248
[epoch 17 step 275]  loss=5.20e-01  l1=5.20e-01  l2=0.00e+00  psnr=15.6  cos=0.6150
[epoch 17 step 300]  loss=5.24e-01  l1=5.24e-01  l2=0.00e+00  psnr=15.6  cos=0.6084
[epoch 17 step 325]  loss=4.98e-01  l1=4.98e-01  l2=0.00e+00  psnr=15.7  cos=0.6326
[epoch 17 step 350]  loss=5.30e-01  l1=5.30e-01  l2=0.00e+00  psnr=15.7  cos=0.6071
[epoch 17 step 375]  loss=5.28e-01  l1=5.28e-01  l2=0.00e+00  psnr=15.6  cos=0.6046
[epoch 17 step 400]  loss=5.10e-01  l1=5.10e-01  l2=0.00e+00  psnr=15.7  cos=0.6230
[epoch 17 step 425]  loss=5.37e-01  l1=5.37e-01  l2=0.00e+00  psnr=15.4  cos=0.6081
[epoch 17 step 450]  loss=5.35e-01  l1=5.35e-01  l2=0.00e+00  psnr=15.3  cos=0.6123
[epoch 17 step 475]  loss=5.77e-01  l1=5.77e-01  l2=0.00e+00  psnr=14.9  cos=0.5770
[epoch 17 step 500]  loss=5.30e-01  l1=5.30e-01  l2=0.00e+00  psnr=15.4  cos=0.6098
[epoch 17 step 525]  loss=5.41e-01  l1=5.41e-01  l2=0.00e+00  psnr=15.2  cos=0.6099
[epoch 17 step 550]  loss=5.62e-01  l1=5.62e-01  l2=0.00e+00  psnr=15.1  cos=0.5854
[epoch 17 step 575]  loss=5.71e-01  l1=5.71e-01  l2=0.00e+00  psnr=14.9  cos=0.5799
[epoch 17 step 600]  loss=4.95e-01  l1=4.95e-01  l2=0.00e+00  psnr=15.8  cos=0.6344
[epoch 17 step 625]  loss=5.23e-01  l1=5.23e-01  l2=0.00e+00  psnr=15.6  cos=0.6065
[epoch 17 step 650]  loss=5.43e-01  l1=5.43e-01  l2=0.00e+00  psnr=15.4  cos=0.5945
[epoch 17 step 675]  loss=5.15e-01  l1=5.15e-01  l2=0.00e+00  psnr=15.6  cos=0.6382
[epoch 17 step 700]  loss=5.49e-01  l1=5.49e-01  l2=0.00e+00  psnr=15.3  cos=0.5907
[epoch 17 step 725]  loss=5.15e-01  l1=5.15e-01  l2=0.00e+00  psnr=15.6  cos=0.6469
[epoch 17 step 750]  loss=5.67e-01  l1=5.67e-01  l2=0.00e+00  psnr=15.2  cos=0.5764
[epoch 17 step 775]  loss=5.48e-01  l1=5.48e-01  l2=0.00e+00  psnr=15.4  cos=0.5744
[epoch 17 step 800]  loss=5.32e-01  l1=5.32e-01  l2=0.00e+00  psnr=15.4  cos=0.6162
[epoch 17 step 825]  loss=5.84e-01  l1=5.84e-01  l2=0.00e+00  psnr=14.7  cos=0.5891
[epoch 17 step 850]  loss=5.41e-01  l1=5.41e-01  l2=0.00e+00  psnr=15.4  cos=0.6097
[epoch 17 step 875]  loss=5.48e-01  l1=5.48e-01  l2=0.00e+00  psnr=15.2  cos=0.6012
[epoch 17 step 900]  loss=5.22e-01  l1=5.22e-01  l2=0.00e+00  psnr=15.5  cos=0.6230
[epoch 17 step 925]  loss=5.27e-01  l1=5.27e-01  l2=0.00e+00  psnr=15.6  cos=0.6117
[epoch 17 step 950]  loss=5.56e-01  l1=5.56e-01  l2=0.00e+00  psnr=15.2  cos=0.5826
[epoch 17 step 975]  loss=5.39e-01  l1=5.39e-01  l2=0.00e+00  psnr=15.5  cos=0.6050
[epoch 17 step 1000]  loss=5.21e-01  l1=5.21e-01  l2=0.00e+00  psnr=15.6  cos=0.6283
[epoch 17 step 1025]  loss=5.00e-01  l1=5.00e-01  l2=0.00e+00  psnr=15.9  cos=0.6227
[epoch 17 step 1050]  loss=5.64e-01  l1=5.64e-01  l2=0.00e+00  psnr=14.9  cos=0.6064
[epoch 17 step 1075]  loss=5.46e-01  l1=5.46e-01  l2=0.00e+00  psnr=15.2  cos=0.6082
[epoch 17 step 1100]  loss=5.36e-01  l1=5.36e-01  l2=0.00e+00  psnr=15.6  cos=0.6012
[epoch 17 step 1125]  loss=5.10e-01  l1=5.10e-01  l2=0.00e+00  psnr=15.7  cos=0.6403
[epoch 17 step 1150]  loss=5.05e-01  l1=5.05e-01  l2=0.00e+00  psnr=15.8  cos=0.6370
[epoch 17 step 1175]  loss=5.39e-01  l1=5.39e-01  l2=0.00e+00  psnr=15.4  cos=0.6021
[epoch 17 step 1200]  loss=5.42e-01  l1=5.42e-01  l2=0.00e+00  psnr=15.4  cos=0.5951
[epoch 17 step 1225]  loss=5.56e-01  l1=5.56e-01  l2=0.00e+00  psnr=15.0  cos=0.6020
[epoch 17 DONE]  final_loss=5.31e-01  psnr=14.98  cos=0.6020
[checkpoint] /workspace/runs/trial_toy_d3t/checkpoints/epoch_0017.pt
[val epoch 17]  latent_l1=0.5347  latent_l2=0.7907  latent_psnr=25.4919
[best] new best latent_psnr=25.4919 (prev=25.4756) -> /workspace/runs/trial_toy_d3t/checkpoints/best.pt
[epoch 18 step 000]  loss=5.22e-01  l1=5.22e-01  l2=0.00e+00  psnr=15.5  cos=0.6218
[epoch 18 step 025]  loss=5.09e-01  l1=5.09e-01  l2=0.00e+00  psnr=15.9  cos=0.6029
[epoch 18 step 050]  loss=5.68e-01  l1=5.68e-01  l2=0.00e+00  psnr=14.9  cos=0.5849
[epoch 18 step 075]  loss=4.96e-01  l1=4.96e-01  l2=0.00e+00  psnr=15.9  cos=0.6456
[epoch 18 step 100]  loss=5.39e-01  l1=5.39e-01  l2=0.00e+00  psnr=15.3  cos=0.6080
[epoch 18 step 125]  loss=5.13e-01  l1=5.13e-01  l2=0.00e+00  psnr=15.8  cos=0.6117
[epoch 18 step 150]  loss=5.33e-01  l1=5.33e-01  l2=0.00e+00  psnr=15.5  cos=0.6022
[epoch 18 step 175]  loss=5.39e-01  l1=5.39e-01  l2=0.00e+00  psnr=15.1  cos=0.6203
[epoch 18 step 200]  loss=5.09e-01  l1=5.09e-01  l2=0.00e+00  psnr=15.8  cos=0.6262
[epoch 18 step 225]  loss=5.39e-01  l1=5.39e-01  l2=0.00e+00  psnr=15.5  cos=0.5960
[epoch 18 step 250]  loss=5.22e-01  l1=5.22e-01  l2=0.00e+00  psnr=15.6  cos=0.6313
[epoch 18 step 275]  loss=5.03e-01  l1=5.03e-01  l2=0.00e+00  psnr=15.8  cos=0.6400
[epoch 18 step 300]  loss=5.39e-01  l1=5.39e-01  l2=0.00e+00  psnr=15.5  cos=0.5963
[epoch 18 step 325]  loss=5.73e-01  l1=5.73e-01  l2=0.00e+00  psnr=14.7  cos=0.5680
[epoch 18 step 350]  loss=5.41e-01  l1=5.41e-01  l2=0.00e+00  psnr=15.3  cos=0.6049
[epoch 18 step 375]  loss=5.43e-01  l1=5.43e-01  l2=0.00e+00  psnr=15.4  cos=0.5871
[epoch 18 step 400]  loss=5.23e-01  l1=5.23e-01  l2=0.00e+00  psnr=15.6  cos=0.6236
[epoch 18 step 425]  loss=5.56e-01  l1=5.56e-01  l2=0.00e+00  psnr=15.2  cos=0.5967
[epoch 18 step 450]  loss=5.57e-01  l1=5.57e-01  l2=0.00e+00  psnr=15.3  cos=0.5845
[epoch 18 step 475]  loss=5.32e-01  l1=5.32e-01  l2=0.00e+00  psnr=15.3  cos=0.6220
[epoch 18 step 500]  loss=5.21e-01  l1=5.21e-01  l2=0.00e+00  psnr=15.6  cos=0.6099
[epoch 18 step 525]  loss=5.28e-01  l1=5.28e-01  l2=0.00e+00  psnr=15.6  cos=0.6111
[epoch 18 step 550]  loss=5.39e-01  l1=5.39e-01  l2=0.00e+00  psnr=15.3  cos=0.6110
[epoch 18 step 575]  loss=5.30e-01  l1=5.30e-01  l2=0.00e+00  psnr=15.6  cos=0.6048
[epoch 18 step 600]  loss=4.77e-01  l1=4.77e-01  l2=0.00e+00  psnr=16.0  cos=0.6538
[epoch 18 step 625]  loss=5.44e-01  l1=5.44e-01  l2=0.00e+00  psnr=15.3  cos=0.6099
[epoch 18 step 650]  loss=5.37e-01  l1=5.37e-01  l2=0.00e+00  psnr=15.5  cos=0.6032
[epoch 18 step 675]  loss=5.24e-01  l1=5.24e-01  l2=0.00e+00  psnr=15.6  cos=0.6177
[epoch 18 step 700]  loss=5.73e-01  l1=5.73e-01  l2=0.00e+00  psnr=15.0  cos=0.5764
[epoch 18 step 725]  loss=5.60e-01  l1=5.60e-01  l2=0.00e+00  psnr=15.1  cos=0.5893
[epoch 18 step 750]  loss=5.84e-01  l1=5.84e-01  l2=0.00e+00  psnr=14.7  cos=0.5843
[epoch 18 step 775]  loss=5.24e-01  l1=5.24e-01  l2=0.00e+00  psnr=15.4  cos=0.6141
[epoch 18 step 800]  loss=5.32e-01  l1=5.32e-01  l2=0.00e+00  psnr=15.6  cos=0.5939
[epoch 18 step 825]  loss=5.14e-01  l1=5.14e-01  l2=0.00e+00  psnr=15.7  cos=0.6250
[epoch 18 step 850]  loss=5.06e-01  l1=5.06e-01  l2=0.00e+00  psnr=15.8  cos=0.6186
[epoch 18 step 875]  loss=5.66e-01  l1=5.66e-01  l2=0.00e+00  psnr=15.1  cos=0.5783
[epoch 18 step 900]  loss=5.26e-01  l1=5.26e-01  l2=0.00e+00  psnr=15.8  cos=0.6058
[epoch 18 step 925]  loss=5.20e-01  l1=5.20e-01  l2=0.00e+00  psnr=15.7  cos=0.6273
[epoch 18 step 950]  loss=5.32e-01  l1=5.32e-01  l2=0.00e+00  psnr=15.5  cos=0.6096
[epoch 18 step 975]  loss=5.10e-01  l1=5.10e-01  l2=0.00e+00  psnr=16.0  cos=0.6204
[epoch 18 step 1000]  loss=5.30e-01  l1=5.30e-01  l2=0.00e+00  psnr=15.5  cos=0.6079
[epoch 18 step 1025]  loss=5.79e-01  l1=5.79e-01  l2=0.00e+00  psnr=14.8  cos=0.5718
[epoch 18 step 1050]  loss=5.44e-01  l1=5.44e-01  l2=0.00e+00  psnr=15.0  cos=0.6249
[epoch 18 step 1075]  loss=5.04e-01  l1=5.04e-01  l2=0.00e+00  psnr=15.8  cos=0.6243
[epoch 18 step 1100]  loss=5.33e-01  l1=5.33e-01  l2=0.00e+00  psnr=15.6  cos=0.6082
[epoch 18 step 1125]  loss=5.49e-01  l1=5.49e-01  l2=0.00e+00  psnr=15.2  cos=0.5981
[epoch 18 step 1150]  loss=5.69e-01  l1=5.69e-01  l2=0.00e+00  psnr=15.2  cos=0.5701
[epoch 18 step 1175]  loss=5.73e-01  l1=5.73e-01  l2=0.00e+00  psnr=14.8  cos=0.5780
[epoch 18 step 1200]  loss=5.65e-01  l1=5.65e-01  l2=0.00e+00  psnr=15.0  cos=0.6109
[epoch 18 step 1225]  loss=5.71e-01  l1=5.71e-01  l2=0.00e+00  psnr=14.8  cos=0.5958
[epoch 18 DONE]  final_loss=5.13e-01  psnr=14.82  cos=0.5958
[checkpoint] /workspace/runs/trial_toy_d3t/checkpoints/epoch_0018.pt
[val epoch 18]  latent_l1=0.5336  latent_l2=0.7895  latent_psnr=25.5051
[best] new best latent_psnr=25.5051 (prev=25.4919) -> /workspace/runs/trial_toy_d3t/checkpoints/best.pt
[epoch 19 step 000]  loss=5.40e-01  l1=5.40e-01  l2=0.00e+00  psnr=15.5  cos=0.6023
[epoch 19 step 025]  loss=5.42e-01  l1=5.42e-01  l2=0.00e+00  psnr=15.3  cos=0.5830
[epoch 19 step 050]  loss=5.97e-01  l1=5.97e-01  l2=0.00e+00  psnr=14.7  cos=0.5469
[epoch 19 step 075]  loss=5.43e-01  l1=5.43e-01  l2=0.00e+00  psnr=15.2  cos=0.5945
[epoch 19 step 100]  loss=5.38e-01  l1=5.38e-01  l2=0.00e+00  psnr=15.3  cos=0.6122
[epoch 19 step 125]  loss=5.30e-01  l1=5.30e-01  l2=0.00e+00  psnr=15.7  cos=0.6070
[epoch 19 step 150]  loss=5.31e-01  l1=5.31e-01  l2=0.00e+00  psnr=15.4  cos=0.6189
[epoch 19 step 175]  loss=5.18e-01  l1=5.18e-01  l2=0.00e+00  psnr=15.9  cos=0.6278
[epoch 19 step 200]  loss=5.07e-01  l1=5.07e-01  l2=0.00e+00  psnr=15.8  cos=0.6440
[epoch 19 step 225]  loss=5.15e-01  l1=5.15e-01  l2=0.00e+00  psnr=15.5  cos=0.6177
[epoch 19 step 250]  loss=5.24e-01  l1=5.24e-01  l2=0.00e+00  psnr=15.5  cos=0.6282
[epoch 19 step 275]  loss=5.64e-01  l1=5.64e-01  l2=0.00e+00  psnr=15.0  cos=0.5948
[epoch 19 step 300]  loss=5.33e-01  l1=5.33e-01  l2=0.00e+00  psnr=15.6  cos=0.6115
[epoch 19 step 325]  loss=5.18e-01  l1=5.18e-01  l2=0.00e+00  psnr=15.5  cos=0.6299
[epoch 19 step 350]  loss=5.07e-01  l1=5.07e-01  l2=0.00e+00  psnr=15.9  cos=0.6432
[epoch 19 step 375]  loss=5.46e-01  l1=5.46e-01  l2=0.00e+00  psnr=15.3  cos=0.5973
[epoch 19 step 400]  loss=5.03e-01  l1=5.03e-01  l2=0.00e+00  psnr=15.8  cos=0.6294
[epoch 19 step 425]  loss=5.20e-01  l1=5.20e-01  l2=0.00e+00  psnr=15.4  cos=0.6294
[epoch 19 step 450]  loss=4.96e-01  l1=4.96e-01  l2=0.00e+00  psnr=15.8  cos=0.6428
[epoch 19 step 475]  loss=5.47e-01  l1=5.47e-01  l2=0.00e+00  psnr=15.4  cos=0.5862
[epoch 19 step 500]  loss=5.10e-01  l1=5.10e-01  l2=0.00e+00  psnr=15.7  cos=0.6242
[epoch 19 step 525]  loss=5.37e-01  l1=5.37e-01  l2=0.00e+00  psnr=15.5  cos=0.5841
[epoch 19 step 550]  loss=5.19e-01  l1=5.19e-01  l2=0.00e+00  psnr=15.4  cos=0.6421
[epoch 19 step 575]  loss=5.04e-01  l1=5.04e-01  l2=0.00e+00  psnr=15.9  cos=0.6326
[epoch 19 step 600]  loss=5.31e-01  l1=5.31e-01  l2=0.00e+00  psnr=15.4  cos=0.6295
[epoch 19 step 625]  loss=4.84e-01  l1=4.84e-01  l2=0.00e+00  psnr=16.1  cos=0.6423
[epoch 19 step 650]  loss=5.37e-01  l1=5.37e-01  l2=0.00e+00  psnr=15.4  cos=0.5884
[epoch 19 step 675]  loss=5.46e-01  l1=5.46e-01  l2=0.00e+00  psnr=15.4  cos=0.5911
[epoch 19 step 700]  loss=5.06e-01  l1=5.06e-01  l2=0.00e+00  psnr=15.8  cos=0.6283
[epoch 19 step 725]  loss=5.33e-01  l1=5.33e-01  l2=0.00e+00  psnr=15.3  cos=0.6235
[epoch 19 step 750]  loss=5.28e-01  l1=5.28e-01  l2=0.00e+00  psnr=15.5  cos=0.6105
[epoch 19 step 775]  loss=5.40e-01  l1=5.40e-01  l2=0.00e+00  psnr=15.3  cos=0.6097
[epoch 19 step 800]  loss=5.51e-01  l1=5.51e-01  l2=0.00e+00  psnr=15.1  cos=0.6131
[epoch 19 step 825]  loss=5.06e-01  l1=5.06e-01  l2=0.00e+00  psnr=15.8  cos=0.6195
[epoch 19 step 850]  loss=5.32e-01  l1=5.32e-01  l2=0.00e+00  psnr=15.5  cos=0.6158
[epoch 19 step 875]  loss=5.46e-01  l1=5.46e-01  l2=0.00e+00  psnr=15.1  cos=0.6071
[epoch 19 step 900]  loss=5.30e-01  l1=5.30e-01  l2=0.00e+00  psnr=15.1  cos=0.6331
[epoch 19 step 925]  loss=5.24e-01  l1=5.24e-01  l2=0.00e+00  psnr=15.5  cos=0.6168
[epoch 19 step 950]  loss=5.04e-01  l1=5.04e-01  l2=0.00e+00  psnr=15.6  cos=0.6389
[epoch 19 step 975]  loss=5.46e-01  l1=5.46e-01  l2=0.00e+00  psnr=15.1  cos=0.6121
[epoch 19 step 1000]  loss=5.02e-01  l1=5.02e-01  l2=0.00e+00  psnr=15.7  cos=0.6305
[epoch 19 step 1025]  loss=5.30e-01  l1=5.30e-01  l2=0.00e+00  psnr=15.5  cos=0.6161
[epoch 19 step 1050]  loss=5.49e-01  l1=5.49e-01  l2=0.00e+00  psnr=15.3  cos=0.6145
[epoch 19 step 1075]  loss=5.70e-01  l1=5.70e-01  l2=0.00e+00  psnr=15.0  cos=0.5877
[epoch 19 step 1100]  loss=5.16e-01  l1=5.16e-01  l2=0.00e+00  psnr=15.8  cos=0.6203
[epoch 19 step 1125]  loss=5.27e-01  l1=5.27e-01  l2=0.00e+00  psnr=15.5  cos=0.6376
[epoch 19 step 1150]  loss=5.13e-01  l1=5.13e-01  l2=0.00e+00  psnr=15.9  cos=0.6180
[epoch 19 step 1175]  loss=5.46e-01  l1=5.46e-01  l2=0.00e+00  psnr=15.2  cos=0.6107
[epoch 19 step 1200]  loss=5.22e-01  l1=5.22e-01  l2=0.00e+00  psnr=15.6  cos=0.6294
[epoch 19 step 1225]  loss=5.11e-01  l1=5.11e-01  l2=0.00e+00  psnr=15.7  cos=0.6276
[epoch 19 DONE]  final_loss=5.50e-01  psnr=15.69  cos=0.6276
[checkpoint] /workspace/runs/trial_toy_d3t/checkpoints/epoch_0019.pt
[val epoch 19]  latent_l1=0.5324  latent_l2=0.7883  latent_psnr=25.5180
[best] new best latent_psnr=25.5180 (prev=25.5051) -> /workspace/runs/trial_toy_d3t/checkpoints/best.pt
[epoch 20 step 000]  loss=5.59e-01  l1=5.59e-01  l2=0.00e+00  psnr=15.0  cos=0.6028
[epoch 20 step 025]  loss=5.27e-01  l1=5.27e-01  l2=0.00e+00  psnr=15.6  cos=0.6064
[epoch 20 step 050]  loss=5.15e-01  l1=5.15e-01  l2=0.00e+00  psnr=15.6  cos=0.6189
[epoch 20 step 075]  loss=5.55e-01  l1=5.55e-01  l2=0.00e+00  psnr=15.2  cos=0.5875
[epoch 20 step 100]  loss=5.30e-01  l1=5.30e-01  l2=0.00e+00  psnr=15.5  cos=0.6150
[epoch 20 step 125]  loss=5.29e-01  l1=5.29e-01  l2=0.00e+00  psnr=15.2  cos=0.6361
[epoch 20 step 150]  loss=5.25e-01  l1=5.25e-01  l2=0.00e+00  psnr=15.3  cos=0.6374
[epoch 20 step 175]  loss=5.49e-01  l1=5.49e-01  l2=0.00e+00  psnr=15.1  cos=0.6051
[epoch 20 step 200]  loss=5.53e-01  l1=5.53e-01  l2=0.00e+00  psnr=15.2  cos=0.5930
[epoch 20 step 225]  loss=5.52e-01  l1=5.52e-01  l2=0.00e+00  psnr=15.3  cos=0.5816
[epoch 20 step 250]  loss=5.13e-01  l1=5.13e-01  l2=0.00e+00  psnr=15.7  cos=0.6388
[epoch 20 step 275]  loss=5.47e-01  l1=5.47e-01  l2=0.00e+00  psnr=15.2  cos=0.6136
[epoch 20 step 300]  loss=5.19e-01  l1=5.19e-01  l2=0.00e+00  psnr=15.8  cos=0.6120
[epoch 20 step 325]  loss=5.79e-01  l1=5.79e-01  l2=0.00e+00  psnr=14.8  cos=0.5715
[epoch 20 step 350]  loss=5.61e-01  l1=5.61e-01  l2=0.00e+00  psnr=15.1  cos=0.5912
[epoch 20 step 375]  loss=5.37e-01  l1=5.37e-01  l2=0.00e+00  psnr=15.4  cos=0.5947
[epoch 20 step 400]  loss=5.11e-01  l1=5.11e-01  l2=0.00e+00  psnr=15.9  cos=0.6158
[epoch 20 step 425]  loss=5.59e-01  l1=5.59e-01  l2=0.00e+00  psnr=15.0  cos=0.5971
[epoch 20 step 450]  loss=5.40e-01  l1=5.40e-01  l2=0.00e+00  psnr=15.5  cos=0.6054
[epoch 20 step 475]  loss=5.44e-01  l1=5.44e-01  l2=0.00e+00  psnr=15.5  cos=0.5982
[epoch 20 step 500]  loss=5.13e-01  l1=5.13e-01  l2=0.00e+00  psnr=15.8  cos=0.6258
[epoch 20 step 525]  loss=5.15e-01  l1=5.15e-01  l2=0.00e+00  psnr=15.4  cos=0.6438
[epoch 20 step 550]  loss=5.57e-01  l1=5.57e-01  l2=0.00e+00  psnr=15.1  cos=0.6081
[epoch 20 step 575]  loss=5.38e-01  l1=5.38e-01  l2=0.00e+00  psnr=15.2  cos=0.6279
[epoch 20 step 600]  loss=5.45e-01  l1=5.45e-01  l2=0.00e+00  psnr=15.2  cos=0.5990
[epoch 20 step 625]  loss=5.30e-01  l1=5.30e-01  l2=0.00e+00  psnr=15.5  cos=0.6165
[epoch 20 step 650]  loss=5.43e-01  l1=5.43e-01  l2=0.00e+00  psnr=15.4  cos=0.6072
[epoch 20 step 675]  loss=5.33e-01  l1=5.33e-01  l2=0.00e+00  psnr=15.6  cos=0.6096
[epoch 20 step 700]  loss=5.40e-01  l1=5.40e-01  l2=0.00e+00  psnr=15.3  cos=0.6096
[epoch 20 step 725]  loss=5.23e-01  l1=5.23e-01  l2=0.00e+00  psnr=15.4  cos=0.6232
[epoch 20 step 750]  loss=5.52e-01  l1=5.52e-01  l2=0.00e+00  psnr=15.0  cos=0.5920
[epoch 20 step 775]  loss=5.53e-01  l1=5.53e-01  l2=0.00e+00  psnr=15.0  cos=0.6222
[epoch 20 step 800]  loss=5.37e-01  l1=5.37e-01  l2=0.00e+00  psnr=15.4  cos=0.6128
[epoch 20 step 825]  loss=5.43e-01  l1=5.43e-01  l2=0.00e+00  psnr=15.3  cos=0.6096
[epoch 20 step 850]  loss=5.16e-01  l1=5.16e-01  l2=0.00e+00  psnr=15.6  cos=0.6233
[epoch 20 step 875]  loss=5.32e-01  l1=5.32e-01  l2=0.00e+00  psnr=15.3  cos=0.6270
[epoch 20 step 900]  loss=5.86e-01  l1=5.86e-01  l2=0.00e+00  psnr=14.7  cos=0.5893
[epoch 20 step 925]  loss=5.39e-01  l1=5.39e-01  l2=0.00e+00  psnr=15.3  cos=0.6256
[epoch 20 step 950]  loss=6.01e-01  l1=6.01e-01  l2=0.00e+00  psnr=14.5  cos=0.5673
[epoch 20 step 975]  loss=5.33e-01  l1=5.33e-01  l2=0.00e+00  psnr=15.4  cos=0.6206
[epoch 20 step 1000]  loss=5.14e-01  l1=5.14e-01  l2=0.00e+00  psnr=15.6  cos=0.6491
[epoch 20 step 1025]  loss=5.25e-01  l1=5.25e-01  l2=0.00e+00  psnr=15.5  cos=0.6291
[epoch 20 step 1050]  loss=5.67e-01  l1=5.67e-01  l2=0.00e+00  psnr=15.0  cos=0.5886
[epoch 20 step 1075]  loss=5.18e-01  l1=5.18e-01  l2=0.00e+00  psnr=15.6  cos=0.6136
[epoch 20 step 1100]  loss=5.53e-01  l1=5.53e-01  l2=0.00e+00  psnr=15.3  cos=0.5810
[epoch 20 step 1125]  loss=5.64e-01  l1=5.64e-01  l2=0.00e+00  psnr=15.2  cos=0.5660
[epoch 20 step 1150]  loss=5.03e-01  l1=5.03e-01  l2=0.00e+00  psnr=15.8  cos=0.6369
[epoch 20 step 1175]  loss=4.82e-01  l1=4.82e-01  l2=0.00e+00  psnr=16.1  cos=0.6629
[epoch 20 step 1200]  loss=5.33e-01  l1=5.33e-01  l2=0.00e+00  psnr=15.2  cos=0.6217
[epoch 20 step 1225]  loss=5.33e-01  l1=5.33e-01  l2=0.00e+00  psnr=15.5  cos=0.6142
[epoch 20 DONE]  final_loss=5.29e-01  psnr=15.48  cos=0.6142
[checkpoint] /workspace/runs/trial_toy_d3t/checkpoints/epoch_0020.pt
[val epoch 20]  latent_l1=0.5311  latent_l2=0.7866  latent_psnr=25.5377
[best] new best latent_psnr=25.5377 (prev=25.5180) -> /workspace/runs/trial_toy_d3t/checkpoints/best.pt
[epoch 21 step 000]  loss=5.41e-01  l1=5.41e-01  l2=0.00e+00  psnr=15.3  cos=0.6232
[epoch 21 step 025]  loss=5.32e-01  l1=5.32e-01  l2=0.00e+00  psnr=15.6  cos=0.6009
[epoch 21 step 050]  loss=5.40e-01  l1=5.40e-01  l2=0.00e+00  psnr=15.3  cos=0.6095
[epoch 21 step 075]  loss=5.69e-01  l1=5.69e-01  l2=0.00e+00  psnr=15.0  cos=0.5807
[epoch 21 step 100]  loss=5.41e-01  l1=5.41e-01  l2=0.00e+00  psnr=15.5  cos=0.5962
[epoch 21 step 125]  loss=5.40e-01  l1=5.40e-01  l2=0.00e+00  psnr=15.4  cos=0.6128
[epoch 21 step 150]  loss=5.08e-01  l1=5.08e-01  l2=0.00e+00  psnr=15.8  cos=0.6377
[epoch 21 step 175]  loss=5.40e-01  l1=5.40e-01  l2=0.00e+00  psnr=15.5  cos=0.6191
[epoch 21 step 200]  loss=5.46e-01  l1=5.46e-01  l2=0.00e+00  psnr=15.4  cos=0.6062
[epoch 21 step 225]  loss=5.48e-01  l1=5.48e-01  l2=0.00e+00  psnr=15.2  cos=0.6122
[epoch 21 step 250]  loss=5.54e-01  l1=5.54e-01  l2=0.00e+00  psnr=15.3  cos=0.5880
[epoch 21 step 275]  loss=5.48e-01  l1=5.48e-01  l2=0.00e+00  psnr=15.2  cos=0.6192
[epoch 21 step 300]  loss=5.59e-01  l1=5.59e-01  l2=0.00e+00  psnr=14.8  cos=0.6141
[epoch 21 step 325]  loss=5.32e-01  l1=5.32e-01  l2=0.00e+00  psnr=15.5  cos=0.6272
[epoch 21 step 350]  loss=5.78e-01  l1=5.78e-01  l2=0.00e+00  psnr=14.8  cos=0.5790
[epoch 21 step 375]  loss=5.11e-01  l1=5.11e-01  l2=0.00e+00  psnr=15.8  cos=0.6231
[epoch 21 step 400]  loss=5.47e-01  l1=5.47e-01  l2=0.00e+00  psnr=15.5  cos=0.5988
[epoch 21 step 425]  loss=5.01e-01  l1=5.01e-01  l2=0.00e+00  psnr=15.6  cos=0.6384
[epoch 21 step 450]  loss=5.51e-01  l1=5.51e-01  l2=0.00e+00  psnr=14.9  cos=0.6272
[epoch 21 step 475]  loss=5.14e-01  l1=5.14e-01  l2=0.00e+00  psnr=15.8  cos=0.6163
[epoch 21 step 500]  loss=5.07e-01  l1=5.07e-01  l2=0.00e+00  psnr=15.5  cos=0.6512
[epoch 21 step 525]  loss=5.14e-01  l1=5.14e-01  l2=0.00e+00  psnr=15.8  cos=0.6269
[epoch 21 step 550]  loss=5.19e-01  l1=5.19e-01  l2=0.00e+00  psnr=15.6  cos=0.6263
[epoch 21 step 575]  loss=5.27e-01  l1=5.27e-01  l2=0.00e+00  psnr=15.4  cos=0.6125
[epoch 21 step 600]  loss=5.20e-01  l1=5.20e-01  l2=0.00e+00  psnr=15.7  cos=0.6262
[epoch 21 step 625]  loss=5.20e-01  l1=5.20e-01  l2=0.00e+00  psnr=15.4  cos=0.6246
[epoch 21 step 650]  loss=5.50e-01  l1=5.50e-01  l2=0.00e+00  psnr=15.3  cos=0.5956
[epoch 21 step 675]  loss=5.20e-01  l1=5.20e-01  l2=0.00e+00  psnr=15.5  cos=0.6333
[epoch 21 step 700]  loss=5.61e-01  l1=5.61e-01  l2=0.00e+00  psnr=15.1  cos=0.5997
[epoch 21 step 725]  loss=5.32e-01  l1=5.32e-01  l2=0.00e+00  psnr=15.5  cos=0.6049
[epoch 21 step 750]  loss=6.00e-01  l1=6.00e-01  l2=0.00e+00  psnr=14.6  cos=0.5799
[epoch 21 step 775]  loss=5.23e-01  l1=5.23e-01  l2=0.00e+00  psnr=15.6  cos=0.6143
[epoch 21 step 800]  loss=5.59e-01  l1=5.59e-01  l2=0.00e+00  psnr=15.1  cos=0.5686
[epoch 21 step 825]  loss=5.22e-01  l1=5.22e-01  l2=0.00e+00  psnr=15.4  cos=0.6346
[epoch 21 step 850]  loss=5.47e-01  l1=5.47e-01  l2=0.00e+00  psnr=15.3  cos=0.6085
[epoch 21 step 875]  loss=5.36e-01  l1=5.36e-01  l2=0.00e+00  psnr=15.3  cos=0.6136
[epoch 21 step 900]  loss=5.01e-01  l1=5.01e-01  l2=0.00e+00  psnr=15.9  cos=0.6408
[epoch 21 step 925]  loss=5.31e-01  l1=5.31e-01  l2=0.00e+00  psnr=15.6  cos=0.6159
[epoch 21 step 950]  loss=5.37e-01  l1=5.37e-01  l2=0.00e+00  psnr=15.4  cos=0.6008
[epoch 21 step 975]  loss=5.16e-01  l1=5.16e-01  l2=0.00e+00  psnr=15.7  cos=0.6200
[epoch 21 step 1000]  loss=5.50e-01  l1=5.50e-01  l2=0.00e+00  psnr=15.0  cos=0.6183
[epoch 21 step 1025]  loss=5.25e-01  l1=5.25e-01  l2=0.00e+00  psnr=15.6  cos=0.6251
[epoch 21 step 1050]  loss=5.29e-01  l1=5.29e-01  l2=0.00e+00  psnr=15.5  cos=0.6042
[epoch 21 step 1075]  loss=5.07e-01  l1=5.07e-01  l2=0.00e+00  psnr=15.5  cos=0.6308
[epoch 21 step 1100]  loss=5.44e-01  l1=5.44e-01  l2=0.00e+00  psnr=15.4  cos=0.5997
[epoch 21 step 1125]  loss=5.35e-01  l1=5.35e-01  l2=0.00e+00  psnr=15.5  cos=0.6054
[epoch 21 step 1150]  loss=5.34e-01  l1=5.34e-01  l2=0.00e+00  psnr=15.4  cos=0.6334
[epoch 21 step 1175]  loss=5.43e-01  l1=5.43e-01  l2=0.00e+00  psnr=15.3  cos=0.6061
[epoch 21 step 1200]  loss=4.83e-01  l1=4.83e-01  l2=0.00e+00  psnr=16.1  cos=0.6573
[epoch 21 step 1225]  loss=5.33e-01  l1=5.33e-01  l2=0.00e+00  psnr=15.3  cos=0.6279
[epoch 21 DONE]  final_loss=5.14e-01  psnr=15.26  cos=0.6279
[checkpoint] /workspace/runs/trial_toy_d3t/checkpoints/epoch_0021.pt
[val epoch 21]  latent_l1=0.5298  latent_l2=0.7851  latent_psnr=25.5546
[best] new best latent_psnr=25.5546 (prev=25.5377) -> /workspace/runs/trial_toy_d3t/checkpoints/best.pt
[epoch 22 step 000]  loss=5.40e-01  l1=5.40e-01  l2=0.00e+00  psnr=15.5  cos=0.5887
[epoch 22 step 025]  loss=5.35e-01  l1=5.35e-01  l2=0.00e+00  psnr=15.3  cos=0.6129
[epoch 22 step 050]  loss=5.89e-01  l1=5.89e-01  l2=0.00e+00  psnr=14.8  cos=0.5844
[epoch 22 step 075]  loss=5.53e-01  l1=5.53e-01  l2=0.00e+00  psnr=15.1  cos=0.6141
[epoch 22 step 100]  loss=5.13e-01  l1=5.13e-01  l2=0.00e+00  psnr=15.8  cos=0.6172
[epoch 22 step 125]  loss=5.12e-01  l1=5.12e-01  l2=0.00e+00  psnr=15.7  cos=0.6464
[epoch 22 step 150]  loss=4.99e-01  l1=4.99e-01  l2=0.00e+00  psnr=16.0  cos=0.6210
[epoch 22 step 175]  loss=5.62e-01  l1=5.62e-01  l2=0.00e+00  psnr=15.1  cos=0.6024
[epoch 22 step 200]  loss=5.51e-01  l1=5.51e-01  l2=0.00e+00  psnr=15.3  cos=0.5816
[epoch 22 step 225]  loss=5.13e-01  l1=5.13e-01  l2=0.00e+00  psnr=15.9  cos=0.6191
[epoch 22 step 250]  loss=5.22e-01  l1=5.22e-01  l2=0.00e+00  psnr=15.7  cos=0.6243
[epoch 22 step 275]  loss=5.36e-01  l1=5.36e-01  l2=0.00e+00  psnr=15.3  cos=0.6112
[epoch 22 step 300]  loss=5.30e-01  l1=5.30e-01  l2=0.00e+00  psnr=15.4  cos=0.6048
[epoch 22 step 325]  loss=5.19e-01  l1=5.19e-01  l2=0.00e+00  psnr=15.6  cos=0.6364
[epoch 22 step 350]  loss=5.39e-01  l1=5.39e-01  l2=0.00e+00  psnr=15.4  cos=0.6152
[epoch 22 step 375]  loss=5.06e-01  l1=5.06e-01  l2=0.00e+00  psnr=15.9  cos=0.6345
[epoch 22 step 400]  loss=5.48e-01  l1=5.48e-01  l2=0.00e+00  psnr=15.2  cos=0.6134
[epoch 22 step 425]  loss=5.39e-01  l1=5.39e-01  l2=0.00e+00  psnr=15.5  cos=0.6160
[epoch 22 step 450]  loss=5.05e-01  l1=5.05e-01  l2=0.00e+00  psnr=16.0  cos=0.6262
[epoch 22 step 475]  loss=5.61e-01  l1=5.61e-01  l2=0.00e+00  psnr=15.1  cos=0.5840
[epoch 22 step 500]  loss=5.50e-01  l1=5.50e-01  l2=0.00e+00  psnr=15.3  cos=0.6090
[epoch 22 step 525]  loss=5.12e-01  l1=5.12e-01  l2=0.00e+00  psnr=15.5  cos=0.6336
[epoch 22 step 550]  loss=5.31e-01  l1=5.31e-01  l2=0.00e+00  psnr=15.5  cos=0.6216
[epoch 22 step 575]  loss=5.70e-01  l1=5.70e-01  l2=0.00e+00  psnr=15.0  cos=0.5802
[epoch 22 step 600]  loss=5.32e-01  l1=5.32e-01  l2=0.00e+00  psnr=15.5  cos=0.6063
[epoch 22 step 625]  loss=5.74e-01  l1=5.74e-01  l2=0.00e+00  psnr=14.9  cos=0.5959
[epoch 22 step 650]  loss=5.00e-01  l1=5.00e-01  l2=0.00e+00  psnr=15.8  cos=0.6481
[epoch 22 step 675]  loss=5.31e-01  l1=5.31e-01  l2=0.00e+00  psnr=15.4  cos=0.6056
[epoch 22 step 700]  loss=5.60e-01  l1=5.60e-01  l2=0.00e+00  psnr=15.2  cos=0.5780
[epoch 22 step 725]  loss=5.50e-01  l1=5.50e-01  l2=0.00e+00  psnr=15.3  cos=0.6012
[epoch 22 step 750]  loss=5.35e-01  l1=5.35e-01  l2=0.00e+00  psnr=15.4  cos=0.6023
[epoch 22 step 775]  loss=5.41e-01  l1=5.41e-01  l2=0.00e+00  psnr=15.2  cos=0.6110
[epoch 22 step 800]  loss=5.25e-01  l1=5.25e-01  l2=0.00e+00  psnr=15.6  cos=0.6097
[epoch 22 step 825]  loss=5.34e-01  l1=5.34e-01  l2=0.00e+00  psnr=15.4  cos=0.6131
[epoch 22 step 850]  loss=5.06e-01  l1=5.06e-01  l2=0.00e+00  psnr=15.6  cos=0.6375
[epoch 22 step 875]  loss=5.21e-01  l1=5.21e-01  l2=0.00e+00  psnr=15.6  cos=0.6172
[epoch 22 step 900]  loss=5.37e-01  l1=5.37e-01  l2=0.00e+00  psnr=15.2  cos=0.6254
[epoch 22 step 925]  loss=5.22e-01  l1=5.22e-01  l2=0.00e+00  psnr=15.8  cos=0.6129
[epoch 22 step 950]  loss=5.69e-01  l1=5.69e-01  l2=0.00e+00  psnr=15.2  cos=0.5744
[epoch 22 step 975]  loss=5.13e-01  l1=5.13e-01  l2=0.00e+00  psnr=15.7  cos=0.6272
[epoch 22 step 1000]  loss=5.11e-01  l1=5.11e-01  l2=0.00e+00  psnr=15.7  cos=0.6385
[epoch 22 step 1025]  loss=5.71e-01  l1=5.71e-01  l2=0.00e+00  psnr=15.0  cos=0.5676
[epoch 22 step 1050]  loss=5.01e-01  l1=5.01e-01  l2=0.00e+00  psnr=15.9  cos=0.6372
[epoch 22 step 1075]  loss=5.43e-01  l1=5.43e-01  l2=0.00e+00  psnr=15.3  cos=0.6000
[epoch 22 step 1100]  loss=5.63e-01  l1=5.63e-01  l2=0.00e+00  psnr=15.3  cos=0.5740
[epoch 22 step 1125]  loss=5.14e-01  l1=5.14e-01  l2=0.00e+00  psnr=15.5  cos=0.6367
[epoch 22 step 1150]  loss=5.25e-01  l1=5.25e-01  l2=0.00e+00  psnr=15.7  cos=0.6169
[epoch 22 step 1175]  loss=5.49e-01  l1=5.49e-01  l2=0.00e+00  psnr=15.3  cos=0.5896
[epoch 22 step 1200]  loss=5.26e-01  l1=5.26e-01  l2=0.00e+00  psnr=15.6  cos=0.6235
[epoch 22 step 1225]  loss=5.56e-01  l1=5.56e-01  l2=0.00e+00  psnr=15.1  cos=0.6137
[epoch 22 DONE]  final_loss=5.06e-01  psnr=15.11  cos=0.6137
[checkpoint] /workspace/runs/trial_toy_d3t/checkpoints/epoch_0022.pt
[val epoch 22]  latent_l1=0.5287  latent_l2=0.7830  latent_psnr=25.5780
[best] new best latent_psnr=25.5780 (prev=25.5546) -> /workspace/runs/trial_toy_d3t/checkpoints/best.pt
[epoch 23 step 000]  loss=5.21e-01  l1=5.21e-01  l2=0.00e+00  psnr=15.1  cos=0.6452
[epoch 23 step 025]  loss=5.24e-01  l1=5.24e-01  l2=0.00e+00  psnr=15.9  cos=0.6119
[epoch 23 step 050]  loss=5.14e-01  l1=5.14e-01  l2=0.00e+00  psnr=15.7  cos=0.6426
[epoch 23 step 075]  loss=5.27e-01  l1=5.27e-01  l2=0.00e+00  psnr=15.5  cos=0.6254
[epoch 23 step 100]  loss=5.66e-01  l1=5.66e-01  l2=0.00e+00  psnr=15.2  cos=0.5966
[epoch 23 step 125]  loss=5.44e-01  l1=5.44e-01  l2=0.00e+00  psnr=15.3  cos=0.6013
[epoch 23 step 150]  loss=5.43e-01  l1=5.43e-01  l2=0.00e+00  psnr=15.3  cos=0.6153
[epoch 23 step 175]  loss=5.36e-01  l1=5.36e-01  l2=0.00e+00  psnr=15.5  cos=0.6243
[epoch 23 step 200]  loss=5.13e-01  l1=5.13e-01  l2=0.00e+00  psnr=15.4  cos=0.6379
[epoch 23 step 225]  loss=5.12e-01  l1=5.12e-01  l2=0.00e+00  psnr=15.7  cos=0.6311
[epoch 23 step 250]  loss=5.17e-01  l1=5.17e-01  l2=0.00e+00  psnr=15.6  cos=0.6353
[epoch 23 step 275]  loss=5.43e-01  l1=5.43e-01  l2=0.00e+00  psnr=15.5  cos=0.6145
[epoch 23 step 300]  loss=5.77e-01  l1=5.77e-01  l2=0.00e+00  psnr=14.9  cos=0.5816
[epoch 23 step 325]  loss=4.99e-01  l1=4.99e-01  l2=0.00e+00  psnr=16.0  cos=0.6529
[epoch 23 step 350]  loss=5.55e-01  l1=5.55e-01  l2=0.00e+00  psnr=15.1  cos=0.6008
[epoch 23 step 375]  loss=5.26e-01  l1=5.26e-01  l2=0.00e+00  psnr=15.5  cos=0.6283
[epoch 23 step 400]  loss=5.54e-01  l1=5.54e-01  l2=0.00e+00  psnr=15.3  cos=0.5844
[epoch 23 step 425]  loss=4.92e-01  l1=4.92e-01  l2=0.00e+00  psnr=16.0  cos=0.6531
[epoch 23 step 450]  loss=5.20e-01  l1=5.20e-01  l2=0.00e+00  psnr=15.6  cos=0.6200
[epoch 23 step 475]  loss=4.98e-01  l1=4.98e-01  l2=0.00e+00  psnr=16.2  cos=0.6357
[epoch 23 step 500]  loss=5.34e-01  l1=5.34e-01  l2=0.00e+00  psnr=15.5  cos=0.6250
[epoch 23 step 525]  loss=5.21e-01  l1=5.21e-01  l2=0.00e+00  psnr=15.7  cos=0.6224
[epoch 23 step 550]  loss=5.09e-01  l1=5.09e-01  l2=0.00e+00  psnr=15.8  cos=0.6335
[epoch 23 step 575]  loss=5.26e-01  l1=5.26e-01  l2=0.00e+00  psnr=15.6  cos=0.6176
[epoch 23 step 600]  loss=4.99e-01  l1=4.99e-01  l2=0.00e+00  psnr=15.9  cos=0.6309
[epoch 23 step 625]  loss=5.25e-01  l1=5.25e-01  l2=0.00e+00  psnr=15.5  cos=0.6369
[epoch 23 step 650]  loss=5.34e-01  l1=5.34e-01  l2=0.00e+00  psnr=15.4  cos=0.6008
[epoch 23 step 675]  loss=5.03e-01  l1=5.03e-01  l2=0.00e+00  psnr=16.1  cos=0.6205
[epoch 23 step 700]  loss=5.25e-01  l1=5.25e-01  l2=0.00e+00  psnr=15.7  cos=0.6067
[epoch 23 step 725]  loss=5.40e-01  l1=5.40e-01  l2=0.00e+00  psnr=15.5  cos=0.6146
[epoch 23 step 750]  loss=5.51e-01  l1=5.51e-01  l2=0.00e+00  psnr=15.2  cos=0.5891
[epoch 23 step 775]  loss=5.31e-01  l1=5.31e-01  l2=0.00e+00  psnr=15.6  cos=0.5879
[epoch 23 step 800]  loss=5.42e-01  l1=5.42e-01  l2=0.00e+00  psnr=15.5  cos=0.6203
[epoch 23 step 825]  loss=5.27e-01  l1=5.27e-01  l2=0.00e+00  psnr=15.4  cos=0.6134
[epoch 23 step 850]  loss=5.56e-01  l1=5.56e-01  l2=0.00e+00  psnr=15.2  cos=0.5806
[epoch 23 step 875]  loss=5.22e-01  l1=5.22e-01  l2=0.00e+00  psnr=15.5  cos=0.6192
[epoch 23 step 900]  loss=5.25e-01  l1=5.25e-01  l2=0.00e+00  psnr=15.7  cos=0.6008
[epoch 23 step 925]  loss=5.81e-01  l1=5.81e-01  l2=0.00e+00  psnr=14.9  cos=0.5862
[epoch 23 step 950]  loss=5.03e-01  l1=5.03e-01  l2=0.00e+00  psnr=15.9  cos=0.6451
[epoch 23 step 975]  loss=5.33e-01  l1=5.33e-01  l2=0.00e+00  psnr=15.1  cos=0.6441
[epoch 23 step 1000]  loss=5.24e-01  l1=5.24e-01  l2=0.00e+00  psnr=15.4  cos=0.6393
[epoch 23 step 1025]  loss=5.17e-01  l1=5.17e-01  l2=0.00e+00  psnr=15.5  cos=0.6321
[epoch 23 step 1050]  loss=5.36e-01  l1=5.36e-01  l2=0.00e+00  psnr=15.4  cos=0.6084
[epoch 23 step 1075]  loss=5.28e-01  l1=5.28e-01  l2=0.00e+00  psnr=15.5  cos=0.6223
[epoch 23 step 1100]  loss=5.41e-01  l1=5.41e-01  l2=0.00e+00  psnr=15.2  cos=0.6165
[epoch 23 step 1125]  loss=5.69e-01  l1=5.69e-01  l2=0.00e+00  psnr=14.8  cos=0.5907
[epoch 23 step 1150]  loss=5.27e-01  l1=5.27e-01  l2=0.00e+00  psnr=15.7  cos=0.6094
[epoch 23 step 1175]  loss=5.51e-01  l1=5.51e-01  l2=0.00e+00  psnr=15.1  cos=0.5766
[epoch 23 step 1200]  loss=5.34e-01  l1=5.34e-01  l2=0.00e+00  psnr=15.2  cos=0.6325
[epoch 23 step 1225]  loss=5.34e-01  l1=5.34e-01  l2=0.00e+00  psnr=15.8  cos=0.5997
[epoch 23 DONE]  final_loss=5.31e-01  psnr=15.84  cos=0.5997
[checkpoint] /workspace/runs/trial_toy_d3t/checkpoints/epoch_0023.pt
[val epoch 23]  latent_l1=0.5276  latent_l2=0.7821  latent_psnr=25.5878
[best] new best latent_psnr=25.5878 (prev=25.5780) -> /workspace/runs/trial_toy_d3t/checkpoints/best.pt
[epoch 24 step 000]  loss=5.40e-01  l1=5.40e-01  l2=0.00e+00  psnr=15.5  cos=0.6033
[epoch 24 step 025]  loss=5.17e-01  l1=5.17e-01  l2=0.00e+00  psnr=15.9  cos=0.6205
[epoch 24 step 050]  loss=4.99e-01  l1=4.99e-01  l2=0.00e+00  psnr=15.8  cos=0.6350
[epoch 24 step 075]  loss=5.53e-01  l1=5.53e-01  l2=0.00e+00  psnr=15.4  cos=0.5965
[epoch 24 step 100]  loss=5.23e-01  l1=5.23e-01  l2=0.00e+00  psnr=15.4  cos=0.6212
[epoch 24 step 125]  loss=5.15e-01  l1=5.15e-01  l2=0.00e+00  psnr=15.6  cos=0.6305
[epoch 24 step 150]  loss=5.61e-01  l1=5.61e-01  l2=0.00e+00  psnr=15.2  cos=0.5883
[epoch 24 step 175]  loss=5.33e-01  l1=5.33e-01  l2=0.00e+00  psnr=15.4  cos=0.6257
[epoch 24 step 200]  loss=5.26e-01  l1=5.26e-01  l2=0.00e+00  psnr=15.6  cos=0.6240
[epoch 24 step 225]  loss=5.77e-01  l1=5.77e-01  l2=0.00e+00  psnr=15.0  cos=0.5841
[epoch 24 step 250]  loss=5.24e-01  l1=5.24e-01  l2=0.00e+00  psnr=15.5  cos=0.6366
[epoch 24 step 275]  loss=5.12e-01  l1=5.12e-01  l2=0.00e+00  psnr=15.5  cos=0.6389
[epoch 24 step 300]  loss=5.45e-01  l1=5.45e-01  l2=0.00e+00  psnr=15.3  cos=0.6098
[epoch 24 step 325]  loss=5.29e-01  l1=5.29e-01  l2=0.00e+00  psnr=15.5  cos=0.6111
[epoch 24 step 350]  loss=5.19e-01  l1=5.19e-01  l2=0.00e+00  psnr=15.8  cos=0.6283
[epoch 24 step 375]  loss=5.60e-01  l1=5.60e-01  l2=0.00e+00  psnr=15.3  cos=0.5869
[epoch 24 step 400]  loss=5.05e-01  l1=5.05e-01  l2=0.00e+00  psnr=15.8  cos=0.6371
[epoch 24 step 425]  loss=5.57e-01  l1=5.57e-01  l2=0.00e+00  psnr=14.9  cos=0.6093
[epoch 24 step 450]  loss=4.91e-01  l1=4.91e-01  l2=0.00e+00  psnr=15.7  cos=0.6621
[epoch 24 step 475]  loss=5.18e-01  l1=5.18e-01  l2=0.00e+00  psnr=15.6  cos=0.6378
[epoch 24 step 500]  loss=5.26e-01  l1=5.26e-01  l2=0.00e+00  psnr=15.3  cos=0.6379
[epoch 24 step 525]  loss=5.03e-01  l1=5.03e-01  l2=0.00e+00  psnr=15.8  cos=0.6274
[epoch 24 step 550]  loss=5.20e-01  l1=5.20e-01  l2=0.00e+00  psnr=15.8  cos=0.6173
[epoch 24 step 575]  loss=5.43e-01  l1=5.43e-01  l2=0.00e+00  psnr=15.3  cos=0.6167
[epoch 24 step 600]  loss=5.33e-01  l1=5.33e-01  l2=0.00e+00  psnr=15.6  cos=0.6137
[epoch 24 step 625]  loss=5.34e-01  l1=5.34e-01  l2=0.00e+00  psnr=15.2  cos=0.6290
[epoch 24 step 650]  loss=5.46e-01  l1=5.46e-01  l2=0.00e+00  psnr=15.3  cos=0.6143
[epoch 24 step 675]  loss=5.20e-01  l1=5.20e-01  l2=0.00e+00  psnr=15.5  cos=0.6169
[epoch 24 step 700]  loss=5.40e-01  l1=5.40e-01  l2=0.00e+00  psnr=15.5  cos=0.5960
[epoch 24 step 725]  loss=5.71e-01  l1=5.71e-01  l2=0.00e+00  psnr=14.9  cos=0.5951
[epoch 24 step 750]  loss=5.20e-01  l1=5.20e-01  l2=0.00e+00  psnr=15.8  cos=0.6178
[epoch 24 step 775]  loss=4.91e-01  l1=4.91e-01  l2=0.00e+00  psnr=16.0  cos=0.6577
[epoch 24 step 800]  loss=5.59e-01  l1=5.59e-01  l2=0.00e+00  psnr=15.1  cos=0.5912
[epoch 24 step 825]  loss=5.32e-01  l1=5.32e-01  l2=0.00e+00  psnr=15.6  cos=0.6129
[epoch 24 step 850]  loss=5.62e-01  l1=5.62e-01  l2=0.00e+00  psnr=15.0  cos=0.5926
[epoch 24 step 875]  loss=5.16e-01  l1=5.16e-01  l2=0.00e+00  psnr=15.8  cos=0.6291
[epoch 24 step 900]  loss=5.48e-01  l1=5.48e-01  l2=0.00e+00  psnr=15.2  cos=0.6104
[epoch 24 step 925]  loss=5.19e-01  l1=5.19e-01  l2=0.00e+00  psnr=15.7  cos=0.6254
[epoch 24 step 950]  loss=5.33e-01  l1=5.33e-01  l2=0.00e+00  psnr=15.5  cos=0.6104
[epoch 24 step 975]  loss=5.01e-01  l1=5.01e-01  l2=0.00e+00  psnr=15.7  cos=0.6511
[epoch 24 step 1000]  loss=5.66e-01  l1=5.66e-01  l2=0.00e+00  psnr=15.1  cos=0.6029
[epoch 24 step 1025]  loss=5.86e-01  l1=5.86e-01  l2=0.00e+00  psnr=14.6  cos=0.5798
[epoch 24 step 1050]  loss=5.16e-01  l1=5.16e-01  l2=0.00e+00  psnr=15.7  cos=0.6214
[epoch 24 step 1075]  loss=5.00e-01  l1=5.00e-01  l2=0.00e+00  psnr=15.5  cos=0.6489
[epoch 24 step 1100]  loss=5.75e-01  l1=5.75e-01  l2=0.00e+00  psnr=14.8  cos=0.5837
[epoch 24 step 1125]  loss=5.47e-01  l1=5.47e-01  l2=0.00e+00  psnr=15.2  cos=0.6130
[epoch 24 step 1150]  loss=5.38e-01  l1=5.38e-01  l2=0.00e+00  psnr=15.2  cos=0.6304
[epoch 24 step 1175]  loss=5.25e-01  l1=5.25e-01  l2=0.00e+00  psnr=15.7  cos=0.6058
[epoch 24 step 1200]  loss=5.26e-01  l1=5.26e-01  l2=0.00e+00  psnr=15.6  cos=0.6324
[epoch 24 step 1225]  loss=5.47e-01  l1=5.47e-01  l2=0.00e+00  psnr=15.4  cos=0.6012
[epoch 24 DONE]  final_loss=5.26e-01  psnr=15.44  cos=0.6012
[checkpoint] /workspace/runs/trial_toy_d3t/checkpoints/epoch_0024.pt
[val epoch 24]  latent_l1=0.5261  latent_l2=0.7806  latent_psnr=25.6037
[best] new best latent_psnr=25.6037 (prev=25.5878) -> /workspace/runs/trial_toy_d3t/checkpoints/best.pt
[epoch 25 step 000]  loss=5.69e-01  l1=5.69e-01  l2=0.00e+00  psnr=15.2  cos=0.5728
[epoch 25 step 025]  loss=5.59e-01  l1=5.59e-01  l2=0.00e+00  psnr=14.8  cos=0.6076
[epoch 25 step 050]  loss=5.86e-01  l1=5.86e-01  l2=0.00e+00  psnr=14.8  cos=0.5791
[epoch 25 step 075]  loss=5.34e-01  l1=5.34e-01  l2=0.00e+00  psnr=15.4  cos=0.6184
[epoch 25 step 100]  loss=5.28e-01  l1=5.28e-01  l2=0.00e+00  psnr=15.4  cos=0.6229
[epoch 25 step 125]  loss=5.52e-01  l1=5.52e-01  l2=0.00e+00  psnr=15.3  cos=0.6040
[epoch 25 step 150]  loss=5.26e-01  l1=5.26e-01  l2=0.00e+00  psnr=15.8  cos=0.6196
[epoch 25 step 175]  loss=4.81e-01  l1=4.81e-01  l2=0.00e+00  psnr=16.3  cos=0.6565
[epoch 25 step 200]  loss=5.02e-01  l1=5.02e-01  l2=0.00e+00  psnr=15.8  cos=0.6320
[epoch 25 step 225]  loss=5.24e-01  l1=5.24e-01  l2=0.00e+00  psnr=15.8  cos=0.6104
[epoch 25 step 250]  loss=4.92e-01  l1=4.92e-01  l2=0.00e+00  psnr=15.8  cos=0.6507
[epoch 25 step 275]  loss=5.24e-01  l1=5.24e-01  l2=0.00e+00  psnr=15.6  cos=0.6244
[epoch 25 step 300]  loss=5.26e-01  l1=5.26e-01  l2=0.00e+00  psnr=15.4  cos=0.6237
[epoch 25 step 325]  loss=5.59e-01  l1=5.59e-01  l2=0.00e+00  psnr=15.1  cos=0.5938
[epoch 25 step 350]  loss=5.25e-01  l1=5.25e-01  l2=0.00e+00  psnr=15.7  cos=0.6089
[epoch 25 step 375]  loss=5.49e-01  l1=5.49e-01  l2=0.00e+00  psnr=15.3  cos=0.6041
[epoch 25 step 400]  loss=5.28e-01  l1=5.28e-01  l2=0.00e+00  psnr=15.4  cos=0.6321
[epoch 25 step 425]  loss=5.46e-01  l1=5.46e-01  l2=0.00e+00  psnr=15.2  cos=0.6099
[epoch 25 step 450]  loss=4.77e-01  l1=4.77e-01  l2=0.00e+00  psnr=16.1  cos=0.6511
[epoch 25 step 475]  loss=4.83e-01  l1=4.83e-01  l2=0.00e+00  psnr=16.1  cos=0.6527
[epoch 25 step 500]  loss=5.30e-01  l1=5.30e-01  l2=0.00e+00  psnr=15.4  cos=0.6192
[epoch 25 step 525]  loss=5.20e-01  l1=5.20e-01  l2=0.00e+00  psnr=15.5  cos=0.6182
[epoch 25 step 550]  loss=5.27e-01  l1=5.27e-01  l2=0.00e+00  psnr=15.4  cos=0.6465
[epoch 25 step 575]  loss=5.26e-01  l1=5.26e-01  l2=0.00e+00  psnr=15.6  cos=0.6275
[epoch 25 step 600]  loss=5.32e-01  l1=5.32e-01  l2=0.00e+00  psnr=15.3  cos=0.6361
[epoch 25 step 625]  loss=5.36e-01  l1=5.36e-01  l2=0.00e+00  psnr=15.7  cos=0.5854
[epoch 25 step 650]  loss=5.25e-01  l1=5.25e-01  l2=0.00e+00  psnr=15.5  cos=0.6220
[epoch 25 step 675]  loss=5.25e-01  l1=5.25e-01  l2=0.00e+00  psnr=15.4  cos=0.6327
[epoch 25 step 700]  loss=5.02e-01  l1=5.02e-01  l2=0.00e+00  psnr=15.8  cos=0.6478
[epoch 25 step 725]  loss=5.75e-01  l1=5.75e-01  l2=0.00e+00  psnr=15.1  cos=0.5772
[epoch 25 step 750]  loss=5.99e-01  l1=5.99e-01  l2=0.00e+00  psnr=14.5  cos=0.5654
[epoch 25 step 775]  loss=5.13e-01  l1=5.13e-01  l2=0.00e+00  psnr=16.1  cos=0.6247
[epoch 25 step 800]  loss=5.35e-01  l1=5.35e-01  l2=0.00e+00  psnr=15.5  cos=0.6072
[epoch 25 step 825]  loss=5.38e-01  l1=5.38e-01  l2=0.00e+00  psnr=15.6  cos=0.6092
[epoch 25 step 850]  loss=5.02e-01  l1=5.02e-01  l2=0.00e+00  psnr=15.8  cos=0.6349
[epoch 25 step 875]  loss=5.37e-01  l1=5.37e-01  l2=0.00e+00  psnr=15.4  cos=0.6118
[epoch 25 step 900]  loss=5.02e-01  l1=5.02e-01  l2=0.00e+00  psnr=16.0  cos=0.6355
[epoch 25 step 925]  loss=5.00e-01  l1=5.00e-01  l2=0.00e+00  psnr=15.9  cos=0.6400
[epoch 25 step 950]  loss=5.29e-01  l1=5.29e-01  l2=0.00e+00  psnr=15.8  cos=0.6118
[epoch 25 step 975]  loss=5.10e-01  l1=5.10e-01  l2=0.00e+00  psnr=15.7  cos=0.6428
[epoch 25 step 1000]  loss=4.93e-01  l1=4.93e-01  l2=0.00e+00  psnr=16.0  cos=0.6557
[epoch 25 step 1025]  loss=5.56e-01  l1=5.56e-01  l2=0.00e+00  psnr=15.2  cos=0.5920
[epoch 25 step 1050]  loss=4.91e-01  l1=4.91e-01  l2=0.00e+00  psnr=16.0  cos=0.6480
[epoch 25 step 1075]  loss=5.36e-01  l1=5.36e-01  l2=0.00e+00  psnr=15.2  cos=0.6322
[epoch 25 step 1100]  loss=5.23e-01  l1=5.23e-01  l2=0.00e+00  psnr=15.6  cos=0.6271
[epoch 25 step 1125]  loss=5.19e-01  l1=5.19e-01  l2=0.00e+00  psnr=15.7  cos=0.6281
[epoch 25 step 1150]  loss=5.18e-01  l1=5.18e-01  l2=0.00e+00  psnr=15.5  cos=0.6418
[epoch 25 step 1175]  loss=5.24e-01  l1=5.24e-01  l2=0.00e+00  psnr=15.6  cos=0.6278
[epoch 25 step 1200]  loss=5.35e-01  l1=5.35e-01  l2=0.00e+00  psnr=15.4  cos=0.6255
[epoch 25 step 1225]  loss=5.65e-01  l1=5.65e-01  l2=0.00e+00  psnr=14.8  cos=0.5994
[epoch 25 DONE]  final_loss=5.24e-01  psnr=14.85  cos=0.5994
[checkpoint] /workspace/runs/trial_toy_d3t/checkpoints/epoch_0025.pt
[val epoch 25]  latent_l1=0.5254  latent_l2=0.7795  latent_psnr=25.6165
[best] new best latent_psnr=25.6165 (prev=25.6037) -> /workspace/runs/trial_toy_d3t/checkpoints/best.pt
[epoch 26 step 000]  loss=5.39e-01  l1=5.39e-01  l2=0.00e+00  psnr=15.2  cos=0.6161
[epoch 26 step 025]  loss=5.69e-01  l1=5.69e-01  l2=0.00e+00  psnr=15.3  cos=0.5889
[epoch 26 step 050]  loss=5.16e-01  l1=5.16e-01  l2=0.00e+00  psnr=15.7  cos=0.6243
[epoch 26 step 075]  loss=5.08e-01  l1=5.08e-01  l2=0.00e+00  psnr=15.7  cos=0.6173
[epoch 26 step 100]  loss=5.40e-01  l1=5.40e-01  l2=0.00e+00  psnr=15.3  cos=0.6153
[epoch 26 step 125]  loss=5.17e-01  l1=5.17e-01  l2=0.00e+00  psnr=15.8  cos=0.6326
[epoch 26 step 150]  loss=4.86e-01  l1=4.86e-01  l2=0.00e+00  psnr=16.1  cos=0.6593
[epoch 26 step 175]  loss=5.62e-01  l1=5.62e-01  l2=0.00e+00  psnr=15.2  cos=0.5892
[epoch 26 step 200]  loss=5.31e-01  l1=5.31e-01  l2=0.00e+00  psnr=15.6  cos=0.6138
[epoch 26 step 225]  loss=5.00e-01  l1=5.00e-01  l2=0.00e+00  psnr=16.0  cos=0.6356
[epoch 26 step 250]  loss=5.29e-01  l1=5.29e-01  l2=0.00e+00  psnr=15.6  cos=0.6134
[epoch 26 step 275]  loss=5.27e-01  l1=5.27e-01  l2=0.00e+00  psnr=15.6  cos=0.6097
[epoch 26 step 300]  loss=5.39e-01  l1=5.39e-01  l2=0.00e+00  psnr=15.3  cos=0.6263
[epoch 26 step 325]  loss=5.26e-01  l1=5.26e-01  l2=0.00e+00  psnr=15.7  cos=0.6136
[epoch 26 step 350]  loss=5.74e-01  l1=5.74e-01  l2=0.00e+00  psnr=14.8  cos=0.5865
[epoch 26 step 375]  loss=5.06e-01  l1=5.06e-01  l2=0.00e+00  psnr=16.0  cos=0.6240
[epoch 26 step 400]  loss=5.10e-01  l1=5.10e-01  l2=0.00e+00  psnr=16.0  cos=0.6337
[epoch 26 step 425]  loss=5.56e-01  l1=5.56e-01  l2=0.00e+00  psnr=15.2  cos=0.6006
[epoch 26 step 450]  loss=5.32e-01  l1=5.32e-01  l2=0.00e+00  psnr=15.6  cos=0.6040
[epoch 26 step 475]  loss=5.39e-01  l1=5.39e-01  l2=0.00e+00  psnr=15.5  cos=0.6068
[epoch 26 step 500]  loss=5.29e-01  l1=5.29e-01  l2=0.00e+00  psnr=15.6  cos=0.6221
[epoch 26 step 525]  loss=5.31e-01  l1=5.31e-01  l2=0.00e+00  psnr=15.3  cos=0.6352
[epoch 26 step 550]  loss=5.41e-01  l1=5.41e-01  l2=0.00e+00  psnr=15.2  cos=0.6129
[epoch 26 step 575]  loss=5.44e-01  l1=5.44e-01  l2=0.00e+00  psnr=15.4  cos=0.6020
[epoch 26 step 600]  loss=5.18e-01  l1=5.18e-01  l2=0.00e+00  psnr=15.6  cos=0.6173
[epoch 26 step 625]  loss=5.08e-01  l1=5.08e-01  l2=0.00e+00  psnr=16.0  cos=0.6332
[epoch 26 step 650]  loss=5.40e-01  l1=5.40e-01  l2=0.00e+00  psnr=15.1  cos=0.6280
[epoch 26 step 675]  loss=5.21e-01  l1=5.21e-01  l2=0.00e+00  psnr=15.7  cos=0.6275
[epoch 26 step 700]  loss=5.20e-01  l1=5.20e-01  l2=0.00e+00  psnr=15.6  cos=0.6168
[epoch 26 step 725]  loss=5.36e-01  l1=5.36e-01  l2=0.00e+00  psnr=15.2  cos=0.6289
[epoch 26 step 750]  loss=5.21e-01  l1=5.21e-01  l2=0.00e+00  psnr=15.6  cos=0.6327
[epoch 26 step 775]  loss=5.31e-01  l1=5.31e-01  l2=0.00e+00  psnr=15.4  cos=0.6271
[epoch 26 step 800]  loss=5.46e-01  l1=5.46e-01  l2=0.00e+00  psnr=15.4  cos=0.5973
[epoch 26 step 825]  loss=5.52e-01  l1=5.52e-01  l2=0.00e+00  psnr=15.2  cos=0.6041
[epoch 26 step 850]  loss=5.21e-01  l1=5.21e-01  l2=0.00e+00  psnr=15.5  cos=0.6262
[epoch 26 step 875]  loss=5.01e-01  l1=5.01e-01  l2=0.00e+00  psnr=15.9  cos=0.6417
[epoch 26 step 900]  loss=5.41e-01  l1=5.41e-01  l2=0.00e+00  psnr=15.4  cos=0.6123
[epoch 26 step 925]  loss=5.39e-01  l1=5.39e-01  l2=0.00e+00  psnr=15.5  cos=0.6097
[epoch 26 step 950]  loss=5.70e-01  l1=5.70e-01  l2=0.00e+00  psnr=15.1  cos=0.5919
[epoch 26 step 975]  loss=5.36e-01  l1=5.36e-01  l2=0.00e+00  psnr=15.5  cos=0.6187
[epoch 26 step 1000]  loss=5.24e-01  l1=5.24e-01  l2=0.00e+00  psnr=15.6  cos=0.6133
[epoch 26 step 1025]  loss=5.25e-01  l1=5.25e-01  l2=0.00e+00  psnr=15.7  cos=0.6102
[epoch 26 step 1050]  loss=5.40e-01  l1=5.40e-01  l2=0.00e+00  psnr=15.3  cos=0.6006
[epoch 26 step 1075]  loss=5.00e-01  l1=5.00e-01  l2=0.00e+00  psnr=15.8  cos=0.6476
[epoch 26 step 1100]  loss=4.81e-01  l1=4.81e-01  l2=0.00e+00  psnr=16.0  cos=0.6603
[epoch 26 step 1125]  loss=5.23e-01  l1=5.23e-01  l2=0.00e+00  psnr=15.4  cos=0.6406
[epoch 26 step 1150]  loss=5.16e-01  l1=5.16e-01  l2=0.00e+00  psnr=15.5  cos=0.6340
[epoch 26 step 1175]  loss=5.33e-01  l1=5.33e-01  l2=0.00e+00  psnr=15.4  cos=0.6147
[epoch 26 step 1200]  loss=5.18e-01  l1=5.18e-01  l2=0.00e+00  psnr=15.7  cos=0.6070
[epoch 26 step 1225]  loss=5.17e-01  l1=5.17e-01  l2=0.00e+00  psnr=15.6  cos=0.6357
[epoch 26 DONE]  final_loss=5.07e-01  psnr=15.56  cos=0.6357
[checkpoint] /workspace/runs/trial_toy_d3t/checkpoints/epoch_0026.pt
[val epoch 26]  latent_l1=0.5245  latent_l2=0.7787  latent_psnr=25.6258
[best] new best latent_psnr=25.6258 (prev=25.6165) -> /workspace/runs/trial_toy_d3t/checkpoints/best.pt
[epoch 27 step 000]  loss=5.16e-01  l1=5.16e-01  l2=0.00e+00  psnr=15.7  cos=0.6405
[epoch 27 step 025]  loss=5.31e-01  l1=5.31e-01  l2=0.00e+00  psnr=15.5  cos=0.6285
[epoch 27 step 050]  loss=5.72e-01  l1=5.72e-01  l2=0.00e+00  psnr=15.1  cos=0.5840
[epoch 27 step 075]  loss=5.49e-01  l1=5.49e-01  l2=0.00e+00  psnr=15.2  cos=0.6146
[epoch 27 step 100]  loss=5.95e-01  l1=5.95e-01  l2=0.00e+00  psnr=14.7  cos=0.5668
[epoch 27 step 125]  loss=5.10e-01  l1=5.10e-01  l2=0.00e+00  psnr=15.5  cos=0.6622
[epoch 27 step 150]  loss=5.19e-01  l1=5.19e-01  l2=0.00e+00  psnr=15.5  cos=0.6241
[epoch 27 step 175]  loss=5.45e-01  l1=5.45e-01  l2=0.00e+00  psnr=15.2  cos=0.6035
[epoch 27 step 200]  loss=5.12e-01  l1=5.12e-01  l2=0.00e+00  psnr=15.7  cos=0.6283
[epoch 27 step 225]  loss=4.94e-01  l1=4.94e-01  l2=0.00e+00  psnr=15.9  cos=0.6546
[epoch 27 step 250]  loss=5.24e-01  l1=5.24e-01  l2=0.00e+00  psnr=15.6  cos=0.6118
[epoch 27 step 275]  loss=5.31e-01  l1=5.31e-01  l2=0.00e+00  psnr=15.4  cos=0.6346
[epoch 27 step 300]  loss=5.07e-01  l1=5.07e-01  l2=0.00e+00  psnr=15.6  cos=0.6396
[epoch 27 step 325]  loss=5.16e-01  l1=5.16e-01  l2=0.00e+00  psnr=15.8  cos=0.6429
[epoch 27 step 350]  loss=5.03e-01  l1=5.03e-01  l2=0.00e+00  psnr=16.0  cos=0.6412
[epoch 27 step 375]  loss=4.93e-01  l1=4.93e-01  l2=0.00e+00  psnr=16.0  cos=0.6412
[epoch 27 step 400]  loss=5.20e-01  l1=5.20e-01  l2=0.00e+00  psnr=15.4  cos=0.6160
[epoch 27 step 425]  loss=5.50e-01  l1=5.50e-01  l2=0.00e+00  psnr=15.1  cos=0.6067
[epoch 27 step 450]  loss=5.40e-01  l1=5.40e-01  l2=0.00e+00  psnr=15.4  cos=0.6098
[epoch 27 step 475]  loss=5.01e-01  l1=5.01e-01  l2=0.00e+00  psnr=15.8  cos=0.6481
[epoch 27 step 500]  loss=4.94e-01  l1=4.94e-01  l2=0.00e+00  psnr=16.1  cos=0.6355
[epoch 27 step 525]  loss=5.38e-01  l1=5.38e-01  l2=0.00e+00  psnr=15.4  cos=0.6218
[epoch 27 step 550]  loss=5.09e-01  l1=5.09e-01  l2=0.00e+00  psnr=15.6  cos=0.6452
[epoch 27 step 575]  loss=5.19e-01  l1=5.19e-01  l2=0.00e+00  psnr=15.7  cos=0.6152
[epoch 27 step 600]  loss=4.83e-01  l1=4.83e-01  l2=0.00e+00  psnr=16.3  cos=0.6603
[epoch 27 step 625]  loss=5.13e-01  l1=5.13e-01  l2=0.00e+00  psnr=15.3  cos=0.6452
[epoch 27 step 650]  loss=5.45e-01  l1=5.45e-01  l2=0.00e+00  psnr=15.3  cos=0.6083
[epoch 27 step 675]  loss=5.36e-01  l1=5.36e-01  l2=0.00e+00  psnr=15.4  cos=0.6100
[epoch 27 step 700]  loss=5.31e-01  l1=5.31e-01  l2=0.00e+00  psnr=15.5  cos=0.6250
[epoch 27 step 725]  loss=4.91e-01  l1=4.91e-01  l2=0.00e+00  psnr=15.7  cos=0.6658
[epoch 27 step 750]  loss=5.41e-01  l1=5.41e-01  l2=0.00e+00  psnr=15.3  cos=0.6168
[epoch 27 step 775]  loss=5.33e-01  l1=5.33e-01  l2=0.00e+00  psnr=15.4  cos=0.6051
[epoch 27 step 800]  loss=5.02e-01  l1=5.02e-01  l2=0.00e+00  psnr=15.8  cos=0.6408
[epoch 27 step 825]  loss=5.20e-01  l1=5.20e-01  l2=0.00e+00  psnr=15.5  cos=0.6307
[epoch 27 step 850]  loss=5.55e-01  l1=5.55e-01  l2=0.00e+00  psnr=15.2  cos=0.5886
[epoch 27 step 875]  loss=5.16e-01  l1=5.16e-01  l2=0.00e+00  psnr=15.7  cos=0.6360
[epoch 27 step 900]  loss=4.62e-01  l1=4.62e-01  l2=0.00e+00  psnr=16.2  cos=0.6737
[epoch 27 step 925]  loss=5.09e-01  l1=5.09e-01  l2=0.00e+00  psnr=15.7  cos=0.6441
[epoch 27 step 950]  loss=5.58e-01  l1=5.58e-01  l2=0.00e+00  psnr=15.2  cos=0.5927
[epoch 27 step 975]  loss=5.17e-01  l1=5.17e-01  l2=0.00e+00  psnr=15.6  cos=0.6248
[epoch 27 step 1000]  loss=5.08e-01  l1=5.08e-01  l2=0.00e+00  psnr=15.7  cos=0.6528
[epoch 27 step 1025]  loss=5.49e-01  l1=5.49e-01  l2=0.00e+00  psnr=15.5  cos=0.6052
[epoch 27 step 1050]  loss=5.13e-01  l1=5.13e-01  l2=0.00e+00  psnr=15.7  cos=0.6370
[epoch 27 step 1075]  loss=5.20e-01  l1=5.20e-01  l2=0.00e+00  psnr=15.5  cos=0.6333
[epoch 27 step 1100]  loss=5.31e-01  l1=5.31e-01  l2=0.00e+00  psnr=15.6  cos=0.6120
[epoch 27 step 1125]  loss=5.38e-01  l1=5.38e-01  l2=0.00e+00  psnr=15.4  cos=0.6379
[epoch 27 step 1150]  loss=4.84e-01  l1=4.84e-01  l2=0.00e+00  psnr=16.0  cos=0.6626
[epoch 27 step 1175]  loss=5.67e-01  l1=5.67e-01  l2=0.00e+00  psnr=15.0  cos=0.5985
[epoch 27 step 1200]  loss=5.27e-01  l1=5.27e-01  l2=0.00e+00  psnr=15.7  cos=0.6131
[epoch 27 step 1225]  loss=5.24e-01  l1=5.24e-01  l2=0.00e+00  psnr=15.6  cos=0.6236
[epoch 27 DONE]  final_loss=5.11e-01  psnr=15.60  cos=0.6236
[checkpoint] /workspace/runs/trial_toy_d3t/checkpoints/epoch_0027.pt
[val epoch 27]  latent_l1=0.5237  latent_l2=0.7774  latent_psnr=25.6397
[best] new best latent_psnr=25.6397 (prev=25.6258) -> /workspace/runs/trial_toy_d3t/checkpoints/best.pt
[epoch 28 step 000]  loss=4.91e-01  l1=4.91e-01  l2=0.00e+00  psnr=15.9  cos=0.6594
[epoch 28 step 025]  loss=5.24e-01  l1=5.24e-01  l2=0.00e+00  psnr=15.6  cos=0.6205
[epoch 28 step 050]  loss=5.28e-01  l1=5.28e-01  l2=0.00e+00  psnr=15.5  cos=0.6205
[epoch 28 step 075]  loss=5.23e-01  l1=5.23e-01  l2=0.00e+00  psnr=15.3  cos=0.6439
[epoch 28 step 100]  loss=5.56e-01  l1=5.56e-01  l2=0.00e+00  psnr=15.1  cos=0.5971
[epoch 28 step 125]  loss=5.40e-01  l1=5.40e-01  l2=0.00e+00  psnr=15.3  cos=0.6298
[epoch 28 step 150]  loss=5.18e-01  l1=5.18e-01  l2=0.00e+00  psnr=15.6  cos=0.6351
[epoch 28 step 175]  loss=5.39e-01  l1=5.39e-01  l2=0.00e+00  psnr=15.3  cos=0.6302
[epoch 28 step 200]  loss=5.31e-01  l1=5.31e-01  l2=0.00e+00  psnr=15.5  cos=0.6088
[epoch 28 step 225]  loss=5.28e-01  l1=5.28e-01  l2=0.00e+00  psnr=15.3  cos=0.6390
[epoch 28 step 250]  loss=5.24e-01  l1=5.24e-01  l2=0.00e+00  psnr=15.6  cos=0.6147
[epoch 28 step 275]  loss=5.43e-01  l1=5.43e-01  l2=0.00e+00  psnr=15.2  cos=0.6284
[epoch 28 step 300]  loss=5.27e-01  l1=5.27e-01  l2=0.00e+00  psnr=15.5  cos=0.6184
[epoch 28 step 325]  loss=5.45e-01  l1=5.45e-01  l2=0.00e+00  psnr=15.2  cos=0.6197
[epoch 28 step 350]  loss=5.37e-01  l1=5.37e-01  l2=0.00e+00  psnr=15.6  cos=0.6003
[epoch 28 step 375]  loss=5.29e-01  l1=5.29e-01  l2=0.00e+00  psnr=15.7  cos=0.6034
[epoch 28 step 400]  loss=5.10e-01  l1=5.10e-01  l2=0.00e+00  psnr=15.6  cos=0.6366
[epoch 28 step 425]  loss=5.24e-01  l1=5.24e-01  l2=0.00e+00  psnr=15.7  cos=0.6260
[epoch 28 step 450]  loss=5.48e-01  l1=5.48e-01  l2=0.00e+00  psnr=15.3  cos=0.6171
[epoch 28 step 475]  loss=5.60e-01  l1=5.60e-01  l2=0.00e+00  psnr=14.8  cos=0.6081
[epoch 28 step 500]  loss=6.01e-01  l1=6.01e-01  l2=0.00e+00  psnr=14.5  cos=0.5734
[epoch 28 step 525]  loss=5.23e-01  l1=5.23e-01  l2=0.00e+00  psnr=15.7  cos=0.6279
[epoch 28 step 550]  loss=5.60e-01  l1=5.60e-01  l2=0.00e+00  psnr=15.0  cos=0.6066
[epoch 28 step 575]  loss=5.28e-01  l1=5.28e-01  l2=0.00e+00  psnr=15.5  cos=0.6307
[epoch 28 step 600]  loss=5.21e-01  l1=5.21e-01  l2=0.00e+00  psnr=15.8  cos=0.6182
[epoch 28 step 625]  loss=4.95e-01  l1=4.95e-01  l2=0.00e+00  psnr=15.9  cos=0.6545
[epoch 28 step 650]  loss=4.86e-01  l1=4.86e-01  l2=0.00e+00  psnr=16.0  cos=0.6732
[epoch 28 step 675]  loss=5.86e-01  l1=5.86e-01  l2=0.00e+00  psnr=14.7  cos=0.5934
[epoch 28 step 700]  loss=5.20e-01  l1=5.20e-01  l2=0.00e+00  psnr=15.5  cos=0.6422
[epoch 28 step 725]  loss=5.54e-01  l1=5.54e-01  l2=0.00e+00  psnr=15.1  cos=0.6043
[epoch 28 step 750]  loss=5.32e-01  l1=5.32e-01  l2=0.00e+00  psnr=15.3  cos=0.6289
[epoch 28 step 775]  loss=5.10e-01  l1=5.10e-01  l2=0.00e+00  psnr=15.5  cos=0.6509
[epoch 28 step 800]  loss=5.21e-01  l1=5.21e-01  l2=0.00e+00  psnr=15.6  cos=0.6337
[epoch 28 step 825]  loss=5.69e-01  l1=5.69e-01  l2=0.00e+00  psnr=15.2  cos=0.5902
[epoch 28 step 850]  loss=5.09e-01  l1=5.09e-01  l2=0.00e+00  psnr=15.7  cos=0.6344
[epoch 28 step 875]  loss=5.22e-01  l1=5.22e-01  l2=0.00e+00  psnr=15.7  cos=0.6241
[epoch 28 step 900]  loss=5.00e-01  l1=5.00e-01  l2=0.00e+00  psnr=15.9  cos=0.6493
[epoch 28 step 925]  loss=5.49e-01  l1=5.49e-01  l2=0.00e+00  psnr=15.2  cos=0.6187
[epoch 28 step 950]  loss=5.00e-01  l1=5.00e-01  l2=0.00e+00  psnr=15.9  cos=0.6377
[epoch 28 step 975]  loss=5.16e-01  l1=5.16e-01  l2=0.00e+00  psnr=15.8  cos=0.6348
[epoch 28 step 1000]  loss=5.30e-01  l1=5.30e-01  l2=0.00e+00  psnr=15.6  cos=0.6239
[epoch 28 step 1025]  loss=5.36e-01  l1=5.36e-01  l2=0.00e+00  psnr=15.2  cos=0.6320
[epoch 28 step 1050]  loss=5.28e-01  l1=5.28e-01  l2=0.00e+00  psnr=15.6  cos=0.6210
[epoch 28 step 1075]  loss=5.31e-01  l1=5.31e-01  l2=0.00e+00  psnr=15.5  cos=0.6245
[epoch 28 step 1100]  loss=5.48e-01  l1=5.48e-01  l2=0.00e+00  psnr=15.1  cos=0.6103
[epoch 28 step 1125]  loss=5.61e-01  l1=5.61e-01  l2=0.00e+00  psnr=15.0  cos=0.6023
[epoch 28 step 1150]  loss=5.07e-01  l1=5.07e-01  l2=0.00e+00  psnr=16.0  cos=0.6312
[epoch 28 step 1175]  loss=5.62e-01  l1=5.62e-01  l2=0.00e+00  psnr=15.1  cos=0.6106
[epoch 28 step 1200]  loss=5.15e-01  l1=5.15e-01  l2=0.00e+00  psnr=15.8  cos=0.6199
[epoch 28 step 1225]  loss=5.31e-01  l1=5.31e-01  l2=0.00e+00  psnr=15.5  cos=0.6177
[epoch 28 DONE]  final_loss=5.06e-01  psnr=15.53  cos=0.6177
[checkpoint] /workspace/runs/trial_toy_d3t/checkpoints/epoch_0028.pt
[val epoch 28]  latent_l1=0.5227  latent_l2=0.7766  latent_psnr=25.6487
[best] new best latent_psnr=25.6487 (prev=25.6397) -> /workspace/runs/trial_toy_d3t/checkpoints/best.pt
[epoch 29 step 000]  loss=5.00e-01  l1=5.00e-01  l2=0.00e+00  psnr=15.7  cos=0.6585
[epoch 29 step 025]  loss=5.53e-01  l1=5.53e-01  l2=0.00e+00  psnr=15.4  cos=0.5971
[epoch 29 step 050]  loss=5.09e-01  l1=5.09e-01  l2=0.00e+00  psnr=15.3  cos=0.6565
[epoch 29 step 075]  loss=5.18e-01  l1=5.18e-01  l2=0.00e+00  psnr=15.4  cos=0.6467
[epoch 29 step 100]  loss=5.31e-01  l1=5.31e-01  l2=0.00e+00  psnr=15.2  cos=0.6433
[epoch 29 step 125]  loss=5.38e-01  l1=5.38e-01  l2=0.00e+00  psnr=15.3  cos=0.6294
[epoch 29 step 150]  loss=5.27e-01  l1=5.27e-01  l2=0.00e+00  psnr=15.3  cos=0.6349
[epoch 29 step 175]  loss=5.27e-01  l1=5.27e-01  l2=0.00e+00  psnr=15.6  cos=0.6185
[epoch 29 step 200]  loss=5.18e-01  l1=5.18e-01  l2=0.00e+00  psnr=15.5  cos=0.6384
[epoch 29 step 225]  loss=5.06e-01  l1=5.06e-01  l2=0.00e+00  psnr=15.7  cos=0.6486
[epoch 29 step 250]  loss=5.07e-01  l1=5.07e-01  l2=0.00e+00  psnr=15.8  cos=0.6526
[epoch 29 step 275]  loss=5.21e-01  l1=5.21e-01  l2=0.00e+00  psnr=15.7  cos=0.6284
[epoch 29 step 300]  loss=5.51e-01  l1=5.51e-01  l2=0.00e+00  psnr=15.0  cos=0.6262
[epoch 29 step 325]  loss=4.87e-01  l1=4.87e-01  l2=0.00e+00  psnr=16.2  cos=0.6356
[epoch 29 step 350]  loss=5.19e-01  l1=5.19e-01  l2=0.00e+00  psnr=15.5  cos=0.6349
[epoch 29 step 375]  loss=5.47e-01  l1=5.47e-01  l2=0.00e+00  psnr=15.0  cos=0.6208
[epoch 29 step 400]  loss=5.31e-01  l1=5.31e-01  l2=0.00e+00  psnr=15.5  cos=0.6112
[epoch 29 step 425]  loss=5.25e-01  l1=5.25e-01  l2=0.00e+00  psnr=15.6  cos=0.6223
[epoch 29 step 450]  loss=5.32e-01  l1=5.32e-01  l2=0.00e+00  psnr=15.6  cos=0.6160
[epoch 29 step 475]  loss=5.43e-01  l1=5.43e-01  l2=0.00e+00  psnr=15.4  cos=0.6177
[epoch 29 step 500]  loss=5.22e-01  l1=5.22e-01  l2=0.00e+00  psnr=15.7  cos=0.6275
[epoch 29 step 525]  loss=5.75e-01  l1=5.75e-01  l2=0.00e+00  psnr=14.8  cos=0.5921
[epoch 29 step 550]  loss=5.20e-01  l1=5.20e-01  l2=0.00e+00  psnr=15.6  cos=0.6368
[epoch 29 step 575]  loss=5.26e-01  l1=5.26e-01  l2=0.00e+00  psnr=15.5  cos=0.6225
[epoch 29 step 600]  loss=5.19e-01  l1=5.19e-01  l2=0.00e+00  psnr=15.6  cos=0.6303
[epoch 29 step 625]  loss=5.14e-01  l1=5.14e-01  l2=0.00e+00  psnr=15.5  cos=0.6487
[epoch 29 step 650]  loss=5.52e-01  l1=5.52e-01  l2=0.00e+00  psnr=15.2  cos=0.6016
[epoch 29 step 675]  loss=5.17e-01  l1=5.17e-01  l2=0.00e+00  psnr=15.7  cos=0.6290
[epoch 29 step 700]  loss=5.24e-01  l1=5.24e-01  l2=0.00e+00  psnr=15.4  cos=0.6227
[epoch 29 step 725]  loss=5.27e-01  l1=5.27e-01  l2=0.00e+00  psnr=15.5  cos=0.6245
[epoch 29 step 750]  loss=5.13e-01  l1=5.13e-01  l2=0.00e+00  psnr=15.7  cos=0.6481
[epoch 29 step 775]  loss=4.68e-01  l1=4.68e-01  l2=0.00e+00  psnr=16.3  cos=0.6740
[epoch 29 step 800]  loss=5.43e-01  l1=5.43e-01  l2=0.00e+00  psnr=15.2  cos=0.6314
[epoch 29 step 825]  loss=5.66e-01  l1=5.66e-01  l2=0.00e+00  psnr=14.8  cos=0.6018
[epoch 29 step 850]  loss=5.26e-01  l1=5.26e-01  l2=0.00e+00  psnr=15.7  cos=0.6261
[epoch 29 step 875]  loss=5.51e-01  l1=5.51e-01  l2=0.00e+00  psnr=15.3  cos=0.6024
[epoch 29 step 900]  loss=5.00e-01  l1=5.00e-01  l2=0.00e+00  psnr=16.0  cos=0.6420
[epoch 29 step 925]  loss=5.43e-01  l1=5.43e-01  l2=0.00e+00  psnr=15.3  cos=0.6123
[epoch 29 step 950]  loss=5.20e-01  l1=5.20e-01  l2=0.00e+00  psnr=15.8  cos=0.6198
[epoch 29 step 975]  loss=5.39e-01  l1=5.39e-01  l2=0.00e+00  psnr=15.5  cos=0.6110
[epoch 29 step 1000]  loss=5.14e-01  l1=5.14e-01  l2=0.00e+00  psnr=15.7  cos=0.6348
[epoch 29 step 1025]  loss=5.05e-01  l1=5.05e-01  l2=0.00e+00  psnr=15.7  cos=0.6294
[epoch 29 step 1050]  loss=4.99e-01  l1=4.99e-01  l2=0.00e+00  psnr=15.8  cos=0.6455
[epoch 29 step 1075]  loss=5.01e-01  l1=5.01e-01  l2=0.00e+00  psnr=15.7  cos=0.6475
[epoch 29 step 1100]  loss=5.26e-01  l1=5.26e-01  l2=0.00e+00  psnr=15.6  cos=0.6200
[epoch 29 step 1125]  loss=4.97e-01  l1=4.97e-01  l2=0.00e+00  psnr=15.9  cos=0.6460
[epoch 29 step 1150]  loss=5.51e-01  l1=5.51e-01  l2=0.00e+00  psnr=15.1  cos=0.6256
[epoch 29 step 1175]  loss=5.20e-01  l1=5.20e-01  l2=0.00e+00  psnr=15.8  cos=0.6266
[epoch 29 step 1200]  loss=4.98e-01  l1=4.98e-01  l2=0.00e+00  psnr=15.7  cos=0.6567
[epoch 29 step 1225]  loss=5.34e-01  l1=5.34e-01  l2=0.00e+00  psnr=15.4  cos=0.6232
[epoch 29 DONE]  final_loss=5.29e-01  psnr=15.43  cos=0.6232
[checkpoint] /workspace/runs/trial_toy_d3t/checkpoints/epoch_0029.pt
[val epoch 29]  latent_l1=0.5220  latent_l2=0.7754  latent_psnr=25.6630
[best] new best latent_psnr=25.6630 (prev=25.6487) -> /workspace/runs/trial_toy_d3t/checkpoints/best.pt
[epoch 30 step 000]  loss=5.11e-01  l1=5.11e-01  l2=0.00e+00  psnr=15.8  cos=0.6399
[epoch 30 step 025]  loss=5.56e-01  l1=5.56e-01  l2=0.00e+00  psnr=15.0  cos=0.6142
[epoch 30 step 050]  loss=5.04e-01  l1=5.04e-01  l2=0.00e+00  psnr=15.9  cos=0.6363
[epoch 30 step 075]  loss=5.22e-01  l1=5.22e-01  l2=0.00e+00  psnr=15.5  cos=0.6319
[epoch 30 step 100]  loss=5.42e-01  l1=5.42e-01  l2=0.00e+00  psnr=15.2  cos=0.6211
[epoch 30 step 125]  loss=5.03e-01  l1=5.03e-01  l2=0.00e+00  psnr=15.9  cos=0.6448
[epoch 30 step 150]  loss=5.27e-01  l1=5.27e-01  l2=0.00e+00  psnr=15.2  cos=0.6393
[epoch 30 step 175]  loss=5.38e-01  l1=5.38e-01  l2=0.00e+00  psnr=15.4  cos=0.6155
[epoch 30 step 200]  loss=5.05e-01  l1=5.05e-01  l2=0.00e+00  psnr=15.8  cos=0.6335
[epoch 30 step 225]  loss=5.30e-01  l1=5.30e-01  l2=0.00e+00  psnr=15.5  cos=0.6194
[epoch 30 step 250]  loss=4.83e-01  l1=4.83e-01  l2=0.00e+00  psnr=16.1  cos=0.6526
[epoch 30 step 275]  loss=5.24e-01  l1=5.24e-01  l2=0.00e+00  psnr=15.8  cos=0.6239
[epoch 30 step 300]  loss=5.27e-01  l1=5.27e-01  l2=0.00e+00  psnr=15.4  cos=0.6414
[epoch 30 step 325]  loss=5.22e-01  l1=5.22e-01  l2=0.00e+00  psnr=15.5  cos=0.6467
[epoch 30 step 350]  loss=5.51e-01  l1=5.51e-01  l2=0.00e+00  psnr=15.1  cos=0.6121
[epoch 30 step 375]  loss=5.47e-01  l1=5.47e-01  l2=0.00e+00  psnr=15.2  cos=0.6225
[epoch 30 step 400]  loss=5.19e-01  l1=5.19e-01  l2=0.00e+00  psnr=15.8  cos=0.6265
[epoch 30 step 425]  loss=5.07e-01  l1=5.07e-01  l2=0.00e+00  psnr=15.8  cos=0.6348
[epoch 30 step 450]  loss=5.37e-01  l1=5.37e-01  l2=0.00e+00  psnr=15.5  cos=0.5966
[epoch 30 step 475]  loss=5.34e-01  l1=5.34e-01  l2=0.00e+00  psnr=15.4  cos=0.6292
[epoch 30 step 500]  loss=5.24e-01  l1=5.24e-01  l2=0.00e+00  psnr=15.6  cos=0.6311
[epoch 30 step 525]  loss=5.33e-01  l1=5.33e-01  l2=0.00e+00  psnr=15.5  cos=0.6225
[epoch 30 step 550]  loss=5.03e-01  l1=5.03e-01  l2=0.00e+00  psnr=15.8  cos=0.6539
[epoch 30 step 575]  loss=5.48e-01  l1=5.48e-01  l2=0.00e+00  psnr=15.2  cos=0.6094
[epoch 30 step 600]  loss=5.56e-01  l1=5.56e-01  l2=0.00e+00  psnr=15.0  cos=0.6141
[epoch 30 step 625]  loss=5.29e-01  l1=5.29e-01  l2=0.00e+00  psnr=15.6  cos=0.6065
[epoch 30 step 650]  loss=5.38e-01  l1=5.38e-01  l2=0.00e+00  psnr=15.2  cos=0.6295
[epoch 30 step 675]  loss=5.25e-01  l1=5.25e-01  l2=0.00e+00  psnr=15.6  cos=0.6344
[epoch 30 step 700]  loss=5.35e-01  l1=5.35e-01  l2=0.00e+00  psnr=15.4  cos=0.6232
[epoch 30 step 725]  loss=5.46e-01  l1=5.46e-01  l2=0.00e+00  psnr=15.2  cos=0.6208
[epoch 30 step 750]  loss=5.40e-01  l1=5.40e-01  l2=0.00e+00  psnr=15.4  cos=0.6019
[epoch 30 step 775]  loss=5.05e-01  l1=5.05e-01  l2=0.00e+00  psnr=16.0  cos=0.6424
[epoch 30 step 800]  loss=5.14e-01  l1=5.14e-01  l2=0.00e+00  psnr=15.5  cos=0.6508
[epoch 30 step 825]  loss=5.35e-01  l1=5.35e-01  l2=0.00e+00  psnr=15.3  cos=0.6234
[epoch 30 step 850]  loss=5.05e-01  l1=5.05e-01  l2=0.00e+00  psnr=15.9  cos=0.6396
[epoch 30 step 875]  loss=5.08e-01  l1=5.08e-01  l2=0.00e+00  psnr=16.0  cos=0.6225
[epoch 30 step 900]  loss=5.54e-01  l1=5.54e-01  l2=0.00e+00  psnr=15.3  cos=0.5924
[epoch 30 step 925]  loss=5.14e-01  l1=5.14e-01  l2=0.00e+00  psnr=15.7  cos=0.6443
[epoch 30 step 950]  loss=5.39e-01  l1=5.39e-01  l2=0.00e+00  psnr=15.3  cos=0.6195
[epoch 30 step 975]  loss=5.59e-01  l1=5.59e-01  l2=0.00e+00  psnr=15.2  cos=0.6034
[epoch 30 step 1000]  loss=5.37e-01  l1=5.37e-01  l2=0.00e+00  psnr=15.4  cos=0.6103
[epoch 30 step 1025]  loss=4.89e-01  l1=4.89e-01  l2=0.00e+00  psnr=16.0  cos=0.6545
[epoch 30 step 1050]  loss=5.23e-01  l1=5.23e-01  l2=0.00e+00  psnr=15.6  cos=0.6272
[epoch 30 step 1075]  loss=5.06e-01  l1=5.06e-01  l2=0.00e+00  psnr=15.9  cos=0.6281
[epoch 30 step 1100]  loss=5.37e-01  l1=5.37e-01  l2=0.00e+00  psnr=15.3  cos=0.6167
[epoch 30 step 1125]  loss=5.29e-01  l1=5.29e-01  l2=0.00e+00  psnr=15.7  cos=0.6155
[epoch 30 step 1150]  loss=5.49e-01  l1=5.49e-01  l2=0.00e+00  psnr=15.2  cos=0.6002
[epoch 30 step 1175]  loss=5.22e-01  l1=5.22e-01  l2=0.00e+00  psnr=15.7  cos=0.6241
[epoch 30 step 1200]  loss=5.32e-01  l1=5.32e-01  l2=0.00e+00  psnr=15.3  cos=0.6342
[epoch 30 step 1225]  loss=4.82e-01  l1=4.82e-01  l2=0.00e+00  psnr=16.0  cos=0.6704
[epoch 30 DONE]  final_loss=4.94e-01  psnr=16.04  cos=0.6704
[checkpoint] /workspace/runs/trial_toy_d3t/checkpoints/epoch_0030.pt
[val epoch 30]  latent_l1=0.5225  latent_l2=0.7761  latent_psnr=25.6550
[epoch 31 step 000]  loss=5.08e-01  l1=5.08e-01  l2=0.00e+00  psnr=15.7  cos=0.6396
[epoch 31 step 025]  loss=5.46e-01  l1=5.46e-01  l2=0.00e+00  psnr=15.2  cos=0.6166
[epoch 31 step 050]  loss=5.43e-01  l1=5.43e-01  l2=0.00e+00  psnr=15.3  cos=0.6156
[epoch 31 step 075]  loss=5.49e-01  l1=5.49e-01  l2=0.00e+00  psnr=15.2  cos=0.6118
[epoch 31 step 100]  loss=5.07e-01  l1=5.07e-01  l2=0.00e+00  psnr=16.1  cos=0.6305
[epoch 31 step 125]  loss=5.13e-01  l1=5.13e-01  l2=0.00e+00  psnr=15.9  cos=0.6434
[epoch 31 step 150]  loss=5.62e-01  l1=5.62e-01  l2=0.00e+00  psnr=14.9  cos=0.6022
[epoch 31 step 175]  loss=5.41e-01  l1=5.41e-01  l2=0.00e+00  psnr=15.4  cos=0.6079
[epoch 31 step 200]  loss=5.03e-01  l1=5.03e-01  l2=0.00e+00  psnr=15.8  cos=0.6411
[epoch 31 step 225]  loss=5.08e-01  l1=5.08e-01  l2=0.00e+00  psnr=16.0  cos=0.6387
[epoch 31 step 250]  loss=4.86e-01  l1=4.86e-01  l2=0.00e+00  psnr=15.9  cos=0.6634
[epoch 31 step 275]  loss=4.70e-01  l1=4.70e-01  l2=0.00e+00  psnr=16.3  cos=0.6628
[epoch 31 step 300]  loss=5.07e-01  l1=5.07e-01  l2=0.00e+00  psnr=15.8  cos=0.6372
[epoch 31 step 325]  loss=4.89e-01  l1=4.89e-01  l2=0.00e+00  psnr=16.1  cos=0.6637
[epoch 31 step 350]  loss=5.02e-01  l1=5.02e-01  l2=0.00e+00  psnr=15.8  cos=0.6330
[epoch 31 step 375]  loss=5.08e-01  l1=5.08e-01  l2=0.00e+00  psnr=15.7  cos=0.6406
[epoch 31 step 400]  loss=5.53e-01  l1=5.53e-01  l2=0.00e+00  psnr=15.4  cos=0.5779
[epoch 31 step 425]  loss=5.76e-01  l1=5.76e-01  l2=0.00e+00  psnr=14.8  cos=0.5957
[epoch 31 step 450]  loss=5.18e-01  l1=5.18e-01  l2=0.00e+00  psnr=15.7  cos=0.6398
[epoch 31 step 475]  loss=5.20e-01  l1=5.20e-01  l2=0.00e+00  psnr=15.6  cos=0.6196
[epoch 31 step 500]  loss=5.29e-01  l1=5.29e-01  l2=0.00e+00  psnr=15.3  cos=0.6300
[epoch 31 step 525]  loss=5.30e-01  l1=5.30e-01  l2=0.00e+00  psnr=15.5  cos=0.6215
[epoch 31 step 550]  loss=5.08e-01  l1=5.08e-01  l2=0.00e+00  psnr=15.5  cos=0.6457
[epoch 31 step 575]  loss=5.25e-01  l1=5.25e-01  l2=0.00e+00  psnr=15.7  cos=0.6156
[epoch 31 step 600]  loss=5.33e-01  l1=5.33e-01  l2=0.00e+00  psnr=15.3  cos=0.6234
[epoch 31 step 625]  loss=5.01e-01  l1=5.01e-01  l2=0.00e+00  psnr=15.8  cos=0.6624
[epoch 31 step 650]  loss=5.37e-01  l1=5.37e-01  l2=0.00e+00  psnr=15.5  cos=0.5976
[epoch 31 step 675]  loss=5.03e-01  l1=5.03e-01  l2=0.00e+00  psnr=16.0  cos=0.6368
[epoch 31 step 700]  loss=5.03e-01  l1=5.03e-01  l2=0.00e+00  psnr=16.2  cos=0.6377
[epoch 31 step 725]  loss=4.99e-01  l1=4.99e-01  l2=0.00e+00  psnr=15.9  cos=0.6524
[epoch 31 step 750]  loss=4.36e-01  l1=4.36e-01  l2=0.00e+00  psnr=16.4  cos=0.7069
[epoch 31 step 775]  loss=5.30e-01  l1=5.30e-01  l2=0.00e+00  psnr=15.4  cos=0.6313
[epoch 31 step 800]  loss=4.90e-01  l1=4.90e-01  l2=0.00e+00  psnr=16.1  cos=0.6557
[epoch 31 step 825]  loss=5.25e-01  l1=5.25e-01  l2=0.00e+00  psnr=15.5  cos=0.6444
[epoch 31 step 850]  loss=4.84e-01  l1=4.84e-01  l2=0.00e+00  psnr=16.2  cos=0.6490
[epoch 31 step 875]  loss=4.88e-01  l1=4.88e-01  l2=0.00e+00  psnr=16.0  cos=0.6395
[epoch 31 step 900]  loss=5.22e-01  l1=5.22e-01  l2=0.00e+00  psnr=15.6  cos=0.6304
[epoch 31 step 925]  loss=5.00e-01  l1=5.00e-01  l2=0.00e+00  psnr=15.8  cos=0.6311
[epoch 31 step 950]  loss=5.08e-01  l1=5.08e-01  l2=0.00e+00  psnr=15.8  cos=0.6405
[epoch 31 step 975]  loss=5.39e-01  l1=5.39e-01  l2=0.00e+00  psnr=15.5  cos=0.5880
[epoch 31 step 1000]  loss=5.20e-01  l1=5.20e-01  l2=0.00e+00  psnr=15.5  cos=0.6449
[epoch 31 step 1025]  loss=5.23e-01  l1=5.23e-01  l2=0.00e+00  psnr=15.5  cos=0.6274
[epoch 31 step 1050]  loss=5.39e-01  l1=5.39e-01  l2=0.00e+00  psnr=15.4  cos=0.6119
[epoch 31 step 1075]  loss=5.12e-01  l1=5.12e-01  l2=0.00e+00  psnr=15.7  cos=0.6440
[epoch 31 step 1100]  loss=4.92e-01  l1=4.92e-01  l2=0.00e+00  psnr=16.0  cos=0.6484
[epoch 31 step 1125]  loss=5.23e-01  l1=5.23e-01  l2=0.00e+00  psnr=15.5  cos=0.6371
[epoch 31 step 1150]  loss=5.36e-01  l1=5.36e-01  l2=0.00e+00  psnr=15.4  cos=0.6380
[epoch 31 step 1175]  loss=5.00e-01  l1=5.00e-01  l2=0.00e+00  psnr=16.0  cos=0.6477
[epoch 31 step 1200]  loss=5.39e-01  l1=5.39e-01  l2=0.00e+00  psnr=15.6  cos=0.6128
[epoch 31 step 1225]  loss=5.53e-01  l1=5.53e-01  l2=0.00e+00  psnr=15.4  cos=0.6033
[epoch 31 DONE]  final_loss=5.24e-01  psnr=15.37  cos=0.6033
[checkpoint] /workspace/runs/trial_toy_d3t/checkpoints/epoch_0031.pt
[val epoch 31]  latent_l1=0.5210  latent_l2=0.7744  latent_psnr=25.6744
[best] new best latent_psnr=25.6744 (prev=25.6630) -> /workspace/runs/trial_toy_d3t/checkpoints/best.pt
[epoch 32 step 000]  loss=5.70e-01  l1=5.70e-01  l2=0.00e+00  psnr=14.9  cos=0.5958
[epoch 32 step 025]  loss=5.03e-01  l1=5.03e-01  l2=0.00e+00  psnr=16.0  cos=0.6369
[epoch 32 step 050]  loss=4.91e-01  l1=4.91e-01  l2=0.00e+00  psnr=16.2  cos=0.6447
[epoch 32 step 075]  loss=5.06e-01  l1=5.06e-01  l2=0.00e+00  psnr=15.9  cos=0.6411
[epoch 32 step 100]  loss=5.31e-01  l1=5.31e-01  l2=0.00e+00  psnr=15.5  cos=0.6169
[epoch 32 step 125]  loss=5.05e-01  l1=5.05e-01  l2=0.00e+00  psnr=15.8  cos=0.6464
[epoch 32 step 150]  loss=5.25e-01  l1=5.25e-01  l2=0.00e+00  psnr=15.7  cos=0.6244
[epoch 32 step 175]  loss=5.47e-01  l1=5.47e-01  l2=0.00e+00  psnr=15.3  cos=0.6140
[epoch 32 step 200]  loss=5.11e-01  l1=5.11e-01  l2=0.00e+00  psnr=15.9  cos=0.6351
[epoch 32 step 225]  loss=5.40e-01  l1=5.40e-01  l2=0.00e+00  psnr=15.4  cos=0.6111
[epoch 32 step 250]  loss=5.31e-01  l1=5.31e-01  l2=0.00e+00  psnr=15.6  cos=0.6197
[epoch 32 step 275]  loss=5.30e-01  l1=5.30e-01  l2=0.00e+00  psnr=15.7  cos=0.6029
[epoch 32 step 300]  loss=5.43e-01  l1=5.43e-01  l2=0.00e+00  psnr=15.2  cos=0.6143
[epoch 32 step 325]  loss=5.21e-01  l1=5.21e-01  l2=0.00e+00  psnr=15.4  cos=0.6155
[epoch 32 step 350]  loss=5.10e-01  l1=5.10e-01  l2=0.00e+00  psnr=15.7  cos=0.6349
[epoch 32 step 375]  loss=5.18e-01  l1=5.18e-01  l2=0.00e+00  psnr=15.4  cos=0.6366
[epoch 32 step 400]  loss=5.26e-01  l1=5.26e-01  l2=0.00e+00  psnr=15.7  cos=0.6291
[epoch 32 step 425]  loss=4.99e-01  l1=4.99e-01  l2=0.00e+00  psnr=15.8  cos=0.6589
[epoch 32 step 450]  loss=5.08e-01  l1=5.08e-01  l2=0.00e+00  psnr=15.7  cos=0.6274
[epoch 32 step 475]  loss=4.94e-01  l1=4.94e-01  l2=0.00e+00  psnr=16.0  cos=0.6571
[epoch 32 step 500]  loss=5.23e-01  l1=5.23e-01  l2=0.00e+00  psnr=15.7  cos=0.6280
[epoch 32 step 525]  loss=4.81e-01  l1=4.81e-01  l2=0.00e+00  psnr=16.1  cos=0.6714
[epoch 32 step 550]  loss=5.19e-01  l1=5.19e-01  l2=0.00e+00  psnr=15.6  cos=0.6365
[epoch 32 step 575]  loss=5.10e-01  l1=5.10e-01  l2=0.00e+00  psnr=16.0  cos=0.6357
[epoch 32 step 600]  loss=5.12e-01  l1=5.12e-01  l2=0.00e+00  psnr=15.7  cos=0.6489
[epoch 32 step 625]  loss=5.44e-01  l1=5.44e-01  l2=0.00e+00  psnr=15.3  cos=0.6181
[epoch 32 step 650]  loss=5.43e-01  l1=5.43e-01  l2=0.00e+00  psnr=15.4  cos=0.6083
[epoch 32 step 675]  loss=5.26e-01  l1=5.26e-01  l2=0.00e+00  psnr=15.7  cos=0.6245
[epoch 32 step 700]  loss=5.37e-01  l1=5.37e-01  l2=0.00e+00  psnr=15.5  cos=0.6154
[epoch 32 step 725]  loss=5.06e-01  l1=5.06e-01  l2=0.00e+00  psnr=15.8  cos=0.6423
[epoch 32 step 750]  loss=5.30e-01  l1=5.30e-01  l2=0.00e+00  psnr=15.4  cos=0.6281
[epoch 32 step 775]  loss=5.19e-01  l1=5.19e-01  l2=0.00e+00  psnr=15.7  cos=0.6252
[epoch 32 step 800]  loss=5.02e-01  l1=5.02e-01  l2=0.00e+00  psnr=15.9  cos=0.6464
[epoch 32 step 825]  loss=5.27e-01  l1=5.27e-01  l2=0.00e+00  psnr=15.5  cos=0.6229
[epoch 32 step 850]  loss=5.25e-01  l1=5.25e-01  l2=0.00e+00  psnr=15.6  cos=0.6362
[epoch 32 step 875]  loss=5.06e-01  l1=5.06e-01  l2=0.00e+00  psnr=15.8  cos=0.6378
[epoch 32 step 900]  loss=5.19e-01  l1=5.19e-01  l2=0.00e+00  psnr=15.8  cos=0.6208
[epoch 32 step 925]  loss=5.12e-01  l1=5.12e-01  l2=0.00e+00  psnr=15.9  cos=0.6200
[epoch 32 step 950]  loss=5.04e-01  l1=5.04e-01  l2=0.00e+00  psnr=15.8  cos=0.6363
[epoch 32 step 975]  loss=5.19e-01  l1=5.19e-01  l2=0.00e+00  psnr=15.7  cos=0.6215
[epoch 32 step 1000]  loss=5.23e-01  l1=5.23e-01  l2=0.00e+00  psnr=15.6  cos=0.6357
[epoch 32 step 1025]  loss=5.42e-01  l1=5.42e-01  l2=0.00e+00  psnr=15.5  cos=0.6061
[epoch 32 step 1050]  loss=5.26e-01  l1=5.26e-01  l2=0.00e+00  psnr=15.8  cos=0.6218
[epoch 32 step 1075]  loss=5.53e-01  l1=5.53e-01  l2=0.00e+00  psnr=15.0  cos=0.6338
[epoch 32 step 1100]  loss=5.62e-01  l1=5.62e-01  l2=0.00e+00  psnr=14.9  cos=0.6107
[epoch 32 step 1125]  loss=5.54e-01  l1=5.54e-01  l2=0.00e+00  psnr=15.1  cos=0.6114
[epoch 32 step 1150]  loss=5.09e-01  l1=5.09e-01  l2=0.00e+00  psnr=15.7  cos=0.6517
[epoch 32 step 1175]  loss=4.99e-01  l1=4.99e-01  l2=0.00e+00  psnr=16.1  cos=0.6463
[epoch 32 step 1200]  loss=5.52e-01  l1=5.52e-01  l2=0.00e+00  psnr=15.1  cos=0.5947
[epoch 32 step 1225]  loss=5.29e-01  l1=5.29e-01  l2=0.00e+00  psnr=15.6  cos=0.6123
[epoch 32 DONE]  final_loss=5.62e-01  psnr=15.55  cos=0.6123
[checkpoint] /workspace/runs/trial_toy_d3t/checkpoints/epoch_0032.pt
[val epoch 32]  latent_l1=0.5200  latent_l2=0.7729  latent_psnr=25.6904
[best] new best latent_psnr=25.6904 (prev=25.6744) -> /workspace/runs/trial_toy_d3t/checkpoints/best.pt
[epoch 33 step 000]  loss=4.93e-01  l1=4.93e-01  l2=0.00e+00  psnr=16.0  cos=0.6503
[epoch 33 step 025]  loss=4.87e-01  l1=4.87e-01  l2=0.00e+00  psnr=16.1  cos=0.6559
[epoch 33 step 050]  loss=5.31e-01  l1=5.31e-01  l2=0.00e+00  psnr=15.3  cos=0.6208
[epoch 33 step 075]  loss=4.99e-01  l1=4.99e-01  l2=0.00e+00  psnr=16.0  cos=0.6414
[epoch 33 step 100]  loss=5.12e-01  l1=5.12e-01  l2=0.00e+00  psnr=15.7  cos=0.6350
[epoch 33 step 125]  loss=5.33e-01  l1=5.33e-01  l2=0.00e+00  psnr=15.6  cos=0.6166
[epoch 33 step 150]  loss=5.26e-01  l1=5.26e-01  l2=0.00e+00  psnr=15.4  cos=0.6323
[epoch 33 step 175]  loss=5.03e-01  l1=5.03e-01  l2=0.00e+00  psnr=16.0  cos=0.6345
[epoch 33 step 200]  loss=5.47e-01  l1=5.47e-01  l2=0.00e+00  psnr=15.1  cos=0.6152
[epoch 33 step 225]  loss=5.50e-01  l1=5.50e-01  l2=0.00e+00  psnr=15.3  cos=0.6127
[epoch 33 step 250]  loss=4.97e-01  l1=4.97e-01  l2=0.00e+00  psnr=16.1  cos=0.6458
[epoch 33 step 275]  loss=5.11e-01  l1=5.11e-01  l2=0.00e+00  psnr=15.7  cos=0.6380
[epoch 33 step 300]  loss=5.41e-01  l1=5.41e-01  l2=0.00e+00  psnr=15.5  cos=0.5836
[epoch 33 step 325]  loss=5.00e-01  l1=5.00e-01  l2=0.00e+00  psnr=16.0  cos=0.6525
[epoch 33 step 350]  loss=5.18e-01  l1=5.18e-01  l2=0.00e+00  psnr=15.9  cos=0.6377
[epoch 33 step 375]  loss=5.05e-01  l1=5.05e-01  l2=0.00e+00  psnr=15.8  cos=0.6472
[epoch 33 step 400]  loss=5.03e-01  l1=5.03e-01  l2=0.00e+00  psnr=15.7  cos=0.6468
[epoch 33 step 425]  loss=5.09e-01  l1=5.09e-01  l2=0.00e+00  psnr=15.9  cos=0.6501
[epoch 33 step 450]  loss=5.14e-01  l1=5.14e-01  l2=0.00e+00  psnr=15.6  cos=0.6427
[epoch 33 step 475]  loss=4.74e-01  l1=4.74e-01  l2=0.00e+00  psnr=16.0  cos=0.6785
[epoch 33 step 500]  loss=5.17e-01  l1=5.17e-01  l2=0.00e+00  psnr=15.5  cos=0.6331
[epoch 33 step 525]  loss=4.98e-01  l1=4.98e-01  l2=0.00e+00  psnr=15.8  cos=0.6562
[epoch 33 step 550]  loss=5.16e-01  l1=5.16e-01  l2=0.00e+00  psnr=15.8  cos=0.6347
[epoch 33 step 575]  loss=4.89e-01  l1=4.89e-01  l2=0.00e+00  psnr=16.1  cos=0.6576
[epoch 33 step 600]  loss=5.30e-01  l1=5.30e-01  l2=0.00e+00  psnr=15.6  cos=0.6164
[epoch 33 step 625]  loss=4.80e-01  l1=4.80e-01  l2=0.00e+00  psnr=16.2  cos=0.6659
[epoch 33 step 650]  loss=5.01e-01  l1=5.01e-01  l2=0.00e+00  psnr=15.9  cos=0.6374
[epoch 33 step 675]  loss=5.60e-01  l1=5.60e-01  l2=0.00e+00  psnr=15.1  cos=0.5965
[epoch 33 step 700]  loss=5.37e-01  l1=5.37e-01  l2=0.00e+00  psnr=15.5  cos=0.6162
[epoch 33 step 725]  loss=5.27e-01  l1=5.27e-01  l2=0.00e+00  psnr=15.5  cos=0.6294
[epoch 33 step 750]  loss=5.26e-01  l1=5.26e-01  l2=0.00e+00  psnr=15.5  cos=0.6310
[epoch 33 step 775]  loss=4.91e-01  l1=4.91e-01  l2=0.00e+00  psnr=16.0  cos=0.6552
[epoch 33 step 800]  loss=5.25e-01  l1=5.25e-01  l2=0.00e+00  psnr=15.8  cos=0.6195
[epoch 33 step 825]  loss=5.17e-01  l1=5.17e-01  l2=0.00e+00  psnr=15.7  cos=0.6331
[epoch 33 step 850]  loss=5.19e-01  l1=5.19e-01  l2=0.00e+00  psnr=15.5  cos=0.6330
[epoch 33 step 875]  loss=5.34e-01  l1=5.34e-01  l2=0.00e+00  psnr=15.4  cos=0.6179
[epoch 33 step 900]  loss=4.95e-01  l1=4.95e-01  l2=0.00e+00  psnr=15.7  cos=0.6434
[epoch 33 step 925]  loss=4.88e-01  l1=4.88e-01  l2=0.00e+00  psnr=16.0  cos=0.6593
[epoch 33 step 950]  loss=5.20e-01  l1=5.20e-01  l2=0.00e+00  psnr=15.6  cos=0.6264
[epoch 33 step 975]  loss=4.91e-01  l1=4.91e-01  l2=0.00e+00  psnr=15.9  cos=0.6635
[epoch 33 step 1000]  loss=5.44e-01  l1=5.44e-01  l2=0.00e+00  psnr=15.4  cos=0.5932
[epoch 33 step 1025]  loss=5.28e-01  l1=5.28e-01  l2=0.00e+00  psnr=15.7  cos=0.6219
[epoch 33 step 1050]  loss=5.10e-01  l1=5.10e-01  l2=0.00e+00  psnr=15.9  cos=0.6221
[epoch 33 step 1075]  loss=4.98e-01  l1=4.98e-01  l2=0.00e+00  psnr=16.0  cos=0.6544
[epoch 33 step 1100]  loss=4.99e-01  l1=4.99e-01  l2=0.00e+00  psnr=15.6  cos=0.6607
[epoch 33 step 1125]  loss=5.29e-01  l1=5.29e-01  l2=0.00e+00  psnr=15.4  cos=0.6244
[epoch 33 step 1150]  loss=5.31e-01  l1=5.31e-01  l2=0.00e+00  psnr=15.5  cos=0.6205
[epoch 33 step 1175]  loss=5.22e-01  l1=5.22e-01  l2=0.00e+00  psnr=15.6  cos=0.6316
[epoch 33 step 1200]  loss=5.01e-01  l1=5.01e-01  l2=0.00e+00  psnr=15.6  cos=0.6532
[epoch 33 step 1225]  loss=5.31e-01  l1=5.31e-01  l2=0.00e+00  psnr=15.4  cos=0.6125
[epoch 33 DONE]  final_loss=5.30e-01  psnr=15.39  cos=0.6125
[checkpoint] /workspace/runs/trial_toy_d3t/checkpoints/epoch_0033.pt
[val epoch 33]  latent_l1=0.5197  latent_l2=0.7728  latent_psnr=25.6923
[best] new best latent_psnr=25.6923 (prev=25.6904) -> /workspace/runs/trial_toy_d3t/checkpoints/best.pt
[epoch 34 step 000]  loss=5.35e-01  l1=5.35e-01  l2=0.00e+00  psnr=15.3  cos=0.6304
[epoch 34 step 025]  loss=5.05e-01  l1=5.05e-01  l2=0.00e+00  psnr=15.6  cos=0.6489
[epoch 34 step 050]  loss=5.43e-01  l1=5.43e-01  l2=0.00e+00  psnr=15.2  cos=0.6281
[epoch 34 step 075]  loss=5.28e-01  l1=5.28e-01  l2=0.00e+00  psnr=15.5  cos=0.6294
[epoch 34 step 100]  loss=5.31e-01  l1=5.31e-01  l2=0.00e+00  psnr=15.5  cos=0.6290
[epoch 34 step 125]  loss=5.10e-01  l1=5.10e-01  l2=0.00e+00  psnr=16.1  cos=0.6154
[epoch 34 step 150]  loss=5.19e-01  l1=5.19e-01  l2=0.00e+00  psnr=15.8  cos=0.6259
[epoch 34 step 175]  loss=5.17e-01  l1=5.17e-01  l2=0.00e+00  psnr=15.7  cos=0.6192
[epoch 34 step 200]  loss=5.24e-01  l1=5.24e-01  l2=0.00e+00  psnr=15.4  cos=0.6212
[epoch 34 step 225]  loss=5.24e-01  l1=5.24e-01  l2=0.00e+00  psnr=15.7  cos=0.6245
[epoch 34 step 250]  loss=4.96e-01  l1=4.96e-01  l2=0.00e+00  psnr=15.8  cos=0.6652
[epoch 34 step 275]  loss=5.41e-01  l1=5.41e-01  l2=0.00e+00  psnr=15.3  cos=0.6323
[epoch 34 step 300]  loss=5.32e-01  l1=5.32e-01  l2=0.00e+00  psnr=15.5  cos=0.6064
[epoch 34 step 325]  loss=5.45e-01  l1=5.45e-01  l2=0.00e+00  psnr=15.3  cos=0.6140
[epoch 34 step 350]  loss=5.26e-01  l1=5.26e-01  l2=0.00e+00  psnr=15.4  cos=0.6397
[epoch 34 step 375]  loss=5.35e-01  l1=5.35e-01  l2=0.00e+00  psnr=15.3  cos=0.6194
[epoch 34 step 400]  loss=5.28e-01  l1=5.28e-01  l2=0.00e+00  psnr=15.6  cos=0.6171
[epoch 34 step 425]  loss=5.31e-01  l1=5.31e-01  l2=0.00e+00  psnr=15.6  cos=0.6112
[epoch 34 step 450]  loss=5.62e-01  l1=5.62e-01  l2=0.00e+00  psnr=14.8  cos=0.6093
[epoch 34 step 475]  loss=5.17e-01  l1=5.17e-01  l2=0.00e+00  psnr=15.8  cos=0.6267
[epoch 34 step 500]  loss=5.14e-01  l1=5.14e-01  l2=0.00e+00  psnr=15.5  cos=0.6534
[epoch 34 step 525]  loss=4.97e-01  l1=4.97e-01  l2=0.00e+00  psnr=16.0  cos=0.6332
[epoch 34 step 550]  loss=5.43e-01  l1=5.43e-01  l2=0.00e+00  psnr=15.2  cos=0.6131
[epoch 34 step 575]  loss=5.40e-01  l1=5.40e-01  l2=0.00e+00  psnr=15.4  cos=0.6176
[epoch 34 step 600]  loss=5.84e-01  l1=5.84e-01  l2=0.00e+00  psnr=14.7  cos=0.6020
[epoch 34 step 625]  loss=5.14e-01  l1=5.14e-01  l2=0.00e+00  psnr=15.5  cos=0.6424
[epoch 34 step 650]  loss=5.42e-01  l1=5.42e-01  l2=0.00e+00  psnr=15.5  cos=0.6198
[epoch 34 step 675]  loss=5.57e-01  l1=5.57e-01  l2=0.00e+00  psnr=15.3  cos=0.6157
[epoch 34 step 700]  loss=5.19e-01  l1=5.19e-01  l2=0.00e+00  psnr=15.8  cos=0.6207
[epoch 34 step 725]  loss=5.08e-01  l1=5.08e-01  l2=0.00e+00  psnr=16.0  cos=0.6334
[epoch 34 step 750]  loss=5.01e-01  l1=5.01e-01  l2=0.00e+00  psnr=15.9  cos=0.6405
[epoch 34 step 775]  loss=5.56e-01  l1=5.56e-01  l2=0.00e+00  psnr=15.0  cos=0.6123
[epoch 34 step 800]  loss=5.32e-01  l1=5.32e-01  l2=0.00e+00  psnr=15.2  cos=0.6386
[epoch 34 step 825]  loss=4.92e-01  l1=4.92e-01  l2=0.00e+00  psnr=16.0  cos=0.6385
[epoch 34 step 850]  loss=5.26e-01  l1=5.26e-01  l2=0.00e+00  psnr=15.5  cos=0.6281
[epoch 34 step 875]  loss=5.29e-01  l1=5.29e-01  l2=0.00e+00  psnr=15.6  cos=0.6164
[epoch 34 step 900]  loss=5.25e-01  l1=5.25e-01  l2=0.00e+00  psnr=15.6  cos=0.6148
[epoch 34 step 925]  loss=5.06e-01  l1=5.06e-01  l2=0.00e+00  psnr=15.7  cos=0.6514
[epoch 34 step 950]  loss=5.34e-01  l1=5.34e-01  l2=0.00e+00  psnr=15.6  cos=0.6146
[epoch 34 step 975]  loss=5.33e-01  l1=5.33e-01  l2=0.00e+00  psnr=15.5  cos=0.6215
[epoch 34 step 1000]  loss=5.25e-01  l1=5.25e-01  l2=0.00e+00  psnr=15.6  cos=0.6338
[epoch 34 step 1025]  loss=4.87e-01  l1=4.87e-01  l2=0.00e+00  psnr=15.9  cos=0.6572
[epoch 34 step 1050]  loss=5.26e-01  l1=5.26e-01  l2=0.00e+00  psnr=15.5  cos=0.6341
[epoch 34 step 1075]  loss=5.27e-01  l1=5.27e-01  l2=0.00e+00  psnr=15.3  cos=0.6318
[epoch 34 step 1100]  loss=5.37e-01  l1=5.37e-01  l2=0.00e+00  psnr=15.6  cos=0.6047
[epoch 34 step 1125]  loss=4.98e-01  l1=4.98e-01  l2=0.00e+00  psnr=16.0  cos=0.6272
[epoch 34 step 1150]  loss=5.49e-01  l1=5.49e-01  l2=0.00e+00  psnr=15.4  cos=0.6177
[epoch 34 step 1175]  loss=4.74e-01  l1=4.74e-01  l2=0.00e+00  psnr=16.2  cos=0.6683
[epoch 34 step 1200]  loss=5.13e-01  l1=5.13e-01  l2=0.00e+00  psnr=15.7  cos=0.6424
[epoch 34 step 1225]  loss=5.51e-01  l1=5.51e-01  l2=0.00e+00  psnr=15.4  cos=0.5918
[epoch 34 DONE]  final_loss=5.11e-01  psnr=15.40  cos=0.5918
[checkpoint] /workspace/runs/trial_toy_d3t/checkpoints/epoch_0034.pt
[val epoch 34]  latent_l1=0.5185  latent_l2=0.7716  latent_psnr=25.7060
[best] new best latent_psnr=25.7060 (prev=25.6923) -> /workspace/runs/trial_toy_d3t/checkpoints/best.pt
[epoch 35 step 000]  loss=4.97e-01  l1=4.97e-01  l2=0.00e+00  psnr=15.9  cos=0.6506
[epoch 35 step 025]  loss=5.04e-01  l1=5.04e-01  l2=0.00e+00  psnr=15.9  cos=0.6429
[epoch 35 step 050]  loss=5.03e-01  l1=5.03e-01  l2=0.00e+00  psnr=15.9  cos=0.6346
[epoch 35 step 075]  loss=5.95e-01  l1=5.95e-01  l2=0.00e+00  psnr=14.6  cos=0.5978
[epoch 35 step 100]  loss=5.55e-01  l1=5.55e-01  l2=0.00e+00  psnr=15.2  cos=0.6161
[epoch 35 step 125]  loss=4.66e-01  l1=4.66e-01  l2=0.00e+00  psnr=16.1  cos=0.6823
[epoch 35 step 150]  loss=5.29e-01  l1=5.29e-01  l2=0.00e+00  psnr=15.6  cos=0.6268
[epoch 35 step 175]  loss=5.30e-01  l1=5.30e-01  l2=0.00e+00  psnr=15.5  cos=0.6244
[epoch 35 step 200]  loss=5.16e-01  l1=5.16e-01  l2=0.00e+00  psnr=15.5  cos=0.6479
[epoch 35 step 225]  loss=5.50e-01  l1=5.50e-01  l2=0.00e+00  psnr=15.4  cos=0.5897
[epoch 35 step 250]  loss=5.20e-01  l1=5.20e-01  l2=0.00e+00  psnr=15.8  cos=0.6169
[epoch 35 step 275]  loss=5.04e-01  l1=5.04e-01  l2=0.00e+00  psnr=15.8  cos=0.6505
[epoch 35 step 300]  loss=5.05e-01  l1=5.05e-01  l2=0.00e+00  psnr=15.9  cos=0.6481
[epoch 35 step 325]  loss=5.45e-01  l1=5.45e-01  l2=0.00e+00  psnr=15.3  cos=0.6278
[epoch 35 step 350]  loss=4.79e-01  l1=4.79e-01  l2=0.00e+00  psnr=16.3  cos=0.6762
[epoch 35 step 375]  loss=5.10e-01  l1=5.10e-01  l2=0.00e+00  psnr=15.8  cos=0.6492
[epoch 35 step 400]  loss=5.31e-01  l1=5.31e-01  l2=0.00e+00  psnr=15.5  cos=0.6267
[epoch 35 step 425]  loss=5.44e-01  l1=5.44e-01  l2=0.00e+00  psnr=15.2  cos=0.6107
[epoch 35 step 450]  loss=5.27e-01  l1=5.27e-01  l2=0.00e+00  psnr=15.6  cos=0.6194
[epoch 35 step 475]  loss=5.11e-01  l1=5.11e-01  l2=0.00e+00  psnr=15.7  cos=0.6366
[epoch 35 step 500]  loss=5.01e-01  l1=5.01e-01  l2=0.00e+00  psnr=15.8  cos=0.6682
[epoch 35 step 525]  loss=5.12e-01  l1=5.12e-01  l2=0.00e+00  psnr=15.8  cos=0.6387
[epoch 35 step 550]  loss=5.01e-01  l1=5.01e-01  l2=0.00e+00  psnr=15.8  cos=0.6513
[epoch 35 step 575]  loss=5.23e-01  l1=5.23e-01  l2=0.00e+00  psnr=15.6  cos=0.6355
[epoch 35 step 600]  loss=5.64e-01  l1=5.64e-01  l2=0.00e+00  psnr=15.1  cos=0.5872
[epoch 35 step 625]  loss=5.34e-01  l1=5.34e-01  l2=0.00e+00  psnr=15.3  cos=0.6218
[epoch 35 step 650]  loss=5.11e-01  l1=5.11e-01  l2=0.00e+00  psnr=15.8  cos=0.6502
[epoch 35 step 675]  loss=5.05e-01  l1=5.05e-01  l2=0.00e+00  psnr=15.7  cos=0.6578
[epoch 35 step 700]  loss=5.49e-01  l1=5.49e-01  l2=0.00e+00  psnr=15.4  cos=0.6053
[epoch 35 step 725]  loss=5.00e-01  l1=5.00e-01  l2=0.00e+00  psnr=16.0  cos=0.6533
[epoch 35 step 750]  loss=5.15e-01  l1=5.15e-01  l2=0.00e+00  psnr=15.8  cos=0.6307
[epoch 35 step 775]  loss=5.49e-01  l1=5.49e-01  l2=0.00e+00  psnr=15.3  cos=0.6012
[epoch 35 step 800]  loss=5.70e-01  l1=5.70e-01  l2=0.00e+00  psnr=14.9  cos=0.6145
[epoch 35 step 825]  loss=5.04e-01  l1=5.04e-01  l2=0.00e+00  psnr=16.0  cos=0.6363
[epoch 35 step 850]  loss=5.01e-01  l1=5.01e-01  l2=0.00e+00  psnr=15.7  cos=0.6586
[epoch 35 step 875]  loss=5.23e-01  l1=5.23e-01  l2=0.00e+00  psnr=15.5  cos=0.6370
[epoch 35 step 900]  loss=5.12e-01  l1=5.12e-01  l2=0.00e+00  psnr=15.6  cos=0.6377
[epoch 35 step 925]  loss=4.97e-01  l1=4.97e-01  l2=0.00e+00  psnr=15.6  cos=0.6644
[epoch 35 step 950]  loss=5.02e-01  l1=5.02e-01  l2=0.00e+00  psnr=15.8  cos=0.6661
[epoch 35 step 975]  loss=4.86e-01  l1=4.86e-01  l2=0.00e+00  psnr=16.0  cos=0.6477
[epoch 35 step 1000]  loss=4.95e-01  l1=4.95e-01  l2=0.00e+00  psnr=16.1  cos=0.6481
[epoch 35 step 1025]  loss=5.09e-01  l1=5.09e-01  l2=0.00e+00  psnr=15.8  cos=0.6509
[epoch 35 step 1050]  loss=5.06e-01  l1=5.06e-01  l2=0.00e+00  psnr=15.6  cos=0.6444
[epoch 35 step 1075]  loss=5.12e-01  l1=5.12e-01  l2=0.00e+00  psnr=15.7  cos=0.6304
[epoch 35 step 1100]  loss=5.03e-01  l1=5.03e-01  l2=0.00e+00  psnr=16.1  cos=0.6431
[epoch 35 step 1125]  loss=5.43e-01  l1=5.43e-01  l2=0.00e+00  psnr=15.3  cos=0.6184
[epoch 35 step 1150]  loss=4.54e-01  l1=4.54e-01  l2=0.00e+00  psnr=16.4  cos=0.6974
[epoch 35 step 1175]  loss=5.20e-01  l1=5.20e-01  l2=0.00e+00  psnr=15.7  cos=0.6371
[epoch 35 step 1200]  loss=5.04e-01  l1=5.04e-01  l2=0.00e+00  psnr=15.6  cos=0.6514
[epoch 35 step 1225]  loss=5.08e-01  l1=5.08e-01  l2=0.00e+00  psnr=15.7  cos=0.6428
[epoch 35 DONE]  final_loss=5.70e-01  psnr=15.71  cos=0.6428
[checkpoint] /workspace/runs/trial_toy_d3t/checkpoints/epoch_0035.pt
[val epoch 35]  latent_l1=0.5185  latent_l2=0.7717  latent_psnr=25.7043
[epoch 36 step 000]  loss=5.58e-01  l1=5.58e-01  l2=0.00e+00  psnr=15.0  cos=0.6057
[epoch 36 step 025]  loss=5.56e-01  l1=5.56e-01  l2=0.00e+00  psnr=15.0  cos=0.6230
[epoch 36 step 050]  loss=5.33e-01  l1=5.33e-01  l2=0.00e+00  psnr=15.6  cos=0.6192
[epoch 36 step 075]  loss=5.34e-01  l1=5.34e-01  l2=0.00e+00  psnr=15.4  cos=0.6061
[epoch 36 step 100]  loss=5.16e-01  l1=5.16e-01  l2=0.00e+00  psnr=15.7  cos=0.6370
[epoch 36 step 125]  loss=5.22e-01  l1=5.22e-01  l2=0.00e+00  psnr=15.8  cos=0.6324
[epoch 36 step 150]  loss=4.58e-01  l1=4.58e-01  l2=0.00e+00  psnr=16.4  cos=0.6856
[epoch 36 step 175]  loss=5.41e-01  l1=5.41e-01  l2=0.00e+00  psnr=15.2  cos=0.6301
[epoch 36 step 200]  loss=4.96e-01  l1=4.96e-01  l2=0.00e+00  psnr=15.9  cos=0.6590
[epoch 36 step 225]  loss=5.84e-01  l1=5.84e-01  l2=0.00e+00  psnr=14.7  cos=0.6079
[epoch 36 step 250]  loss=5.20e-01  l1=5.20e-01  l2=0.00e+00  psnr=15.8  cos=0.6249
[epoch 36 step 275]  loss=5.00e-01  l1=5.00e-01  l2=0.00e+00  psnr=15.7  cos=0.6429
[epoch 36 step 300]  loss=5.29e-01  l1=5.29e-01  l2=0.00e+00  psnr=15.3  cos=0.6332
[epoch 36 step 325]  loss=5.38e-01  l1=5.38e-01  l2=0.00e+00  psnr=15.4  cos=0.6156
[epoch 36 step 350]  loss=5.24e-01  l1=5.24e-01  l2=0.00e+00  psnr=15.6  cos=0.6273
[epoch 36 step 375]  loss=5.09e-01  l1=5.09e-01  l2=0.00e+00  psnr=15.8  cos=0.6532
[epoch 36 step 400]  loss=5.13e-01  l1=5.13e-01  l2=0.00e+00  psnr=15.8  cos=0.6339
[epoch 36 step 425]  loss=5.05e-01  l1=5.05e-01  l2=0.00e+00  psnr=15.8  cos=0.6430
[epoch 36 step 450]  loss=4.99e-01  l1=4.99e-01  l2=0.00e+00  psnr=15.6  cos=0.6572
[epoch 36 step 475]  loss=5.64e-01  l1=5.64e-01  l2=0.00e+00  psnr=14.9  cos=0.6263
[epoch 36 step 500]  loss=5.31e-01  l1=5.31e-01  l2=0.00e+00  psnr=15.7  cos=0.6059
[epoch 36 step 525]  loss=5.22e-01  l1=5.22e-01  l2=0.00e+00  psnr=15.7  cos=0.6295
[epoch 36 step 550]  loss=5.15e-01  l1=5.15e-01  l2=0.00e+00  psnr=15.9  cos=0.6438
[epoch 36 step 575]  loss=5.42e-01  l1=5.42e-01  l2=0.00e+00  psnr=15.4  cos=0.6121
[epoch 36 step 600]  loss=5.13e-01  l1=5.13e-01  l2=0.00e+00  psnr=16.0  cos=0.6321
[epoch 36 step 625]  loss=5.10e-01  l1=5.10e-01  l2=0.00e+00  psnr=15.7  cos=0.6507
[epoch 36 step 650]  loss=5.13e-01  l1=5.13e-01  l2=0.00e+00  psnr=15.9  cos=0.6236
[epoch 36 step 675]  loss=5.25e-01  l1=5.25e-01  l2=0.00e+00  psnr=15.4  cos=0.6481
[epoch 36 step 700]  loss=4.84e-01  l1=4.84e-01  l2=0.00e+00  psnr=16.1  cos=0.6470
[epoch 36 step 725]  loss=5.44e-01  l1=5.44e-01  l2=0.00e+00  psnr=15.2  cos=0.6160
[epoch 36 step 750]  loss=5.14e-01  l1=5.14e-01  l2=0.00e+00  psnr=15.5  cos=0.6601
[epoch 36 step 775]  loss=4.70e-01  l1=4.70e-01  l2=0.00e+00  psnr=16.2  cos=0.6792
[epoch 36 step 800]  loss=5.03e-01  l1=5.03e-01  l2=0.00e+00  psnr=15.8  cos=0.6420
[epoch 36 step 825]  loss=5.36e-01  l1=5.36e-01  l2=0.00e+00  psnr=15.6  cos=0.6269
[epoch 36 step 850]  loss=4.55e-01  l1=4.55e-01  l2=0.00e+00  psnr=16.6  cos=0.6827
[epoch 36 step 875]  loss=5.22e-01  l1=5.22e-01  l2=0.00e+00  psnr=15.4  cos=0.6408
[epoch 36 step 900]  loss=5.54e-01  l1=5.54e-01  l2=0.00e+00  psnr=15.1  cos=0.6130
[epoch 36 step 925]  loss=5.17e-01  l1=5.17e-01  l2=0.00e+00  psnr=15.7  cos=0.6400
[epoch 36 step 950]  loss=5.36e-01  l1=5.36e-01  l2=0.00e+00  psnr=15.4  cos=0.6107
[epoch 36 step 975]  loss=5.24e-01  l1=5.24e-01  l2=0.00e+00  psnr=15.7  cos=0.6220
[epoch 36 step 1000]  loss=5.52e-01  l1=5.52e-01  l2=0.00e+00  psnr=15.2  cos=0.6216
[epoch 36 step 1025]  loss=5.42e-01  l1=5.42e-01  l2=0.00e+00  psnr=15.2  cos=0.6187
[epoch 36 step 1050]  loss=5.08e-01  l1=5.08e-01  l2=0.00e+00  psnr=15.8  cos=0.6444
[epoch 36 step 1075]  loss=5.54e-01  l1=5.54e-01  l2=0.00e+00  psnr=15.4  cos=0.6016
[epoch 36 step 1100]  loss=5.04e-01  l1=5.04e-01  l2=0.00e+00  psnr=15.6  cos=0.6527
[epoch 36 step 1125]  loss=5.20e-01  l1=5.20e-01  l2=0.00e+00  psnr=15.6  cos=0.6210
[epoch 36 step 1150]  loss=5.35e-01  l1=5.35e-01  l2=0.00e+00  psnr=15.6  cos=0.5996
[epoch 36 step 1175]  loss=5.00e-01  l1=5.00e-01  l2=0.00e+00  psnr=15.8  cos=0.6467
[epoch 36 step 1200]  loss=5.63e-01  l1=5.63e-01  l2=0.00e+00  psnr=14.9  cos=0.6042
[epoch 36 step 1225]  loss=5.41e-01  l1=5.41e-01  l2=0.00e+00  psnr=15.3  cos=0.6122
[epoch 36 DONE]  final_loss=5.01e-01  psnr=15.28  cos=0.6122
[checkpoint] /workspace/runs/trial_toy_d3t/checkpoints/epoch_0036.pt
[val epoch 36]  latent_l1=0.5176  latent_l2=0.7698  latent_psnr=25.7255
[best] new best latent_psnr=25.7255 (prev=25.7060) -> /workspace/runs/trial_toy_d3t/checkpoints/best.pt
[epoch 37 step 000]  loss=5.12e-01  l1=5.12e-01  l2=0.00e+00  psnr=15.6  cos=0.6505
[epoch 37 step 025]  loss=5.07e-01  l1=5.07e-01  l2=0.00e+00  psnr=15.8  cos=0.6449
[epoch 37 step 050]  loss=5.13e-01  l1=5.13e-01  l2=0.00e+00  psnr=15.4  cos=0.6553
[epoch 37 step 075]  loss=4.56e-01  l1=4.56e-01  l2=0.00e+00  psnr=16.3  cos=0.6912
[epoch 37 step 100]  loss=4.98e-01  l1=4.98e-01  l2=0.00e+00  psnr=16.0  cos=0.6615
[epoch 37 step 125]  loss=5.33e-01  l1=5.33e-01  l2=0.00e+00  psnr=15.6  cos=0.6103
[epoch 37 step 150]  loss=5.14e-01  l1=5.14e-01  l2=0.00e+00  psnr=15.9  cos=0.6219
[epoch 37 step 175]  loss=5.17e-01  l1=5.17e-01  l2=0.00e+00  psnr=15.7  cos=0.6370
[epoch 37 step 200]  loss=5.29e-01  l1=5.29e-01  l2=0.00e+00  psnr=15.6  cos=0.6216
[epoch 37 step 225]  loss=5.20e-01  l1=5.20e-01  l2=0.00e+00  psnr=15.6  cos=0.6251
[epoch 37 step 250]  loss=5.29e-01  l1=5.29e-01  l2=0.00e+00  psnr=15.6  cos=0.6298
[epoch 37 step 275]  loss=5.21e-01  l1=5.21e-01  l2=0.00e+00  psnr=15.6  cos=0.6387
[epoch 37 step 300]  loss=5.00e-01  l1=5.00e-01  l2=0.00e+00  psnr=15.9  cos=0.6418
[epoch 37 step 325]  loss=5.20e-01  l1=5.20e-01  l2=0.00e+00  psnr=15.6  cos=0.6402
[epoch 37 step 350]  loss=5.04e-01  l1=5.04e-01  l2=0.00e+00  psnr=15.7  cos=0.6515
[epoch 37 step 375]  loss=5.10e-01  l1=5.10e-01  l2=0.00e+00  psnr=15.7  cos=0.6462
[epoch 37 step 400]  loss=5.05e-01  l1=5.05e-01  l2=0.00e+00  psnr=15.6  cos=0.6566
[epoch 37 step 425]  loss=5.07e-01  l1=5.07e-01  l2=0.00e+00  psnr=16.0  cos=0.6314
[epoch 37 step 450]  loss=5.28e-01  l1=5.28e-01  l2=0.00e+00  psnr=15.6  cos=0.6326
[epoch 37 step 475]  loss=4.95e-01  l1=4.95e-01  l2=0.00e+00  psnr=16.1  cos=0.6640
[epoch 37 step 500]  loss=5.57e-01  l1=5.57e-01  l2=0.00e+00  psnr=15.2  cos=0.5976
[epoch 37 step 525]  loss=5.04e-01  l1=5.04e-01  l2=0.00e+00  psnr=16.1  cos=0.6467
[epoch 37 step 550]  loss=4.84e-01  l1=4.84e-01  l2=0.00e+00  psnr=16.1  cos=0.6501
[epoch 37 step 575]  loss=5.20e-01  l1=5.20e-01  l2=0.00e+00  psnr=15.6  cos=0.6426
[epoch 37 step 600]  loss=5.40e-01  l1=5.40e-01  l2=0.00e+00  psnr=15.2  cos=0.6290
[epoch 37 step 625]  loss=5.27e-01  l1=5.27e-01  l2=0.00e+00  psnr=15.6  cos=0.6369
[epoch 37 step 650]  loss=5.23e-01  l1=5.23e-01  l2=0.00e+00  psnr=15.5  cos=0.6470
[epoch 37 step 675]  loss=5.17e-01  l1=5.17e-01  l2=0.00e+00  psnr=15.7  cos=0.6439
[epoch 37 step 700]  loss=5.29e-01  l1=5.29e-01  l2=0.00e+00  psnr=15.4  cos=0.6247
[epoch 37 step 725]  loss=5.13e-01  l1=5.13e-01  l2=0.00e+00  psnr=15.8  cos=0.6445
[epoch 37 step 750]  loss=4.56e-01  l1=4.56e-01  l2=0.00e+00  psnr=16.3  cos=0.6917
[epoch 37 step 775]  loss=5.02e-01  l1=5.02e-01  l2=0.00e+00  psnr=16.0  cos=0.6385
[epoch 37 step 800]  loss=5.42e-01  l1=5.42e-01  l2=0.00e+00  psnr=15.2  cos=0.6286
[epoch 37 step 825]  loss=5.06e-01  l1=5.06e-01  l2=0.00e+00  psnr=15.7  cos=0.6421
[epoch 37 step 850]  loss=5.11e-01  l1=5.11e-01  l2=0.00e+00  psnr=15.7  cos=0.6421
[epoch 37 step 875]  loss=5.42e-01  l1=5.42e-01  l2=0.00e+00  psnr=15.4  cos=0.6119
[epoch 37 step 900]  loss=5.10e-01  l1=5.10e-01  l2=0.00e+00  psnr=15.9  cos=0.6505
[epoch 37 step 925]  loss=5.03e-01  l1=5.03e-01  l2=0.00e+00  psnr=15.5  cos=0.6644
[epoch 37 step 950]  loss=5.18e-01  l1=5.18e-01  l2=0.00e+00  psnr=15.7  cos=0.6336
[epoch 37 step 975]  loss=5.23e-01  l1=5.23e-01  l2=0.00e+00  psnr=15.7  cos=0.6114
[epoch 37 step 1000]  loss=4.96e-01  l1=4.96e-01  l2=0.00e+00  psnr=16.0  cos=0.6406
[epoch 37 step 1025]  loss=5.11e-01  l1=5.11e-01  l2=0.00e+00  psnr=15.8  cos=0.6483
[epoch 37 step 1050]  loss=4.80e-01  l1=4.80e-01  l2=0.00e+00  psnr=16.1  cos=0.6556
[epoch 37 step 1075]  loss=5.14e-01  l1=5.14e-01  l2=0.00e+00  psnr=15.6  cos=0.6338
[epoch 37 step 1100]  loss=5.32e-01  l1=5.32e-01  l2=0.00e+00  psnr=15.4  cos=0.6069
[epoch 37 step 1125]  loss=4.98e-01  l1=4.98e-01  l2=0.00e+00  psnr=15.7  cos=0.6595
[epoch 37 step 1150]  loss=5.55e-01  l1=5.55e-01  l2=0.00e+00  psnr=14.8  cos=0.6416
[epoch 37 step 1175]  loss=4.99e-01  l1=4.99e-01  l2=0.00e+00  psnr=16.1  cos=0.6438
[epoch 37 step 1200]  loss=4.99e-01  l1=4.99e-01  l2=0.00e+00  psnr=16.0  cos=0.6486
[epoch 37 step 1225]  loss=4.95e-01  l1=4.95e-01  l2=0.00e+00  psnr=15.8  cos=0.6531
[epoch 37 DONE]  final_loss=5.03e-01  psnr=15.84  cos=0.6531
[checkpoint] /workspace/runs/trial_toy_d3t/checkpoints/epoch_0037.pt
[val epoch 37]  latent_l1=0.5169  latent_l2=0.7692  latent_psnr=25.7323
[best] new best latent_psnr=25.7323 (prev=25.7255) -> /workspace/runs/trial_toy_d3t/checkpoints/best.pt
[epoch 38 step 000]  loss=5.14e-01  l1=5.14e-01  l2=0.00e+00  psnr=15.6  cos=0.6560
[epoch 38 step 025]  loss=5.16e-01  l1=5.16e-01  l2=0.00e+00  psnr=15.7  cos=0.6305
[epoch 38 step 050]  loss=5.14e-01  l1=5.14e-01  l2=0.00e+00  psnr=15.5  cos=0.6469
[epoch 38 step 075]  loss=5.15e-01  l1=5.15e-01  l2=0.00e+00  psnr=15.6  cos=0.6438
[epoch 38 step 100]  loss=5.23e-01  l1=5.23e-01  l2=0.00e+00  psnr=15.6  cos=0.6341
[epoch 38 step 125]  loss=5.22e-01  l1=5.22e-01  l2=0.00e+00  psnr=15.7  cos=0.6451
[epoch 38 step 150]  loss=5.19e-01  l1=5.19e-01  l2=0.00e+00  psnr=15.7  cos=0.6315
[epoch 38 step 175]  loss=5.05e-01  l1=5.05e-01  l2=0.00e+00  psnr=15.7  cos=0.6496
[epoch 38 step 200]  loss=5.25e-01  l1=5.25e-01  l2=0.00e+00  psnr=15.5  cos=0.6391
[epoch 38 step 225]  loss=5.00e-01  l1=5.00e-01  l2=0.00e+00  psnr=15.8  cos=0.6441
[epoch 38 step 250]  loss=5.08e-01  l1=5.08e-01  l2=0.00e+00  psnr=15.4  cos=0.6588
[epoch 38 step 275]  loss=5.36e-01  l1=5.36e-01  l2=0.00e+00  psnr=15.3  cos=0.6274
[epoch 38 step 300]  loss=4.97e-01  l1=4.97e-01  l2=0.00e+00  psnr=16.2  cos=0.6430
[epoch 38 step 325]  loss=5.19e-01  l1=5.19e-01  l2=0.00e+00  psnr=15.7  cos=0.6251
[epoch 38 step 350]  loss=5.36e-01  l1=5.36e-01  l2=0.00e+00  psnr=15.4  cos=0.6220
[epoch 38 step 375]  loss=5.00e-01  l1=5.00e-01  l2=0.00e+00  psnr=16.0  cos=0.6485
[epoch 38 step 400]  loss=5.26e-01  l1=5.26e-01  l2=0.00e+00  psnr=15.4  cos=0.6458
[epoch 38 step 425]  loss=5.05e-01  l1=5.05e-01  l2=0.00e+00  psnr=16.1  cos=0.6413
[epoch 38 step 450]  loss=5.08e-01  l1=5.08e-01  l2=0.00e+00  psnr=15.8  cos=0.6419
[epoch 38 step 475]  loss=5.19e-01  l1=5.19e-01  l2=0.00e+00  psnr=15.3  cos=0.6447
[epoch 38 step 500]  loss=5.24e-01  l1=5.24e-01  l2=0.00e+00  psnr=15.6  cos=0.6288
[epoch 38 step 525]  loss=5.23e-01  l1=5.23e-01  l2=0.00e+00  psnr=15.3  cos=0.6474
[epoch 38 step 550]  loss=5.09e-01  l1=5.09e-01  l2=0.00e+00  psnr=15.6  cos=0.6756
[epoch 38 step 575]  loss=5.30e-01  l1=5.30e-01  l2=0.00e+00  psnr=15.3  cos=0.6361
[epoch 38 step 600]  loss=5.15e-01  l1=5.15e-01  l2=0.00e+00  psnr=15.7  cos=0.6324
[epoch 38 step 625]  loss=5.17e-01  l1=5.17e-01  l2=0.00e+00  psnr=15.8  cos=0.6230
[epoch 38 step 650]  loss=5.38e-01  l1=5.38e-01  l2=0.00e+00  psnr=15.3  cos=0.6127
[epoch 38 step 675]  loss=5.27e-01  l1=5.27e-01  l2=0.00e+00  psnr=15.5  cos=0.6208
[epoch 38 step 700]  loss=5.16e-01  l1=5.16e-01  l2=0.00e+00  psnr=15.7  cos=0.6490
[epoch 38 step 725]  loss=5.06e-01  l1=5.06e-01  l2=0.00e+00  psnr=15.9  cos=0.6490
[epoch 38 step 750]  loss=5.24e-01  l1=5.24e-01  l2=0.00e+00  psnr=15.7  cos=0.6245
[epoch 38 step 775]  loss=5.68e-01  l1=5.68e-01  l2=0.00e+00  psnr=15.3  cos=0.5929
[epoch 38 step 800]  loss=5.13e-01  l1=5.13e-01  l2=0.00e+00  psnr=15.3  cos=0.6462
[epoch 38 step 825]  loss=5.57e-01  l1=5.57e-01  l2=0.00e+00  psnr=15.0  cos=0.6275
[epoch 38 step 850]  loss=5.10e-01  l1=5.10e-01  l2=0.00e+00  psnr=15.8  cos=0.6454
[epoch 38 step 875]  loss=5.34e-01  l1=5.34e-01  l2=0.00e+00  psnr=15.6  cos=0.6227
[epoch 38 step 900]  loss=5.35e-01  l1=5.35e-01  l2=0.00e+00  psnr=15.5  cos=0.6227
[epoch 38 step 925]  loss=5.62e-01  l1=5.62e-01  l2=0.00e+00  psnr=15.0  cos=0.6049
[epoch 38 step 950]  loss=5.45e-01  l1=5.45e-01  l2=0.00e+00  psnr=15.3  cos=0.6100
[epoch 38 step 975]  loss=5.24e-01  l1=5.24e-01  l2=0.00e+00  psnr=15.4  cos=0.6388
[epoch 38 step 1000]  loss=5.16e-01  l1=5.16e-01  l2=0.00e+00  psnr=15.6  cos=0.6322
[epoch 38 step 1025]  loss=5.19e-01  l1=5.19e-01  l2=0.00e+00  psnr=15.5  cos=0.6410
[epoch 38 step 1050]  loss=5.30e-01  l1=5.30e-01  l2=0.00e+00  psnr=15.6  cos=0.6240
[epoch 38 step 1075]  loss=5.18e-01  l1=5.18e-01  l2=0.00e+00  psnr=15.9  cos=0.6353
[epoch 38 step 1100]  loss=5.32e-01  l1=5.32e-01  l2=0.00e+00  psnr=15.6  cos=0.6295
[epoch 38 step 1125]  loss=5.15e-01  l1=5.15e-01  l2=0.00e+00  psnr=15.6  cos=0.6424
[epoch 38 step 1150]  loss=5.36e-01  l1=5.36e-01  l2=0.00e+00  psnr=15.4  cos=0.6166
[epoch 38 step 1175]  loss=5.12e-01  l1=5.12e-01  l2=0.00e+00  psnr=16.0  cos=0.6248
[epoch 38 step 1200]  loss=5.31e-01  l1=5.31e-01  l2=0.00e+00  psnr=15.3  cos=0.6301
[epoch 38 step 1225]  loss=5.68e-01  l1=5.68e-01  l2=0.00e+00  psnr=15.2  cos=0.5682
[epoch 38 DONE]  final_loss=5.11e-01  psnr=15.15  cos=0.5682
[checkpoint] /workspace/runs/trial_toy_d3t/checkpoints/epoch_0038.pt
[val epoch 38]  latent_l1=0.5170  latent_l2=0.7693  latent_psnr=25.7317
[epoch 39 step 000]  loss=5.51e-01  l1=5.51e-01  l2=0.00e+00  psnr=15.3  cos=0.6019
[epoch 39 step 025]  loss=5.29e-01  l1=5.29e-01  l2=0.00e+00  psnr=15.5  cos=0.6305
[epoch 39 step 050]  loss=5.18e-01  l1=5.18e-01  l2=0.00e+00  psnr=15.8  cos=0.6287
[epoch 39 step 075]  loss=5.03e-01  l1=5.03e-01  l2=0.00e+00  psnr=15.8  cos=0.6405
[epoch 39 step 100]  loss=5.29e-01  l1=5.29e-01  l2=0.00e+00  psnr=15.5  cos=0.6269
[epoch 39 step 125]  loss=5.84e-01  l1=5.84e-01  l2=0.00e+00  psnr=14.7  cos=0.5977
[epoch 39 step 150]  loss=5.17e-01  l1=5.17e-01  l2=0.00e+00  psnr=15.7  cos=0.6504
[epoch 39 step 175]  loss=4.89e-01  l1=4.89e-01  l2=0.00e+00  psnr=15.9  cos=0.6564
[epoch 39 step 200]  loss=5.23e-01  l1=5.23e-01  l2=0.00e+00  psnr=15.5  cos=0.6369
[epoch 39 step 225]  loss=4.86e-01  l1=4.86e-01  l2=0.00e+00  psnr=16.1  cos=0.6594
[epoch 39 step 250]  loss=5.26e-01  l1=5.26e-01  l2=0.00e+00  psnr=15.5  cos=0.6293
[epoch 39 step 275]  loss=5.90e-01  l1=5.90e-01  l2=0.00e+00  psnr=14.6  cos=0.6018
[epoch 39 step 300]  loss=5.40e-01  l1=5.40e-01  l2=0.00e+00  psnr=15.4  cos=0.6306
[epoch 39 step 325]  loss=5.17e-01  l1=5.17e-01  l2=0.00e+00  psnr=15.7  cos=0.6322
[epoch 39 step 350]  loss=5.06e-01  l1=5.06e-01  l2=0.00e+00  psnr=15.8  cos=0.6401
[epoch 39 step 375]  loss=5.21e-01  l1=5.21e-01  l2=0.00e+00  psnr=15.9  cos=0.6185
[epoch 39 step 400]  loss=5.03e-01  l1=5.03e-01  l2=0.00e+00  psnr=16.1  cos=0.6492
[epoch 39 step 425]  loss=5.07e-01  l1=5.07e-01  l2=0.00e+00  psnr=15.9  cos=0.6367
[epoch 39 step 450]  loss=4.87e-01  l1=4.87e-01  l2=0.00e+00  psnr=16.0  cos=0.6511
[epoch 39 step 475]  loss=5.40e-01  l1=5.40e-01  l2=0.00e+00  psnr=15.2  cos=0.6348
[epoch 39 step 500]  loss=5.41e-01  l1=5.41e-01  l2=0.00e+00  psnr=15.4  cos=0.6203
[epoch 39 step 525]  loss=5.34e-01  l1=5.34e-01  l2=0.00e+00  psnr=15.6  cos=0.6053
[epoch 39 step 550]  loss=5.29e-01  l1=5.29e-01  l2=0.00e+00  psnr=15.4  cos=0.6314
[epoch 39 step 575]  loss=5.08e-01  l1=5.08e-01  l2=0.00e+00  psnr=15.7  cos=0.6411
[epoch 39 step 600]  loss=5.52e-01  l1=5.52e-01  l2=0.00e+00  psnr=15.0  cos=0.6284
[epoch 39 step 625]  loss=5.27e-01  l1=5.27e-01  l2=0.00e+00  psnr=15.5  cos=0.6278
[epoch 39 step 650]  loss=4.97e-01  l1=4.97e-01  l2=0.00e+00  psnr=15.7  cos=0.6536
[epoch 39 step 675]  loss=5.29e-01  l1=5.29e-01  l2=0.00e+00  psnr=15.5  cos=0.6283
[epoch 39 step 700]  loss=5.30e-01  l1=5.30e-01  l2=0.00e+00  psnr=15.5  cos=0.6273
[epoch 39 step 725]  loss=4.99e-01  l1=4.99e-01  l2=0.00e+00  psnr=16.0  cos=0.6484
[epoch 39 step 750]  loss=5.32e-01  l1=5.32e-01  l2=0.00e+00  psnr=15.5  cos=0.6156
[epoch 39 step 775]  loss=4.85e-01  l1=4.85e-01  l2=0.00e+00  psnr=15.9  cos=0.6665
[epoch 39 step 800]  loss=5.37e-01  l1=5.37e-01  l2=0.00e+00  psnr=15.4  cos=0.6120
[epoch 39 step 825]  loss=5.51e-01  l1=5.51e-01  l2=0.00e+00  psnr=15.2  cos=0.5934
[epoch 39 step 850]  loss=5.16e-01  l1=5.16e-01  l2=0.00e+00  psnr=15.8  cos=0.6499
[epoch 39 step 875]  loss=5.32e-01  l1=5.32e-01  l2=0.00e+00  psnr=15.4  cos=0.6507
[epoch 39 step 900]  loss=5.02e-01  l1=5.02e-01  l2=0.00e+00  psnr=15.6  cos=0.6605
[epoch 39 step 925]  loss=5.19e-01  l1=5.19e-01  l2=0.00e+00  psnr=15.7  cos=0.6402
[epoch 39 step 950]  loss=5.09e-01  l1=5.09e-01  l2=0.00e+00  psnr=15.7  cos=0.6432
[epoch 39 step 975]  loss=4.90e-01  l1=4.90e-01  l2=0.00e+00  psnr=16.0  cos=0.6541
[epoch 39 step 1000]  loss=4.92e-01  l1=4.92e-01  l2=0.00e+00  psnr=16.0  cos=0.6632
[epoch 39 step 1025]  loss=5.21e-01  l1=5.21e-01  l2=0.00e+00  psnr=15.6  cos=0.6399
[epoch 39 step 1050]  loss=4.92e-01  l1=4.92e-01  l2=0.00e+00  psnr=15.9  cos=0.6459
[epoch 39 step 1075]  loss=5.27e-01  l1=5.27e-01  l2=0.00e+00  psnr=15.4  cos=0.6432
[epoch 39 step 1100]  loss=4.89e-01  l1=4.89e-01  l2=0.00e+00  psnr=15.9  cos=0.6613
[epoch 39 step 1125]  loss=5.22e-01  l1=5.22e-01  l2=0.00e+00  psnr=15.6  cos=0.6247
[epoch 39 step 1150]  loss=5.19e-01  l1=5.19e-01  l2=0.00e+00  psnr=15.5  cos=0.6444
[epoch 39 step 1175]  loss=5.57e-01  l1=5.57e-01  l2=0.00e+00  psnr=15.0  cos=0.6023
[epoch 39 step 1200]  loss=5.32e-01  l1=5.32e-01  l2=0.00e+00  psnr=15.3  cos=0.6472
[epoch 39 step 1225]  loss=5.21e-01  l1=5.21e-01  l2=0.00e+00  psnr=15.5  cos=0.6446
[epoch 39 DONE]  final_loss=5.79e-01  psnr=15.53  cos=0.6446
[checkpoint] /workspace/runs/trial_toy_d3t/checkpoints/epoch_0039.pt
[val epoch 39]  latent_l1=0.5160  latent_l2=0.7681  latent_psnr=25.7445
[best] new best latent_psnr=25.7445 (prev=25.7323) -> /workspace/runs/trial_toy_d3t/checkpoints/best.pt
[epoch 40 step 000]  loss=4.88e-01  l1=4.88e-01  l2=0.00e+00  psnr=15.8  cos=0.6683
[epoch 40 step 025]  loss=5.02e-01  l1=5.02e-01  l2=0.00e+00  psnr=15.7  cos=0.6388
[epoch 40 step 050]  loss=5.19e-01  l1=5.19e-01  l2=0.00e+00  psnr=15.6  cos=0.6402
[epoch 40 step 075]  loss=5.32e-01  l1=5.32e-01  l2=0.00e+00  psnr=15.4  cos=0.6146
[epoch 40 step 100]  loss=5.26e-01  l1=5.26e-01  l2=0.00e+00  psnr=15.4  cos=0.6172
[epoch 40 step 125]  loss=5.10e-01  l1=5.10e-01  l2=0.00e+00  psnr=15.8  cos=0.6475
[epoch 40 step 150]  loss=5.23e-01  l1=5.23e-01  l2=0.00e+00  psnr=15.5  cos=0.6368
[epoch 40 step 175]  loss=4.96e-01  l1=4.96e-01  l2=0.00e+00  psnr=15.7  cos=0.6482
[epoch 40 step 200]  loss=5.24e-01  l1=5.24e-01  l2=0.00e+00  psnr=15.7  cos=0.6288
[epoch 40 step 225]  loss=4.92e-01  l1=4.92e-01  l2=0.00e+00  psnr=16.1  cos=0.6480
[epoch 40 step 250]  loss=5.04e-01  l1=5.04e-01  l2=0.00e+00  psnr=15.6  cos=0.6657
[epoch 40 step 275]  loss=5.33e-01  l1=5.33e-01  l2=0.00e+00  psnr=15.4  cos=0.6087
[epoch 40 step 300]  loss=5.08e-01  l1=5.08e-01  l2=0.00e+00  psnr=15.9  cos=0.6467
[epoch 40 step 325]  loss=5.03e-01  l1=5.03e-01  l2=0.00e+00  psnr=15.9  cos=0.6431
[epoch 40 step 350]  loss=5.08e-01  l1=5.08e-01  l2=0.00e+00  psnr=15.9  cos=0.6252
[epoch 40 step 375]  loss=5.20e-01  l1=5.20e-01  l2=0.00e+00  psnr=15.7  cos=0.6271
[epoch 40 step 400]  loss=5.14e-01  l1=5.14e-01  l2=0.00e+00  psnr=15.6  cos=0.6418
[epoch 40 step 425]  loss=5.44e-01  l1=5.44e-01  l2=0.00e+00  psnr=15.3  cos=0.6239
[epoch 40 step 450]  loss=5.29e-01  l1=5.29e-01  l2=0.00e+00  psnr=15.4  cos=0.6271
[epoch 40 step 475]  loss=5.02e-01  l1=5.02e-01  l2=0.00e+00  psnr=15.9  cos=0.6436
[epoch 40 step 500]  loss=5.15e-01  l1=5.15e-01  l2=0.00e+00  psnr=15.5  cos=0.6551
[epoch 40 step 525]  loss=5.40e-01  l1=5.40e-01  l2=0.00e+00  psnr=15.6  cos=0.6165
[epoch 40 step 550]  loss=5.38e-01  l1=5.38e-01  l2=0.00e+00  psnr=15.4  cos=0.6298
[epoch 40 step 575]  loss=5.16e-01  l1=5.16e-01  l2=0.00e+00  psnr=15.9  cos=0.6329
[epoch 40 step 600]  loss=5.35e-01  l1=5.35e-01  l2=0.00e+00  psnr=15.5  cos=0.6286
[epoch 40 step 625]  loss=4.80e-01  l1=4.80e-01  l2=0.00e+00  psnr=16.0  cos=0.6680
[epoch 40 step 650]  loss=5.56e-01  l1=5.56e-01  l2=0.00e+00  psnr=15.2  cos=0.6127
[epoch 40 step 675]  loss=5.17e-01  l1=5.17e-01  l2=0.00e+00  psnr=15.5  cos=0.6398
[epoch 40 step 700]  loss=5.06e-01  l1=5.06e-01  l2=0.00e+00  psnr=15.6  cos=0.6631
[epoch 40 step 725]  loss=5.03e-01  l1=5.03e-01  l2=0.00e+00  psnr=15.9  cos=0.6479
[epoch 40 step 750]  loss=5.36e-01  l1=5.36e-01  l2=0.00e+00  psnr=15.2  cos=0.6312
[epoch 40 step 775]  loss=5.10e-01  l1=5.10e-01  l2=0.00e+00  psnr=15.7  cos=0.6409
[epoch 40 step 800]  loss=5.65e-01  l1=5.65e-01  l2=0.00e+00  psnr=15.1  cos=0.5908
[epoch 40 step 825]  loss=5.31e-01  l1=5.31e-01  l2=0.00e+00  psnr=15.4  cos=0.6228
[epoch 40 step 850]  loss=5.40e-01  l1=5.40e-01  l2=0.00e+00  psnr=15.4  cos=0.6234
[epoch 40 step 875]  loss=5.01e-01  l1=5.01e-01  l2=0.00e+00  psnr=15.8  cos=0.6434
[epoch 40 step 900]  loss=4.96e-01  l1=4.96e-01  l2=0.00e+00  psnr=15.9  cos=0.6569
[epoch 40 step 925]  loss=5.17e-01  l1=5.17e-01  l2=0.00e+00  psnr=15.9  cos=0.6314
[epoch 40 step 950]  loss=5.15e-01  l1=5.15e-01  l2=0.00e+00  psnr=15.8  cos=0.6275
[epoch 40 step 975]  loss=5.51e-01  l1=5.51e-01  l2=0.00e+00  psnr=15.4  cos=0.5968
[epoch 40 step 1000]  loss=5.06e-01  l1=5.06e-01  l2=0.00e+00  psnr=16.0  cos=0.6418
[epoch 40 step 1025]  loss=5.53e-01  l1=5.53e-01  l2=0.00e+00  psnr=15.3  cos=0.5958
[epoch 40 step 1050]  loss=5.19e-01  l1=5.19e-01  l2=0.00e+00  psnr=15.6  cos=0.6461
[epoch 40 step 1075]  loss=5.01e-01  l1=5.01e-01  l2=0.00e+00  psnr=16.1  cos=0.6387
[epoch 40 step 1100]  loss=5.25e-01  l1=5.25e-01  l2=0.00e+00  psnr=15.6  cos=0.6226
[epoch 40 step 1125]  loss=5.29e-01  l1=5.29e-01  l2=0.00e+00  psnr=15.5  cos=0.6366
[epoch 40 step 1150]  loss=5.07e-01  l1=5.07e-01  l2=0.00e+00  psnr=15.9  cos=0.6375
[epoch 40 step 1175]  loss=5.11e-01  l1=5.11e-01  l2=0.00e+00  psnr=15.9  cos=0.6307
[epoch 40 step 1200]  loss=4.92e-01  l1=4.92e-01  l2=0.00e+00  psnr=15.9  cos=0.6749
[epoch 40 step 1225]  loss=4.92e-01  l1=4.92e-01  l2=0.00e+00  psnr=16.0  cos=0.6663
[epoch 40 DONE]  final_loss=5.37e-01  psnr=16.03  cos=0.6663
[checkpoint] /workspace/runs/trial_toy_d3t/checkpoints/epoch_0040.pt
[val epoch 40]  latent_l1=0.5147  latent_l2=0.7669  latent_psnr=25.7586
[best] new best latent_psnr=25.7586 (prev=25.7445) -> /workspace/runs/trial_toy_d3t/checkpoints/best.pt
[epoch 41 step 000]  loss=5.36e-01  l1=5.36e-01  l2=0.00e+00  psnr=15.5  cos=0.6286
[epoch 41 step 025]  loss=4.99e-01  l1=4.99e-01  l2=0.00e+00  psnr=15.9  cos=0.6505
[epoch 41 step 050]  loss=5.22e-01  l1=5.22e-01  l2=0.00e+00  psnr=15.7  cos=0.6277
[epoch 41 step 075]  loss=5.10e-01  l1=5.10e-01  l2=0.00e+00  psnr=15.8  cos=0.6470
[epoch 41 step 100]  loss=5.81e-01  l1=5.81e-01  l2=0.00e+00  psnr=14.8  cos=0.5934
[epoch 41 step 125]  loss=5.26e-01  l1=5.26e-01  l2=0.00e+00  psnr=15.4  cos=0.6403
[epoch 41 step 150]  loss=4.52e-01  l1=4.52e-01  l2=0.00e+00  psnr=16.3  cos=0.6967
[epoch 41 step 175]  loss=5.39e-01  l1=5.39e-01  l2=0.00e+00  psnr=15.2  cos=0.6464
[epoch 41 step 200]  loss=5.01e-01  l1=5.01e-01  l2=0.00e+00  psnr=15.8  cos=0.6565
[epoch 41 step 225]  loss=5.26e-01  l1=5.26e-01  l2=0.00e+00  psnr=15.6  cos=0.6174
[epoch 41 step 250]  loss=5.36e-01  l1=5.36e-01  l2=0.00e+00  psnr=15.4  cos=0.6207
[epoch 41 step 275]  loss=4.89e-01  l1=4.89e-01  l2=0.00e+00  psnr=16.1  cos=0.6580
[epoch 41 step 300]  loss=4.94e-01  l1=4.94e-01  l2=0.00e+00  psnr=15.9  cos=0.6651
[epoch 41 step 325]  loss=5.12e-01  l1=5.12e-01  l2=0.00e+00  psnr=15.6  cos=0.6423
[epoch 41 step 350]  loss=5.23e-01  l1=5.23e-01  l2=0.00e+00  psnr=15.7  cos=0.6323
[epoch 41 step 375]  loss=5.11e-01  l1=5.11e-01  l2=0.00e+00  psnr=15.8  cos=0.6445
[epoch 41 step 400]  loss=5.05e-01  l1=5.05e-01  l2=0.00e+00  psnr=16.0  cos=0.6336
[epoch 41 step 425]  loss=5.18e-01  l1=5.18e-01  l2=0.00e+00  psnr=15.7  cos=0.6251
[epoch 41 step 450]  loss=5.05e-01  l1=5.05e-01  l2=0.00e+00  psnr=15.9  cos=0.6400
[epoch 41 step 475]  loss=5.14e-01  l1=5.14e-01  l2=0.00e+00  psnr=15.6  cos=0.6387
[epoch 41 step 500]  loss=5.13e-01  l1=5.13e-01  l2=0.00e+00  psnr=15.7  cos=0.6570
[epoch 41 step 525]  loss=4.97e-01  l1=4.97e-01  l2=0.00e+00  psnr=16.0  cos=0.6495
[epoch 41 step 550]  loss=4.73e-01  l1=4.73e-01  l2=0.00e+00  psnr=16.3  cos=0.6814
[epoch 41 step 575]  loss=5.20e-01  l1=5.20e-01  l2=0.00e+00  psnr=15.6  cos=0.6289
[epoch 41 step 600]  loss=5.34e-01  l1=5.34e-01  l2=0.00e+00  psnr=15.5  cos=0.6160
[epoch 41 step 625]  loss=5.15e-01  l1=5.15e-01  l2=0.00e+00  psnr=15.8  cos=0.6436
[epoch 41 step 650]  loss=5.50e-01  l1=5.50e-01  l2=0.00e+00  psnr=15.4  cos=0.6067
[epoch 41 step 675]  loss=4.74e-01  l1=4.74e-01  l2=0.00e+00  psnr=16.0  cos=0.6923
[epoch 41 step 700]  loss=5.30e-01  l1=5.30e-01  l2=0.00e+00  psnr=15.5  cos=0.6319
[epoch 41 step 725]  loss=5.23e-01  l1=5.23e-01  l2=0.00e+00  psnr=15.6  cos=0.6361
[epoch 41 step 750]  loss=5.01e-01  l1=5.01e-01  l2=0.00e+00  psnr=15.8  cos=0.6462
[epoch 41 step 775]  loss=5.44e-01  l1=5.44e-01  l2=0.00e+00  psnr=15.3  cos=0.6224
[epoch 41 step 800]  loss=5.10e-01  l1=5.10e-01  l2=0.00e+00  psnr=15.9  cos=0.6248
[epoch 41 step 825]  loss=5.06e-01  l1=5.06e-01  l2=0.00e+00  psnr=15.6  cos=0.6477
[epoch 41 step 850]  loss=4.79e-01  l1=4.79e-01  l2=0.00e+00  psnr=16.1  cos=0.6709
[epoch 41 step 875]  loss=5.05e-01  l1=5.05e-01  l2=0.00e+00  psnr=15.9  cos=0.6536
[epoch 41 step 900]  loss=5.75e-01  l1=5.75e-01  l2=0.00e+00  psnr=14.7  cos=0.5891
[epoch 41 step 925]  loss=5.13e-01  l1=5.13e-01  l2=0.00e+00  psnr=15.5  cos=0.6612
[epoch 41 step 950]  loss=4.95e-01  l1=4.95e-01  l2=0.00e+00  psnr=16.1  cos=0.6460
[epoch 41 step 975]  loss=5.47e-01  l1=5.47e-01  l2=0.00e+00  psnr=15.2  cos=0.6174
[epoch 41 step 1000]  loss=4.77e-01  l1=4.77e-01  l2=0.00e+00  psnr=16.2  cos=0.6739
[epoch 41 step 1025]  loss=4.78e-01  l1=4.78e-01  l2=0.00e+00  psnr=15.9  cos=0.6815
[epoch 41 step 1050]  loss=4.86e-01  l1=4.86e-01  l2=0.00e+00  psnr=15.9  cos=0.6667
[epoch 41 step 1075]  loss=5.07e-01  l1=5.07e-01  l2=0.00e+00  psnr=15.8  cos=0.6277
[epoch 41 step 1100]  loss=5.34e-01  l1=5.34e-01  l2=0.00e+00  psnr=15.2  cos=0.6335
[epoch 41 step 1125]  loss=4.91e-01  l1=4.91e-01  l2=0.00e+00  psnr=16.1  cos=0.6514
[epoch 41 step 1150]  loss=5.17e-01  l1=5.17e-01  l2=0.00e+00  psnr=15.9  cos=0.6420
[epoch 41 step 1175]  loss=5.34e-01  l1=5.34e-01  l2=0.00e+00  psnr=15.5  cos=0.6282
[epoch 41 step 1200]  loss=5.32e-01  l1=5.32e-01  l2=0.00e+00  psnr=15.5  cos=0.6242
[epoch 41 step 1225]  loss=4.86e-01  l1=4.86e-01  l2=0.00e+00  psnr=15.8  cos=0.6666
[epoch 41 DONE]  final_loss=5.21e-01  psnr=15.80  cos=0.6666
[checkpoint] /workspace/runs/trial_toy_d3t/checkpoints/epoch_0041.pt
[val epoch 41]  latent_l1=0.5142  latent_l2=0.7660  latent_psnr=25.7688
[best] new best latent_psnr=25.7688 (prev=25.7586) -> /workspace/runs/trial_toy_d3t/checkpoints/best.pt
[epoch 42 step 000]  loss=5.17e-01  l1=5.17e-01  l2=0.00e+00  psnr=15.6  cos=0.6292
[epoch 42 step 025]  loss=5.00e-01  l1=5.00e-01  l2=0.00e+00  psnr=15.8  cos=0.6570
[epoch 42 step 050]  loss=4.99e-01  l1=4.99e-01  l2=0.00e+00  psnr=15.8  cos=0.6552
[epoch 42 step 075]  loss=4.99e-01  l1=4.99e-01  l2=0.00e+00  psnr=15.8  cos=0.6662
[epoch 42 step 100]  loss=4.75e-01  l1=4.75e-01  l2=0.00e+00  psnr=16.2  cos=0.6639
[epoch 42 step 125]  loss=5.15e-01  l1=5.15e-01  l2=0.00e+00  psnr=15.5  cos=0.6434
[epoch 42 step 150]  loss=5.34e-01  l1=5.34e-01  l2=0.00e+00  psnr=15.5  cos=0.6086
[epoch 42 step 175]  loss=5.04e-01  l1=5.04e-01  l2=0.00e+00  psnr=15.6  cos=0.6732
[epoch 42 step 200]  loss=5.53e-01  l1=5.53e-01  l2=0.00e+00  psnr=15.2  cos=0.6112
[epoch 42 step 225]  loss=5.21e-01  l1=5.21e-01  l2=0.00e+00  psnr=15.8  cos=0.6263
[epoch 42 step 250]  loss=4.97e-01  l1=4.97e-01  l2=0.00e+00  psnr=16.0  cos=0.6554
[epoch 42 step 275]  loss=5.21e-01  l1=5.21e-01  l2=0.00e+00  psnr=15.6  cos=0.6409
[epoch 42 step 300]  loss=5.22e-01  l1=5.22e-01  l2=0.00e+00  psnr=15.6  cos=0.6203
[epoch 42 step 325]  loss=5.06e-01  l1=5.06e-01  l2=0.00e+00  psnr=15.7  cos=0.6481
[epoch 42 step 350]  loss=5.18e-01  l1=5.18e-01  l2=0.00e+00  psnr=15.9  cos=0.6385
[epoch 42 step 375]  loss=4.92e-01  l1=4.92e-01  l2=0.00e+00  psnr=16.2  cos=0.6697
[epoch 42 step 400]  loss=5.17e-01  l1=5.17e-01  l2=0.00e+00  psnr=15.6  cos=0.6434
[epoch 42 step 425]  loss=4.99e-01  l1=4.99e-01  l2=0.00e+00  psnr=15.9  cos=0.6634
[epoch 42 step 450]  loss=4.90e-01  l1=4.90e-01  l2=0.00e+00  psnr=15.8  cos=0.6580
[epoch 42 step 475]  loss=5.12e-01  l1=5.12e-01  l2=0.00e+00  psnr=15.7  cos=0.6447
[epoch 42 step 500]  loss=5.48e-01  l1=5.48e-01  l2=0.00e+00  psnr=15.0  cos=0.6402
[epoch 42 step 525]  loss=5.35e-01  l1=5.35e-01  l2=0.00e+00  psnr=15.6  cos=0.6368
[epoch 42 step 550]  loss=5.17e-01  l1=5.17e-01  l2=0.00e+00  psnr=15.8  cos=0.6414
[epoch 42 step 575]  loss=5.17e-01  l1=5.17e-01  l2=0.00e+00  psnr=15.7  cos=0.6392
[epoch 42 step 600]  loss=5.14e-01  l1=5.14e-01  l2=0.00e+00  psnr=15.7  cos=0.6386
[epoch 42 step 625]  loss=4.97e-01  l1=4.97e-01  l2=0.00e+00  psnr=16.0  cos=0.6675
[epoch 42 step 650]  loss=5.52e-01  l1=5.52e-01  l2=0.00e+00  psnr=15.2  cos=0.6122
[epoch 42 step 675]  loss=5.34e-01  l1=5.34e-01  l2=0.00e+00  psnr=15.5  cos=0.6183
[epoch 42 step 700]  loss=4.85e-01  l1=4.85e-01  l2=0.00e+00  psnr=16.2  cos=0.6700
[epoch 42 step 725]  loss=5.06e-01  l1=5.06e-01  l2=0.00e+00  psnr=16.0  cos=0.6422
[epoch 42 step 750]  loss=5.14e-01  l1=5.14e-01  l2=0.00e+00  psnr=15.8  cos=0.6227
[epoch 42 step 775]  loss=4.79e-01  l1=4.79e-01  l2=0.00e+00  psnr=16.3  cos=0.6673
[epoch 42 step 800]  loss=4.97e-01  l1=4.97e-01  l2=0.00e+00  psnr=15.9  cos=0.6474
[epoch 42 step 825]  loss=5.02e-01  l1=5.02e-01  l2=0.00e+00  psnr=15.7  cos=0.6585
[epoch 42 step 850]  loss=4.90e-01  l1=4.90e-01  l2=0.00e+00  psnr=15.9  cos=0.6643
[epoch 42 step 875]  loss=4.97e-01  l1=4.97e-01  l2=0.00e+00  psnr=15.9  cos=0.6465
[epoch 42 step 900]  loss=5.12e-01  l1=5.12e-01  l2=0.00e+00  psnr=15.6  cos=0.6252
[epoch 42 step 925]  loss=5.00e-01  l1=5.00e-01  l2=0.00e+00  psnr=15.9  cos=0.6520
[epoch 42 step 950]  loss=4.94e-01  l1=4.94e-01  l2=0.00e+00  psnr=16.1  cos=0.6559
[epoch 42 step 975]  loss=5.23e-01  l1=5.23e-01  l2=0.00e+00  psnr=15.5  cos=0.6469
[epoch 42 step 1000]  loss=5.02e-01  l1=5.02e-01  l2=0.00e+00  psnr=15.7  cos=0.6601
[epoch 42 step 1025]  loss=5.80e-01  l1=5.80e-01  l2=0.00e+00  psnr=14.9  cos=0.5944
[epoch 42 step 1050]  loss=5.22e-01  l1=5.22e-01  l2=0.00e+00  psnr=15.8  cos=0.6292
[epoch 42 step 1075]  loss=5.36e-01  l1=5.36e-01  l2=0.00e+00  psnr=15.3  cos=0.6333
[epoch 42 step 1100]  loss=5.18e-01  l1=5.18e-01  l2=0.00e+00  psnr=15.5  cos=0.6581
[epoch 42 step 1125]  loss=5.16e-01  l1=5.16e-01  l2=0.00e+00  psnr=15.6  cos=0.6427
[epoch 42 step 1150]  loss=5.46e-01  l1=5.46e-01  l2=0.00e+00  psnr=15.0  cos=0.6306
[epoch 42 step 1175]  loss=4.85e-01  l1=4.85e-01  l2=0.00e+00  psnr=16.1  cos=0.6479
[epoch 42 step 1200]  loss=4.85e-01  l1=4.85e-01  l2=0.00e+00  psnr=16.2  cos=0.6557
[epoch 42 step 1225]  loss=5.10e-01  l1=5.10e-01  l2=0.00e+00  psnr=15.6  cos=0.6359
[epoch 42 DONE]  final_loss=5.36e-01  psnr=15.64  cos=0.6359
[checkpoint] /workspace/runs/trial_toy_d3t/checkpoints/epoch_0042.pt
[val epoch 42]  latent_l1=0.5137  latent_l2=0.7655  latent_psnr=25.7747
[best] new best latent_psnr=25.7747 (prev=25.7688) -> /workspace/runs/trial_toy_d3t/checkpoints/best.pt
[epoch 43 step 000]  loss=5.35e-01  l1=5.35e-01  l2=0.00e+00  psnr=15.4  cos=0.6350
[epoch 43 step 025]  loss=5.32e-01  l1=5.32e-01  l2=0.00e+00  psnr=15.5  cos=0.6253
[epoch 43 step 050]  loss=5.29e-01  l1=5.29e-01  l2=0.00e+00  psnr=15.4  cos=0.6301
[epoch 43 step 075]  loss=5.19e-01  l1=5.19e-01  l2=0.00e+00  psnr=15.5  cos=0.6461
[epoch 43 step 100]  loss=4.94e-01  l1=4.94e-01  l2=0.00e+00  psnr=15.7  cos=0.6642
[epoch 43 step 125]  loss=5.17e-01  l1=5.17e-01  l2=0.00e+00  psnr=15.6  cos=0.6281
[epoch 43 step 150]  loss=4.41e-01  l1=4.41e-01  l2=0.00e+00  psnr=16.4  cos=0.6980
[epoch 43 step 175]  loss=5.07e-01  l1=5.07e-01  l2=0.00e+00  psnr=15.6  cos=0.6490
[epoch 43 step 200]  loss=5.15e-01  l1=5.15e-01  l2=0.00e+00  psnr=15.6  cos=0.6250
[epoch 43 step 225]  loss=5.38e-01  l1=5.38e-01  l2=0.00e+00  psnr=15.5  cos=0.6240
[epoch 43 step 250]  loss=5.65e-01  l1=5.65e-01  l2=0.00e+00  psnr=15.1  cos=0.6014
[epoch 43 step 275]  loss=5.20e-01  l1=5.20e-01  l2=0.00e+00  psnr=15.7  cos=0.6347
[epoch 43 step 300]  loss=5.14e-01  l1=5.14e-01  l2=0.00e+00  psnr=15.7  cos=0.6485
[epoch 43 step 325]  loss=5.06e-01  l1=5.06e-01  l2=0.00e+00  psnr=15.6  cos=0.6511
[epoch 43 step 350]  loss=4.88e-01  l1=4.88e-01  l2=0.00e+00  psnr=16.2  cos=0.6600
[epoch 43 step 375]  loss=5.23e-01  l1=5.23e-01  l2=0.00e+00  psnr=15.6  cos=0.6250
[epoch 43 step 400]  loss=5.15e-01  l1=5.15e-01  l2=0.00e+00  psnr=15.8  cos=0.6329
[epoch 43 step 425]  loss=5.43e-01  l1=5.43e-01  l2=0.00e+00  psnr=15.1  cos=0.6345
[epoch 43 step 450]  loss=5.28e-01  l1=5.28e-01  l2=0.00e+00  psnr=15.7  cos=0.6206
[epoch 43 step 475]  loss=5.34e-01  l1=5.34e-01  l2=0.00e+00  psnr=15.5  cos=0.6269
[epoch 43 step 500]  loss=5.25e-01  l1=5.25e-01  l2=0.00e+00  psnr=15.4  cos=0.6377
[epoch 43 step 525]  loss=5.21e-01  l1=5.21e-01  l2=0.00e+00  psnr=15.7  cos=0.6261
[epoch 43 step 550]  loss=5.14e-01  l1=5.14e-01  l2=0.00e+00  psnr=15.7  cos=0.6303
[epoch 43 step 575]  loss=5.13e-01  l1=5.13e-01  l2=0.00e+00  psnr=15.8  cos=0.6395
[epoch 43 step 600]  loss=5.11e-01  l1=5.11e-01  l2=0.00e+00  psnr=15.8  cos=0.6508
[epoch 43 step 625]  loss=5.06e-01  l1=5.06e-01  l2=0.00e+00  psnr=15.7  cos=0.6547
[epoch 43 step 650]  loss=5.04e-01  l1=5.04e-01  l2=0.00e+00  psnr=15.6  cos=0.6500
[epoch 43 step 675]  loss=4.93e-01  l1=4.93e-01  l2=0.00e+00  psnr=16.0  cos=0.6532
[epoch 43 step 700]  loss=4.82e-01  l1=4.82e-01  l2=0.00e+00  psnr=16.1  cos=0.6656
[epoch 43 step 725]  loss=5.28e-01  l1=5.28e-01  l2=0.00e+00  psnr=15.5  cos=0.6230
[epoch 43 step 750]  loss=5.16e-01  l1=5.16e-01  l2=0.00e+00  psnr=15.6  cos=0.6489
[epoch 43 step 775]  loss=4.98e-01  l1=4.98e-01  l2=0.00e+00  psnr=15.9  cos=0.6440
[epoch 43 step 800]  loss=5.13e-01  l1=5.13e-01  l2=0.00e+00  psnr=15.7  cos=0.6453
[epoch 43 step 825]  loss=5.35e-01  l1=5.35e-01  l2=0.00e+00  psnr=15.4  cos=0.6193
[epoch 43 step 850]  loss=5.27e-01  l1=5.27e-01  l2=0.00e+00  psnr=15.6  cos=0.6190
[epoch 43 step 875]  loss=5.30e-01  l1=5.30e-01  l2=0.00e+00  psnr=15.5  cos=0.6407
[epoch 43 step 900]  loss=5.33e-01  l1=5.33e-01  l2=0.00e+00  psnr=15.6  cos=0.6146
[epoch 43 step 925]  loss=4.93e-01  l1=4.93e-01  l2=0.00e+00  psnr=16.1  cos=0.6605
[epoch 43 step 950]  loss=5.14e-01  l1=5.14e-01  l2=0.00e+00  psnr=15.7  cos=0.6357
[epoch 43 step 975]  loss=4.65e-01  l1=4.65e-01  l2=0.00e+00  psnr=16.2  cos=0.6717
[epoch 43 step 1000]  loss=5.36e-01  l1=5.36e-01  l2=0.00e+00  psnr=15.4  cos=0.6229
[epoch 43 step 1025]  loss=5.25e-01  l1=5.25e-01  l2=0.00e+00  psnr=15.4  cos=0.6357
[epoch 43 step 1050]  loss=5.29e-01  l1=5.29e-01  l2=0.00e+00  psnr=15.2  cos=0.6408
[epoch 43 step 1075]  loss=5.30e-01  l1=5.30e-01  l2=0.00e+00  psnr=15.3  cos=0.6452
[epoch 43 step 1100]  loss=5.42e-01  l1=5.42e-01  l2=0.00e+00  psnr=15.3  cos=0.6147
[epoch 43 step 1125]  loss=5.41e-01  l1=5.41e-01  l2=0.00e+00  psnr=15.4  cos=0.6216
[epoch 43 step 1150]  loss=4.84e-01  l1=4.84e-01  l2=0.00e+00  psnr=16.0  cos=0.6688
[epoch 43 step 1175]  loss=5.13e-01  l1=5.13e-01  l2=0.00e+00  psnr=15.7  cos=0.6418
[epoch 43 step 1200]  loss=5.23e-01  l1=5.23e-01  l2=0.00e+00  psnr=15.3  cos=0.6585
[epoch 43 step 1225]  loss=5.20e-01  l1=5.20e-01  l2=0.00e+00  psnr=15.6  cos=0.6330
[epoch 43 DONE]  final_loss=4.85e-01  psnr=15.63  cos=0.6330
[checkpoint] /workspace/runs/trial_toy_d3t/checkpoints/epoch_0043.pt
[val epoch 43]  latent_l1=0.5138  latent_l2=0.7655  latent_psnr=25.7744
[epoch 44 step 000]  loss=5.16e-01  l1=5.16e-01  l2=0.00e+00  psnr=15.7  cos=0.6410
[epoch 44 step 025]  loss=4.98e-01  l1=4.98e-01  l2=0.00e+00  psnr=16.1  cos=0.6445
[epoch 44 step 050]  loss=5.16e-01  l1=5.16e-01  l2=0.00e+00  psnr=15.7  cos=0.6337
[epoch 44 step 075]  loss=5.36e-01  l1=5.36e-01  l2=0.00e+00  psnr=15.3  cos=0.6355
[epoch 44 step 100]  loss=5.27e-01  l1=5.27e-01  l2=0.00e+00  psnr=15.6  cos=0.6303
[epoch 44 step 125]  loss=5.00e-01  l1=5.00e-01  l2=0.00e+00  psnr=15.8  cos=0.6580
[epoch 44 step 150]  loss=4.91e-01  l1=4.91e-01  l2=0.00e+00  psnr=15.9  cos=0.6729
[epoch 44 step 175]  loss=4.86e-01  l1=4.86e-01  l2=0.00e+00  psnr=16.1  cos=0.6574
[epoch 44 step 200]  loss=5.15e-01  l1=5.15e-01  l2=0.00e+00  psnr=15.7  cos=0.6493
[epoch 44 step 225]  loss=5.28e-01  l1=5.28e-01  l2=0.00e+00  psnr=15.4  cos=0.6387
[epoch 44 step 250]  loss=5.58e-01  l1=5.58e-01  l2=0.00e+00  psnr=15.2  cos=0.5890
[epoch 44 step 275]  loss=5.50e-01  l1=5.50e-01  l2=0.00e+00  psnr=15.2  cos=0.6118
[epoch 44 step 300]  loss=5.14e-01  l1=5.14e-01  l2=0.00e+00  psnr=15.5  cos=0.6545
[epoch 44 step 325]  loss=5.35e-01  l1=5.35e-01  l2=0.00e+00  psnr=15.2  cos=0.6340
[epoch 44 step 350]  loss=5.51e-01  l1=5.51e-01  l2=0.00e+00  psnr=15.3  cos=0.6221
[epoch 44 step 375]  loss=5.31e-01  l1=5.31e-01  l2=0.00e+00  psnr=15.4  cos=0.6394
[epoch 44 step 400]  loss=4.99e-01  l1=4.99e-01  l2=0.00e+00  psnr=16.0  cos=0.6541
[epoch 44 step 425]  loss=5.09e-01  l1=5.09e-01  l2=0.00e+00  psnr=15.6  cos=0.6538
[epoch 44 step 450]  loss=5.13e-01  l1=5.13e-01  l2=0.00e+00  psnr=15.9  cos=0.6276
[epoch 44 step 475]  loss=5.21e-01  l1=5.21e-01  l2=0.00e+00  psnr=15.8  cos=0.6399
[epoch 44 step 500]  loss=5.09e-01  l1=5.09e-01  l2=0.00e+00  psnr=15.5  cos=0.6540
[epoch 44 step 525]  loss=5.29e-01  l1=5.29e-01  l2=0.00e+00  psnr=15.6  cos=0.6482
[epoch 44 step 550]  loss=5.30e-01  l1=5.30e-01  l2=0.00e+00  psnr=15.6  cos=0.6128
[epoch 44 step 575]  loss=5.12e-01  l1=5.12e-01  l2=0.00e+00  psnr=15.7  cos=0.6460
[epoch 44 step 600]  loss=5.51e-01  l1=5.51e-01  l2=0.00e+00  psnr=15.2  cos=0.6279
[epoch 44 step 625]  loss=4.70e-01  l1=4.70e-01  l2=0.00e+00  psnr=16.3  cos=0.6835
[epoch 44 step 650]  loss=4.73e-01  l1=4.73e-01  l2=0.00e+00  psnr=16.4  cos=0.6638
[epoch 44 step 675]  loss=4.86e-01  l1=4.86e-01  l2=0.00e+00  psnr=16.2  cos=0.6595
[epoch 44 step 700]  loss=4.92e-01  l1=4.92e-01  l2=0.00e+00  psnr=16.0  cos=0.6560
[epoch 44 step 725]  loss=5.12e-01  l1=5.12e-01  l2=0.00e+00  psnr=15.8  cos=0.6330
[epoch 44 step 750]  loss=4.77e-01  l1=4.77e-01  l2=0.00e+00  psnr=16.1  cos=0.6645
[epoch 44 step 775]  loss=5.20e-01  l1=5.20e-01  l2=0.00e+00  psnr=15.7  cos=0.6193
[epoch 44 step 800]  loss=4.74e-01  l1=4.74e-01  l2=0.00e+00  psnr=16.1  cos=0.6665
[epoch 44 step 825]  loss=4.96e-01  l1=4.96e-01  l2=0.00e+00  psnr=16.0  cos=0.6470
[epoch 44 step 850]  loss=4.85e-01  l1=4.85e-01  l2=0.00e+00  psnr=16.2  cos=0.6511
[epoch 44 step 875]  loss=5.23e-01  l1=5.23e-01  l2=0.00e+00  psnr=15.6  cos=0.6337
[epoch 44 step 900]  loss=5.37e-01  l1=5.37e-01  l2=0.00e+00  psnr=15.4  cos=0.6243
[epoch 44 step 925]  loss=5.21e-01  l1=5.21e-01  l2=0.00e+00  psnr=15.7  cos=0.6138
[epoch 44 step 950]  loss=5.01e-01  l1=5.01e-01  l2=0.00e+00  psnr=15.8  cos=0.6638
[epoch 44 step 975]  loss=4.82e-01  l1=4.82e-01  l2=0.00e+00  psnr=16.3  cos=0.6626
[epoch 44 step 1000]  loss=5.16e-01  l1=5.16e-01  l2=0.00e+00  psnr=15.7  cos=0.6359
[epoch 44 step 1025]  loss=5.21e-01  l1=5.21e-01  l2=0.00e+00  psnr=15.7  cos=0.6292
[epoch 44 step 1050]  loss=5.22e-01  l1=5.22e-01  l2=0.00e+00  psnr=15.7  cos=0.6276
[epoch 44 step 1075]  loss=5.33e-01  l1=5.33e-01  l2=0.00e+00  psnr=15.5  cos=0.6236
[epoch 44 step 1100]  loss=5.09e-01  l1=5.09e-01  l2=0.00e+00  psnr=15.7  cos=0.6405
[epoch 44 step 1125]  loss=4.96e-01  l1=4.96e-01  l2=0.00e+00  psnr=16.1  cos=0.6511
[epoch 44 step 1150]  loss=5.15e-01  l1=5.15e-01  l2=0.00e+00  psnr=15.7  cos=0.6402
[epoch 44 step 1175]  loss=4.81e-01  l1=4.81e-01  l2=0.00e+00  psnr=16.1  cos=0.6704
[epoch 44 step 1200]  loss=5.28e-01  l1=5.28e-01  l2=0.00e+00  psnr=15.4  cos=0.6199
[epoch 44 step 1225]  loss=5.06e-01  l1=5.06e-01  l2=0.00e+00  psnr=15.7  cos=0.6624
[epoch 44 DONE]  final_loss=5.19e-01  psnr=15.70  cos=0.6624
[checkpoint] /workspace/runs/trial_toy_d3t/checkpoints/epoch_0044.pt
[val epoch 44]  latent_l1=0.5129  latent_l2=0.7648  latent_psnr=25.7821
[best] new best latent_psnr=25.7821 (prev=25.7747) -> /workspace/runs/trial_toy_d3t/checkpoints/best.pt
[epoch 45 step 000]  loss=4.88e-01  l1=4.88e-01  l2=0.00e+00  psnr=15.9  cos=0.6555
[epoch 45 step 025]  loss=5.12e-01  l1=5.12e-01  l2=0.00e+00  psnr=15.8  cos=0.6458
[epoch 45 step 050]  loss=5.08e-01  l1=5.08e-01  l2=0.00e+00  psnr=15.8  cos=0.6518
[epoch 45 step 075]  loss=4.80e-01  l1=4.80e-01  l2=0.00e+00  psnr=16.2  cos=0.6587
[epoch 45 step 100]  loss=5.43e-01  l1=5.43e-01  l2=0.00e+00  psnr=15.5  cos=0.6106
[epoch 45 step 125]  loss=5.46e-01  l1=5.46e-01  l2=0.00e+00  psnr=15.1  cos=0.6171
[epoch 45 step 150]  loss=5.11e-01  l1=5.11e-01  l2=0.00e+00  psnr=15.6  cos=0.6410
[epoch 45 step 175]  loss=5.11e-01  l1=5.11e-01  l2=0.00e+00  psnr=15.5  cos=0.6320
[epoch 45 step 200]  loss=5.34e-01  l1=5.34e-01  l2=0.00e+00  psnr=15.5  cos=0.6227
[epoch 45 step 225]  loss=4.95e-01  l1=4.95e-01  l2=0.00e+00  psnr=16.0  cos=0.6583
[epoch 45 step 250]  loss=5.18e-01  l1=5.18e-01  l2=0.00e+00  psnr=15.7  cos=0.6182
[epoch 45 step 275]  loss=5.43e-01  l1=5.43e-01  l2=0.00e+00  psnr=15.3  cos=0.6110
[epoch 45 step 300]  loss=4.93e-01  l1=4.93e-01  l2=0.00e+00  psnr=16.1  cos=0.6747
[epoch 45 step 325]  loss=4.91e-01  l1=4.91e-01  l2=0.00e+00  psnr=16.0  cos=0.6566
[epoch 45 step 350]  loss=5.01e-01  l1=5.01e-01  l2=0.00e+00  psnr=15.8  cos=0.6420
[epoch 45 step 375]  loss=5.20e-01  l1=5.20e-01  l2=0.00e+00  psnr=15.6  cos=0.6308
[epoch 45 step 400]  loss=5.16e-01  l1=5.16e-01  l2=0.00e+00  psnr=15.7  cos=0.6312
[epoch 45 step 425]  loss=5.24e-01  l1=5.24e-01  l2=0.00e+00  psnr=15.6  cos=0.6218
[epoch 45 step 450]  loss=5.20e-01  l1=5.20e-01  l2=0.00e+00  psnr=15.4  cos=0.6450
[epoch 45 step 475]  loss=5.03e-01  l1=5.03e-01  l2=0.00e+00  psnr=16.0  cos=0.6503
[epoch 45 step 500]  loss=5.27e-01  l1=5.27e-01  l2=0.00e+00  psnr=15.2  cos=0.6547
[epoch 45 step 525]  loss=5.26e-01  l1=5.26e-01  l2=0.00e+00  psnr=15.7  cos=0.6351
[epoch 45 step 550]  loss=4.98e-01  l1=4.98e-01  l2=0.00e+00  psnr=15.8  cos=0.6446
[epoch 45 step 575]  loss=5.06e-01  l1=5.06e-01  l2=0.00e+00  psnr=16.0  cos=0.6397
[epoch 45 step 600]  loss=5.28e-01  l1=5.28e-01  l2=0.00e+00  psnr=15.6  cos=0.6348
[epoch 45 step 625]  loss=5.23e-01  l1=5.23e-01  l2=0.00e+00  psnr=15.5  cos=0.6427
[epoch 45 step 650]  loss=4.98e-01  l1=4.98e-01  l2=0.00e+00  psnr=15.8  cos=0.6529
[epoch 45 step 675]  loss=4.93e-01  l1=4.93e-01  l2=0.00e+00  psnr=16.1  cos=0.6453
[epoch 45 step 700]  loss=4.99e-01  l1=4.99e-01  l2=0.00e+00  psnr=16.0  cos=0.6462
[epoch 45 step 725]  loss=5.31e-01  l1=5.31e-01  l2=0.00e+00  psnr=15.5  cos=0.6193
[epoch 45 step 750]  loss=5.45e-01  l1=5.45e-01  l2=0.00e+00  psnr=15.3  cos=0.6105
[epoch 45 step 775]  loss=5.45e-01  l1=5.45e-01  l2=0.00e+00  psnr=15.3  cos=0.6201
[epoch 45 step 800]  loss=4.99e-01  l1=4.99e-01  l2=0.00e+00  psnr=16.2  cos=0.6342
[epoch 45 step 825]  loss=5.03e-01  l1=5.03e-01  l2=0.00e+00  psnr=15.9  cos=0.6452
[epoch 45 step 850]  loss=4.99e-01  l1=4.99e-01  l2=0.00e+00  psnr=16.0  cos=0.6473
[epoch 45 step 875]  loss=5.02e-01  l1=5.02e-01  l2=0.00e+00  psnr=16.1  cos=0.6569
[epoch 45 step 900]  loss=5.11e-01  l1=5.11e-01  l2=0.00e+00  psnr=15.7  cos=0.6529
[epoch 45 step 925]  loss=5.34e-01  l1=5.34e-01  l2=0.00e+00  psnr=15.2  cos=0.6325
[epoch 45 step 950]  loss=5.07e-01  l1=5.07e-01  l2=0.00e+00  psnr=15.7  cos=0.6567
[epoch 45 step 975]  loss=5.62e-01  l1=5.62e-01  l2=0.00e+00  psnr=15.0  cos=0.6222
[epoch 45 step 1000]  loss=5.24e-01  l1=5.24e-01  l2=0.00e+00  psnr=15.6  cos=0.6259
[epoch 45 step 1025]  loss=4.53e-01  l1=4.53e-01  l2=0.00e+00  psnr=16.3  cos=0.6869
[epoch 45 step 1050]  loss=5.08e-01  l1=5.08e-01  l2=0.00e+00  psnr=15.9  cos=0.6442
[epoch 45 step 1075]  loss=4.95e-01  l1=4.95e-01  l2=0.00e+00  psnr=16.2  cos=0.6511
[epoch 45 step 1100]  loss=5.15e-01  l1=5.15e-01  l2=0.00e+00  psnr=15.7  cos=0.6350
[epoch 45 step 1125]  loss=5.15e-01  l1=5.15e-01  l2=0.00e+00  psnr=15.6  cos=0.6384
[epoch 45 step 1150]  loss=5.30e-01  l1=5.30e-01  l2=0.00e+00  psnr=15.4  cos=0.6237
[epoch 45 step 1175]  loss=5.20e-01  l1=5.20e-01  l2=0.00e+00  psnr=15.6  cos=0.6418
[epoch 45 step 1200]  loss=4.84e-01  l1=4.84e-01  l2=0.00e+00  psnr=16.1  cos=0.6747
[epoch 45 step 1225]  loss=5.11e-01  l1=5.11e-01  l2=0.00e+00  psnr=15.5  cos=0.6611
[epoch 45 DONE]  final_loss=5.08e-01  psnr=15.50  cos=0.6611
[checkpoint] /workspace/runs/trial_toy_d3t/checkpoints/epoch_0045.pt
[val epoch 45]  latent_l1=0.5127  latent_l2=0.7641  latent_psnr=25.7907
[best] new best latent_psnr=25.7907 (prev=25.7821) -> /workspace/runs/trial_toy_d3t/checkpoints/best.pt
[epoch 46 step 000]  loss=5.39e-01  l1=5.39e-01  l2=0.00e+00  psnr=15.5  cos=0.6130
[epoch 46 step 025]  loss=5.34e-01  l1=5.34e-01  l2=0.00e+00  psnr=15.4  cos=0.6275
[epoch 46 step 050]  loss=5.37e-01  l1=5.37e-01  l2=0.00e+00  psnr=15.4  cos=0.6269
[epoch 46 step 075]  loss=5.11e-01  l1=5.11e-01  l2=0.00e+00  psnr=15.7  cos=0.6379
[epoch 46 step 100]  loss=5.05e-01  l1=5.05e-01  l2=0.00e+00  psnr=15.9  cos=0.6533
[epoch 46 step 125]  loss=5.35e-01  l1=5.35e-01  l2=0.00e+00  psnr=15.4  cos=0.6122
[epoch 46 step 150]  loss=4.97e-01  l1=4.97e-01  l2=0.00e+00  psnr=16.0  cos=0.6448
[epoch 46 step 175]  loss=5.38e-01  l1=5.38e-01  l2=0.00e+00  psnr=15.3  cos=0.6292
[epoch 46 step 200]  loss=4.93e-01  l1=4.93e-01  l2=0.00e+00  psnr=16.1  cos=0.6535
[epoch 46 step 225]  loss=5.09e-01  l1=5.09e-01  l2=0.00e+00  psnr=16.0  cos=0.6278
[epoch 46 step 250]  loss=5.01e-01  l1=5.01e-01  l2=0.00e+00  psnr=15.9  cos=0.6381
[epoch 46 step 275]  loss=5.38e-01  l1=5.38e-01  l2=0.00e+00  psnr=15.3  cos=0.6250
[epoch 46 step 300]  loss=5.13e-01  l1=5.13e-01  l2=0.00e+00  psnr=15.8  cos=0.6417
[epoch 46 step 325]  loss=4.95e-01  l1=4.95e-01  l2=0.00e+00  psnr=15.7  cos=0.6602
[epoch 46 step 350]  loss=4.92e-01  l1=4.92e-01  l2=0.00e+00  psnr=16.0  cos=0.6559
[epoch 46 step 375]  loss=4.95e-01  l1=4.95e-01  l2=0.00e+00  psnr=15.9  cos=0.6613
[epoch 46 step 400]  loss=5.22e-01  l1=5.22e-01  l2=0.00e+00  psnr=15.7  cos=0.6312
[epoch 46 step 425]  loss=5.03e-01  l1=5.03e-01  l2=0.00e+00  psnr=15.9  cos=0.6441
[epoch 46 step 450]  loss=5.42e-01  l1=5.42e-01  l2=0.00e+00  psnr=15.3  cos=0.6121
[epoch 46 step 475]  loss=5.41e-01  l1=5.41e-01  l2=0.00e+00  psnr=15.2  cos=0.6175
[epoch 46 step 500]  loss=5.21e-01  l1=5.21e-01  l2=0.00e+00  psnr=15.5  cos=0.6501
[epoch 46 step 525]  loss=5.50e-01  l1=5.50e-01  l2=0.00e+00  psnr=15.3  cos=0.6103
[epoch 46 step 550]  loss=5.22e-01  l1=5.22e-01  l2=0.00e+00  psnr=15.7  cos=0.6347
[epoch 46 step 575]  loss=5.07e-01  l1=5.07e-01  l2=0.00e+00  psnr=15.8  cos=0.6451
[epoch 46 step 600]  loss=5.05e-01  l1=5.05e-01  l2=0.00e+00  psnr=15.9  cos=0.6532
[epoch 46 step 625]  loss=5.27e-01  l1=5.27e-01  l2=0.00e+00  psnr=15.5  cos=0.6220
[epoch 46 step 650]  loss=5.13e-01  l1=5.13e-01  l2=0.00e+00  psnr=15.9  cos=0.6383
[epoch 46 step 675]  loss=4.85e-01  l1=4.85e-01  l2=0.00e+00  psnr=16.3  cos=0.6616
[epoch 46 step 700]  loss=5.20e-01  l1=5.20e-01  l2=0.00e+00  psnr=15.7  cos=0.6364
[epoch 46 step 725]  loss=4.90e-01  l1=4.90e-01  l2=0.00e+00  psnr=16.1  cos=0.6485
[epoch 46 step 750]  loss=5.12e-01  l1=5.12e-01  l2=0.00e+00  psnr=15.5  cos=0.6624
[epoch 46 step 775]  loss=5.34e-01  l1=5.34e-01  l2=0.00e+00  psnr=15.6  cos=0.6148
[epoch 46 step 800]  loss=5.15e-01  l1=5.15e-01  l2=0.00e+00  psnr=15.9  cos=0.6378
[epoch 46 step 825]  loss=5.42e-01  l1=5.42e-01  l2=0.00e+00  psnr=15.3  cos=0.6329
[epoch 46 step 850]  loss=5.02e-01  l1=5.02e-01  l2=0.00e+00  psnr=16.0  cos=0.6457
[epoch 46 step 875]  loss=5.31e-01  l1=5.31e-01  l2=0.00e+00  psnr=15.5  cos=0.6226
[epoch 46 step 900]  loss=5.19e-01  l1=5.19e-01  l2=0.00e+00  psnr=15.6  cos=0.6363
[epoch 46 step 925]  loss=5.12e-01  l1=5.12e-01  l2=0.00e+00  psnr=15.7  cos=0.6513
[epoch 46 step 950]  loss=5.25e-01  l1=5.25e-01  l2=0.00e+00  psnr=15.4  cos=0.6509
[epoch 46 step 975]  loss=5.02e-01  l1=5.02e-01  l2=0.00e+00  psnr=15.9  cos=0.6530
[epoch 46 step 1000]  loss=5.27e-01  l1=5.27e-01  l2=0.00e+00  psnr=15.5  cos=0.6140
[epoch 46 step 1025]  loss=4.88e-01  l1=4.88e-01  l2=0.00e+00  psnr=16.1  cos=0.6629
[epoch 46 step 1050]  loss=5.09e-01  l1=5.09e-01  l2=0.00e+00  psnr=15.5  cos=0.6474
[epoch 46 step 1075]  loss=5.31e-01  l1=5.31e-01  l2=0.00e+00  psnr=15.6  cos=0.6232
[epoch 46 step 1100]  loss=5.02e-01  l1=5.02e-01  l2=0.00e+00  psnr=15.9  cos=0.6577
[epoch 46 step 1125]  loss=5.44e-01  l1=5.44e-01  l2=0.00e+00  psnr=14.9  cos=0.6443
[epoch 46 step 1150]  loss=5.43e-01  l1=5.43e-01  l2=0.00e+00  psnr=15.2  cos=0.6232
[epoch 46 step 1175]  loss=5.26e-01  l1=5.26e-01  l2=0.00e+00  psnr=15.3  cos=0.6378
[epoch 46 step 1200]  loss=5.15e-01  l1=5.15e-01  l2=0.00e+00  psnr=15.7  cos=0.6552
[epoch 46 step 1225]  loss=5.22e-01  l1=5.22e-01  l2=0.00e+00  psnr=15.6  cos=0.6447
[epoch 46 DONE]  final_loss=4.71e-01  psnr=15.64  cos=0.6447
[checkpoint] /workspace/runs/trial_toy_d3t/checkpoints/epoch_0046.pt
[val epoch 46]  latent_l1=0.5128  latent_l2=0.7641  latent_psnr=25.7908
[best] new best latent_psnr=25.7908 (prev=25.7907) -> /workspace/runs/trial_toy_d3t/checkpoints/best.pt
[epoch 47 step 000]  loss=4.88e-01  l1=4.88e-01  l2=0.00e+00  psnr=16.1  cos=0.6510
[epoch 47 step 025]  loss=5.21e-01  l1=5.21e-01  l2=0.00e+00  psnr=15.4  cos=0.6622
[epoch 47 step 050]  loss=5.13e-01  l1=5.13e-01  l2=0.00e+00  psnr=15.7  cos=0.6451
[epoch 47 step 075]  loss=5.18e-01  l1=5.18e-01  l2=0.00e+00  psnr=15.9  cos=0.6242
[epoch 47 step 100]  loss=5.14e-01  l1=5.14e-01  l2=0.00e+00  psnr=15.8  cos=0.6243
[epoch 47 step 125]  loss=5.54e-01  l1=5.54e-01  l2=0.00e+00  psnr=15.1  cos=0.6289
[epoch 47 step 150]  loss=4.50e-01  l1=4.50e-01  l2=0.00e+00  psnr=16.4  cos=0.6886
[epoch 47 step 175]  loss=5.47e-01  l1=5.47e-01  l2=0.00e+00  psnr=15.3  cos=0.6098
[epoch 47 step 200]  loss=5.28e-01  l1=5.28e-01  l2=0.00e+00  psnr=15.6  cos=0.6226
[epoch 47 step 225]  loss=4.99e-01  l1=4.99e-01  l2=0.00e+00  psnr=15.8  cos=0.6628
[epoch 47 step 250]  loss=5.12e-01  l1=5.12e-01  l2=0.00e+00  psnr=16.1  cos=0.6400
[epoch 47 step 275]  loss=5.43e-01  l1=5.43e-01  l2=0.00e+00  psnr=15.1  cos=0.6312
[epoch 47 step 300]  loss=5.02e-01  l1=5.02e-01  l2=0.00e+00  psnr=16.1  cos=0.6387
[epoch 47 step 325]  loss=5.29e-01  l1=5.29e-01  l2=0.00e+00  psnr=15.7  cos=0.6148
[epoch 47 step 350]  loss=5.17e-01  l1=5.17e-01  l2=0.00e+00  psnr=15.6  cos=0.6374
[epoch 47 step 375]  loss=4.76e-01  l1=4.76e-01  l2=0.00e+00  psnr=16.2  cos=0.6622
[epoch 47 step 400]  loss=5.38e-01  l1=5.38e-01  l2=0.00e+00  psnr=15.2  cos=0.6266
[epoch 47 step 425]  loss=5.50e-01  l1=5.50e-01  l2=0.00e+00  psnr=15.3  cos=0.6079
[epoch 47 step 450]  loss=5.27e-01  l1=5.27e-01  l2=0.00e+00  psnr=15.3  cos=0.6404
[epoch 47 step 475]  loss=5.28e-01  l1=5.28e-01  l2=0.00e+00  psnr=15.7  cos=0.6123
[epoch 47 step 500]  loss=5.07e-01  l1=5.07e-01  l2=0.00e+00  psnr=15.6  cos=0.6578
[epoch 47 step 525]  loss=5.81e-01  l1=5.81e-01  l2=0.00e+00  psnr=14.7  cos=0.6029
[epoch 47 step 550]  loss=5.34e-01  l1=5.34e-01  l2=0.00e+00  psnr=15.4  cos=0.6267
[epoch 47 step 575]  loss=5.40e-01  l1=5.40e-01  l2=0.00e+00  psnr=15.3  cos=0.6143
[epoch 47 step 600]  loss=4.91e-01  l1=4.91e-01  l2=0.00e+00  psnr=15.9  cos=0.6663
[epoch 47 step 625]  loss=5.02e-01  l1=5.02e-01  l2=0.00e+00  psnr=15.9  cos=0.6512
[epoch 47 step 650]  loss=5.08e-01  l1=5.08e-01  l2=0.00e+00  psnr=16.1  cos=0.6274
[epoch 47 step 675]  loss=5.10e-01  l1=5.10e-01  l2=0.00e+00  psnr=15.8  cos=0.6435
[epoch 47 step 700]  loss=5.08e-01  l1=5.08e-01  l2=0.00e+00  psnr=15.8  cos=0.6513
[epoch 47 step 725]  loss=5.22e-01  l1=5.22e-01  l2=0.00e+00  psnr=15.4  cos=0.6370
[epoch 47 step 750]  loss=5.04e-01  l1=5.04e-01  l2=0.00e+00  psnr=16.0  cos=0.6391
[epoch 47 step 775]  loss=5.29e-01  l1=5.29e-01  l2=0.00e+00  psnr=15.8  cos=0.6127
[epoch 47 step 800]  loss=4.96e-01  l1=4.96e-01  l2=0.00e+00  psnr=16.1  cos=0.6610
[epoch 47 step 825]  loss=5.09e-01  l1=5.09e-01  l2=0.00e+00  psnr=15.5  cos=0.6622
[epoch 47 step 850]  loss=5.21e-01  l1=5.21e-01  l2=0.00e+00  psnr=15.6  cos=0.6493
[epoch 47 step 875]  loss=5.05e-01  l1=5.05e-01  l2=0.00e+00  psnr=16.0  cos=0.6393
[epoch 47 step 900]  loss=5.01e-01  l1=5.01e-01  l2=0.00e+00  psnr=16.0  cos=0.6445
[epoch 47 step 925]  loss=5.16e-01  l1=5.16e-01  l2=0.00e+00  psnr=15.8  cos=0.6289
[epoch 47 step 950]  loss=5.58e-01  l1=5.58e-01  l2=0.00e+00  psnr=15.4  cos=0.5901
[epoch 47 step 975]  loss=4.81e-01  l1=4.81e-01  l2=0.00e+00  psnr=16.1  cos=0.6688
[epoch 47 step 1000]  loss=5.37e-01  l1=5.37e-01  l2=0.00e+00  psnr=15.5  cos=0.6397
[epoch 47 step 1025]  loss=5.05e-01  l1=5.05e-01  l2=0.00e+00  psnr=15.9  cos=0.6452
[epoch 47 step 1050]  loss=5.27e-01  l1=5.27e-01  l2=0.00e+00  psnr=15.5  cos=0.6351
[epoch 47 step 1075]  loss=5.06e-01  l1=5.06e-01  l2=0.00e+00  psnr=15.9  cos=0.6513
[epoch 47 step 1100]  loss=5.02e-01  l1=5.02e-01  l2=0.00e+00  psnr=15.9  cos=0.6445
[epoch 47 step 1125]  loss=5.63e-01  l1=5.63e-01  l2=0.00e+00  psnr=15.0  cos=0.6078
[epoch 47 step 1150]  loss=4.89e-01  l1=4.89e-01  l2=0.00e+00  psnr=15.8  cos=0.6625
[epoch 47 step 1175]  loss=5.16e-01  l1=5.16e-01  l2=0.00e+00  psnr=15.6  cos=0.6328
[epoch 47 step 1200]  loss=5.15e-01  l1=5.15e-01  l2=0.00e+00  psnr=15.7  cos=0.6292
[epoch 47 step 1225]  loss=5.03e-01  l1=5.03e-01  l2=0.00e+00  psnr=15.9  cos=0.6408
[epoch 47 DONE]  final_loss=4.86e-01  psnr=15.90  cos=0.6408
[checkpoint] /workspace/runs/trial_toy_d3t/checkpoints/epoch_0047.pt
[val epoch 47]  latent_l1=0.5127  latent_l2=0.7637  latent_psnr=25.7957
[best] new best latent_psnr=25.7957 (prev=25.7908) -> /workspace/runs/trial_toy_d3t/checkpoints/best.pt
[epoch 48 step 000]  loss=5.09e-01  l1=5.09e-01  l2=0.00e+00  psnr=15.7  cos=0.6601
[epoch 48 step 025]  loss=4.94e-01  l1=4.94e-01  l2=0.00e+00  psnr=15.8  cos=0.6647
[epoch 48 step 050]  loss=5.23e-01  l1=5.23e-01  l2=0.00e+00  psnr=15.6  cos=0.6429
[epoch 48 step 075]  loss=4.89e-01  l1=4.89e-01  l2=0.00e+00  psnr=15.9  cos=0.6723
[epoch 48 step 100]  loss=5.29e-01  l1=5.29e-01  l2=0.00e+00  psnr=15.6  cos=0.6397
[epoch 48 step 125]  loss=5.11e-01  l1=5.11e-01  l2=0.00e+00  psnr=15.8  cos=0.6468
[epoch 48 step 150]  loss=5.37e-01  l1=5.37e-01  l2=0.00e+00  psnr=15.4  cos=0.6060
[epoch 48 step 175]  loss=5.19e-01  l1=5.19e-01  l2=0.00e+00  psnr=15.7  cos=0.6404
[epoch 48 step 200]  loss=5.31e-01  l1=5.31e-01  l2=0.00e+00  psnr=15.5  cos=0.6328
[epoch 48 step 225]  loss=5.05e-01  l1=5.05e-01  l2=0.00e+00  psnr=15.7  cos=0.6565
[epoch 48 step 250]  loss=5.21e-01  l1=5.21e-01  l2=0.00e+00  psnr=15.4  cos=0.6451
[epoch 48 step 275]  loss=4.94e-01  l1=4.94e-01  l2=0.00e+00  psnr=16.1  cos=0.6627
[epoch 48 step 300]  loss=5.23e-01  l1=5.23e-01  l2=0.00e+00  psnr=15.6  cos=0.6469
[epoch 48 step 325]  loss=4.85e-01  l1=4.85e-01  l2=0.00e+00  psnr=16.1  cos=0.6687
[epoch 48 step 350]  loss=5.07e-01  l1=5.07e-01  l2=0.00e+00  psnr=15.5  cos=0.6695
[epoch 48 step 375]  loss=5.26e-01  l1=5.26e-01  l2=0.00e+00  psnr=15.6  cos=0.6298
[epoch 48 step 400]  loss=4.97e-01  l1=4.97e-01  l2=0.00e+00  psnr=15.8  cos=0.6446
[epoch 48 step 425]  loss=5.10e-01  l1=5.10e-01  l2=0.00e+00  psnr=15.6  cos=0.6503
[epoch 48 step 450]  loss=5.46e-01  l1=5.46e-01  l2=0.00e+00  psnr=15.5  cos=0.6006
[epoch 48 step 475]  loss=5.18e-01  l1=5.18e-01  l2=0.00e+00  psnr=15.8  cos=0.6512
[epoch 48 step 500]  loss=5.21e-01  l1=5.21e-01  l2=0.00e+00  psnr=15.6  cos=0.6570
[epoch 48 step 525]  loss=5.03e-01  l1=5.03e-01  l2=0.00e+00  psnr=15.8  cos=0.6578
[epoch 48 step 550]  loss=5.09e-01  l1=5.09e-01  l2=0.00e+00  psnr=16.1  cos=0.6285
[epoch 48 step 575]  loss=5.10e-01  l1=5.10e-01  l2=0.00e+00  psnr=15.8  cos=0.6463
[epoch 48 step 600]  loss=5.27e-01  l1=5.27e-01  l2=0.00e+00  psnr=15.8  cos=0.6290
[epoch 48 step 625]  loss=5.36e-01  l1=5.36e-01  l2=0.00e+00  psnr=15.3  cos=0.6338
[epoch 48 step 650]  loss=5.11e-01  l1=5.11e-01  l2=0.00e+00  psnr=15.7  cos=0.6411
[epoch 48 step 675]  loss=5.19e-01  l1=5.19e-01  l2=0.00e+00  psnr=15.6  cos=0.6310
[epoch 48 step 700]  loss=5.22e-01  l1=5.22e-01  l2=0.00e+00  psnr=15.6  cos=0.6423
[epoch 48 step 725]  loss=5.32e-01  l1=5.32e-01  l2=0.00e+00  psnr=15.7  cos=0.6233
[epoch 48 step 750]  loss=5.20e-01  l1=5.20e-01  l2=0.00e+00  psnr=15.6  cos=0.6437
[epoch 48 step 775]  loss=5.53e-01  l1=5.53e-01  l2=0.00e+00  psnr=15.1  cos=0.6044
[epoch 48 step 800]  loss=5.63e-01  l1=5.63e-01  l2=0.00e+00  psnr=15.0  cos=0.6167
[epoch 48 step 825]  loss=5.16e-01  l1=5.16e-01  l2=0.00e+00  psnr=15.6  cos=0.6452
[epoch 48 step 850]  loss=5.65e-01  l1=5.65e-01  l2=0.00e+00  psnr=15.2  cos=0.6095
[epoch 48 step 875]  loss=5.36e-01  l1=5.36e-01  l2=0.00e+00  psnr=15.4  cos=0.6330
[epoch 48 step 900]  loss=5.09e-01  l1=5.09e-01  l2=0.00e+00  psnr=15.7  cos=0.6566
[epoch 48 step 925]  loss=4.99e-01  l1=4.99e-01  l2=0.00e+00  psnr=16.0  cos=0.6697
[epoch 48 step 950]  loss=5.26e-01  l1=5.26e-01  l2=0.00e+00  psnr=15.5  cos=0.6382
[epoch 48 step 975]  loss=4.89e-01  l1=4.89e-01  l2=0.00e+00  psnr=16.1  cos=0.6538
[epoch 48 step 1000]  loss=5.08e-01  l1=5.08e-01  l2=0.00e+00  psnr=15.7  cos=0.6536
[epoch 48 step 1025]  loss=5.20e-01  l1=5.20e-01  l2=0.00e+00  psnr=15.5  cos=0.6391
[epoch 48 step 1050]  loss=5.12e-01  l1=5.12e-01  l2=0.00e+00  psnr=15.7  cos=0.6487
[epoch 48 step 1075]  loss=5.04e-01  l1=5.04e-01  l2=0.00e+00  psnr=16.0  cos=0.6554
[epoch 48 step 1100]  loss=5.22e-01  l1=5.22e-01  l2=0.00e+00  psnr=15.4  cos=0.6395
[epoch 48 step 1125]  loss=5.18e-01  l1=5.18e-01  l2=0.00e+00  psnr=15.5  cos=0.6365
[epoch 48 step 1150]  loss=5.30e-01  l1=5.30e-01  l2=0.00e+00  psnr=15.5  cos=0.6328
[epoch 48 step 1175]  loss=5.10e-01  l1=5.10e-01  l2=0.00e+00  psnr=15.5  cos=0.6363
[epoch 48 step 1200]  loss=5.21e-01  l1=5.21e-01  l2=0.00e+00  psnr=15.8  cos=0.6102
[epoch 48 step 1225]  loss=4.91e-01  l1=4.91e-01  l2=0.00e+00  psnr=15.9  cos=0.6595
[epoch 48 DONE]  final_loss=4.92e-01  psnr=15.87  cos=0.6595
[checkpoint] /workspace/runs/trial_toy_d3t/checkpoints/epoch_0048.pt
[val epoch 48]  latent_l1=0.5115  latent_l2=0.7625  latent_psnr=25.8092
[best] new best latent_psnr=25.8092 (prev=25.7957) -> /workspace/runs/trial_toy_d3t/checkpoints/best.pt
[epoch 49 step 000]  loss=5.04e-01  l1=5.04e-01  l2=0.00e+00  psnr=15.9  cos=0.6508
[epoch 49 step 025]  loss=5.23e-01  l1=5.23e-01  l2=0.00e+00  psnr=15.4  cos=0.6287
[epoch 49 step 050]  loss=5.09e-01  l1=5.09e-01  l2=0.00e+00  psnr=15.8  cos=0.6653
[epoch 49 step 075]  loss=4.85e-01  l1=4.85e-01  l2=0.00e+00  psnr=16.3  cos=0.6639
[epoch 49 step 100]  loss=5.35e-01  l1=5.35e-01  l2=0.00e+00  psnr=15.7  cos=0.6232
[epoch 49 step 125]  loss=5.47e-01  l1=5.47e-01  l2=0.00e+00  psnr=15.3  cos=0.5934
[epoch 49 step 150]  loss=5.13e-01  l1=5.13e-01  l2=0.00e+00  psnr=15.8  cos=0.6472
[epoch 49 step 175]  loss=5.36e-01  l1=5.36e-01  l2=0.00e+00  psnr=15.3  cos=0.6139
[epoch 49 step 200]  loss=5.56e-01  l1=5.56e-01  l2=0.00e+00  psnr=15.1  cos=0.6193
[epoch 49 step 225]  loss=5.05e-01  l1=5.05e-01  l2=0.00e+00  psnr=16.0  cos=0.6499
[epoch 49 step 250]  loss=4.74e-01  l1=4.74e-01  l2=0.00e+00  psnr=16.0  cos=0.6783
[epoch 49 step 275]  loss=5.01e-01  l1=5.01e-01  l2=0.00e+00  psnr=16.0  cos=0.6383
[epoch 49 step 300]  loss=5.30e-01  l1=5.30e-01  l2=0.00e+00  psnr=15.3  cos=0.6491
[epoch 49 step 325]  loss=4.87e-01  l1=4.87e-01  l2=0.00e+00  psnr=16.0  cos=0.6681
[epoch 49 step 350]  loss=5.10e-01  l1=5.10e-01  l2=0.00e+00  psnr=15.9  cos=0.6422
[epoch 49 step 375]  loss=4.64e-01  l1=4.64e-01  l2=0.00e+00  psnr=16.2  cos=0.6840
[epoch 49 step 400]  loss=5.00e-01  l1=5.00e-01  l2=0.00e+00  psnr=15.9  cos=0.6519
[epoch 49 step 425]  loss=5.06e-01  l1=5.06e-01  l2=0.00e+00  psnr=16.0  cos=0.6404
[epoch 49 step 450]  loss=5.29e-01  l1=5.29e-01  l2=0.00e+00  psnr=15.6  cos=0.6308
[epoch 49 step 475]  loss=4.59e-01  l1=4.59e-01  l2=0.00e+00  psnr=16.4  cos=0.6948
[epoch 49 step 500]  loss=5.01e-01  l1=5.01e-01  l2=0.00e+00  psnr=16.0  cos=0.6475
[epoch 49 step 525]  loss=5.07e-01  l1=5.07e-01  l2=0.00e+00  psnr=15.7  cos=0.6497
[epoch 49 step 550]  loss=5.04e-01  l1=5.04e-01  l2=0.00e+00  psnr=15.6  cos=0.6598
[epoch 49 step 575]  loss=4.91e-01  l1=4.91e-01  l2=0.00e+00  psnr=16.2  cos=0.6609
[epoch 49 step 600]  loss=4.87e-01  l1=4.87e-01  l2=0.00e+00  psnr=16.1  cos=0.6579
[epoch 49 step 625]  loss=5.34e-01  l1=5.34e-01  l2=0.00e+00  psnr=15.5  cos=0.6317
[epoch 49 step 650]  loss=5.37e-01  l1=5.37e-01  l2=0.00e+00  psnr=15.3  cos=0.6257
[epoch 49 step 675]  loss=5.34e-01  l1=5.34e-01  l2=0.00e+00  psnr=15.2  cos=0.6366
[epoch 49 step 700]  loss=4.89e-01  l1=4.89e-01  l2=0.00e+00  psnr=16.2  cos=0.6581
[epoch 49 step 725]  loss=4.79e-01  l1=4.79e-01  l2=0.00e+00  psnr=16.1  cos=0.6667
[epoch 49 step 750]  loss=4.31e-01  l1=4.31e-01  l2=0.00e+00  psnr=16.6  cos=0.7119
[epoch 49 step 775]  loss=4.98e-01  l1=4.98e-01  l2=0.00e+00  psnr=15.8  cos=0.6629
[epoch 49 step 800]  loss=4.96e-01  l1=4.96e-01  l2=0.00e+00  psnr=15.8  cos=0.6739
[epoch 49 step 825]  loss=4.82e-01  l1=4.82e-01  l2=0.00e+00  psnr=16.2  cos=0.6716
[epoch 49 step 850]  loss=5.00e-01  l1=5.00e-01  l2=0.00e+00  psnr=15.9  cos=0.6462
[epoch 49 step 875]  loss=5.56e-01  l1=5.56e-01  l2=0.00e+00  psnr=15.0  cos=0.6108
[epoch 49 step 900]  loss=5.10e-01  l1=5.10e-01  l2=0.00e+00  psnr=15.5  cos=0.6644
[epoch 49 step 925]  loss=5.50e-01  l1=5.50e-01  l2=0.00e+00  psnr=15.2  cos=0.6121
[epoch 49 step 950]  loss=5.28e-01  l1=5.28e-01  l2=0.00e+00  psnr=15.5  cos=0.6360
[epoch 49 step 975]  loss=5.47e-01  l1=5.47e-01  l2=0.00e+00  psnr=15.2  cos=0.6206
[epoch 49 step 1000]  loss=5.28e-01  l1=5.28e-01  l2=0.00e+00  psnr=15.4  cos=0.6284
[epoch 49 step 1025]  loss=5.12e-01  l1=5.12e-01  l2=0.00e+00  psnr=16.0  cos=0.6302
[epoch 49 step 1050]  loss=5.26e-01  l1=5.26e-01  l2=0.00e+00  psnr=15.5  cos=0.6209
[epoch 49 step 1075]  loss=4.57e-01  l1=4.57e-01  l2=0.00e+00  psnr=16.4  cos=0.6968
[epoch 49 step 1100]  loss=5.13e-01  l1=5.13e-01  l2=0.00e+00  psnr=15.8  cos=0.6400
[epoch 49 step 1125]  loss=5.24e-01  l1=5.24e-01  l2=0.00e+00  psnr=15.7  cos=0.6354
[epoch 49 step 1150]  loss=4.92e-01  l1=4.92e-01  l2=0.00e+00  psnr=16.2  cos=0.6605
[epoch 49 step 1175]  loss=5.17e-01  l1=5.17e-01  l2=0.00e+00  psnr=15.9  cos=0.6304
[epoch 49 step 1200]  loss=5.18e-01  l1=5.18e-01  l2=0.00e+00  psnr=15.7  cos=0.6511
[epoch 49 step 1225]  loss=5.09e-01  l1=5.09e-01  l2=0.00e+00  psnr=15.9  cos=0.6535
[epoch 49 DONE]  final_loss=5.24e-01  psnr=15.87  cos=0.6535
[checkpoint] /workspace/runs/trial_toy_d3t/checkpoints/epoch_0049.pt
[val epoch 49]  latent_l1=0.5111  latent_l2=0.7617  latent_psnr=25.8176
[best] new best latent_psnr=25.8176 (prev=25.8092) -> /workspace/runs/trial_toy_d3t/checkpoints/best.pt
[epoch 50 step 000]  loss=5.12e-01  l1=5.12e-01  l2=0.00e+00  psnr=15.9  cos=0.6470
[epoch 50 step 025]  loss=5.65e-01  l1=5.65e-01  l2=0.00e+00  psnr=15.0  cos=0.6232
[epoch 50 step 050]  loss=5.05e-01  l1=5.05e-01  l2=0.00e+00  psnr=15.8  cos=0.6590
[epoch 50 step 075]  loss=5.10e-01  l1=5.10e-01  l2=0.00e+00  psnr=15.7  cos=0.6430
[epoch 50 step 100]  loss=4.88e-01  l1=4.88e-01  l2=0.00e+00  psnr=16.2  cos=0.6646
[epoch 50 step 125]  loss=5.28e-01  l1=5.28e-01  l2=0.00e+00  psnr=15.5  cos=0.6252
[epoch 50 step 150]  loss=4.87e-01  l1=4.87e-01  l2=0.00e+00  psnr=16.1  cos=0.6605
[epoch 50 step 175]  loss=5.21e-01  l1=5.21e-01  l2=0.00e+00  psnr=15.6  cos=0.6297
[epoch 50 step 200]  loss=5.20e-01  l1=5.20e-01  l2=0.00e+00  psnr=15.6  cos=0.6495
[epoch 50 step 225]  loss=4.96e-01  l1=4.96e-01  l2=0.00e+00  psnr=16.0  cos=0.6602
[epoch 50 step 250]  loss=5.20e-01  l1=5.20e-01  l2=0.00e+00  psnr=15.5  cos=0.6499
[epoch 50 step 275]  loss=5.26e-01  l1=5.26e-01  l2=0.00e+00  psnr=15.5  cos=0.6471
[epoch 50 step 300]  loss=5.11e-01  l1=5.11e-01  l2=0.00e+00  psnr=15.8  cos=0.6420
[epoch 50 step 325]  loss=5.11e-01  l1=5.11e-01  l2=0.00e+00  psnr=15.6  cos=0.6498
[epoch 50 step 350]  loss=5.36e-01  l1=5.36e-01  l2=0.00e+00  psnr=15.4  cos=0.6270
[epoch 50 step 375]  loss=5.12e-01  l1=5.12e-01  l2=0.00e+00  psnr=15.9  cos=0.6277
[epoch 50 step 400]  loss=5.19e-01  l1=5.19e-01  l2=0.00e+00  psnr=15.9  cos=0.6288
[epoch 50 step 425]  loss=5.22e-01  l1=5.22e-01  l2=0.00e+00  psnr=15.5  cos=0.6520
[epoch 50 step 450]  loss=5.06e-01  l1=5.06e-01  l2=0.00e+00  psnr=15.9  cos=0.6564
[epoch 50 step 475]  loss=4.98e-01  l1=4.98e-01  l2=0.00e+00  psnr=16.2  cos=0.6437
[epoch 50 step 500]  loss=4.94e-01  l1=4.94e-01  l2=0.00e+00  psnr=16.1  cos=0.6559
[epoch 50 step 525]  loss=4.99e-01  l1=4.99e-01  l2=0.00e+00  psnr=15.9  cos=0.6534
[epoch 50 step 550]  loss=4.88e-01  l1=4.88e-01  l2=0.00e+00  psnr=15.9  cos=0.6563
[epoch 50 step 575]  loss=4.80e-01  l1=4.80e-01  l2=0.00e+00  psnr=16.4  cos=0.6739
[epoch 50 step 600]  loss=4.96e-01  l1=4.96e-01  l2=0.00e+00  psnr=15.8  cos=0.6554
[epoch 50 step 625]  loss=4.74e-01  l1=4.74e-01  l2=0.00e+00  psnr=16.1  cos=0.6723
[epoch 50 step 650]  loss=5.38e-01  l1=5.38e-01  l2=0.00e+00  psnr=15.2  cos=0.6377
[epoch 50 step 675]  loss=5.34e-01  l1=5.34e-01  l2=0.00e+00  psnr=15.5  cos=0.6213
[epoch 50 step 700]  loss=5.50e-01  l1=5.50e-01  l2=0.00e+00  psnr=15.3  cos=0.6117
[epoch 50 step 725]  loss=4.90e-01  l1=4.90e-01  l2=0.00e+00  psnr=16.0  cos=0.6700
[epoch 50 step 750]  loss=4.95e-01  l1=4.95e-01  l2=0.00e+00  psnr=16.1  cos=0.6546
[epoch 50 step 775]  loss=5.10e-01  l1=5.10e-01  l2=0.00e+00  psnr=15.6  cos=0.6611
[epoch 50 step 800]  loss=4.69e-01  l1=4.69e-01  l2=0.00e+00  psnr=16.2  cos=0.6741
[epoch 50 step 825]  loss=4.85e-01  l1=4.85e-01  l2=0.00e+00  psnr=16.2  cos=0.6634
[epoch 50 step 850]  loss=5.03e-01  l1=5.03e-01  l2=0.00e+00  psnr=16.0  cos=0.6608
[epoch 50 step 875]  loss=5.24e-01  l1=5.24e-01  l2=0.00e+00  psnr=15.6  cos=0.6377
[epoch 50 step 900]  loss=5.22e-01  l1=5.22e-01  l2=0.00e+00  psnr=15.5  cos=0.6450
[epoch 50 step 925]  loss=5.28e-01  l1=5.28e-01  l2=0.00e+00  psnr=15.7  cos=0.6271
[epoch 50 step 950]  loss=5.45e-01  l1=5.45e-01  l2=0.00e+00  psnr=15.3  cos=0.6100
[epoch 50 step 975]  loss=5.04e-01  l1=5.04e-01  l2=0.00e+00  psnr=15.7  cos=0.6627
[epoch 50 step 1000]  loss=4.77e-01  l1=4.77e-01  l2=0.00e+00  psnr=16.2  cos=0.6693
[epoch 50 step 1025]  loss=5.21e-01  l1=5.21e-01  l2=0.00e+00  psnr=15.6  cos=0.6417
[epoch 50 step 1050]  loss=5.05e-01  l1=5.05e-01  l2=0.00e+00  psnr=15.8  cos=0.6505
[epoch 50 step 1075]  loss=5.05e-01  l1=5.05e-01  l2=0.00e+00  psnr=15.6  cos=0.6524
[epoch 50 step 1100]  loss=5.32e-01  l1=5.32e-01  l2=0.00e+00  psnr=15.5  cos=0.6299
[epoch 50 step 1125]  loss=5.35e-01  l1=5.35e-01  l2=0.00e+00  psnr=15.4  cos=0.6300
[epoch 50 step 1150]  loss=5.29e-01  l1=5.29e-01  l2=0.00e+00  psnr=15.5  cos=0.6348
[epoch 50 step 1175]  loss=4.69e-01  l1=4.69e-01  l2=0.00e+00  psnr=16.4  cos=0.6801
[epoch 50 step 1200]  loss=5.53e-01  l1=5.53e-01  l2=0.00e+00  psnr=15.2  cos=0.6010
[epoch 50 step 1225]  loss=5.20e-01  l1=5.20e-01  l2=0.00e+00  psnr=15.8  cos=0.6353
[epoch 50 DONE]  final_loss=5.17e-01  psnr=15.79  cos=0.6353
[checkpoint] /workspace/runs/trial_toy_d3t/checkpoints/epoch_0050.pt
[val epoch 50]  latent_l1=0.5112  latent_l2=0.7623  latent_psnr=25.8113
[epoch 51 step 000]  loss=4.95e-01  l1=4.95e-01  l2=0.00e+00  psnr=16.0  cos=0.6561
[epoch 51 step 025]  loss=5.12e-01  l1=5.12e-01  l2=0.00e+00  psnr=15.8  cos=0.6365
[epoch 51 step 050]  loss=5.16e-01  l1=5.16e-01  l2=0.00e+00  psnr=15.8  cos=0.6399
[epoch 51 step 075]  loss=4.95e-01  l1=4.95e-01  l2=0.00e+00  psnr=15.9  cos=0.6470
[epoch 51 step 100]  loss=5.13e-01  l1=5.13e-01  l2=0.00e+00  psnr=15.6  cos=0.6364
[epoch 51 step 125]  loss=4.95e-01  l1=4.95e-01  l2=0.00e+00  psnr=15.7  cos=0.6687
[epoch 51 step 150]  loss=5.36e-01  l1=5.36e-01  l2=0.00e+00  psnr=15.4  cos=0.6219
[epoch 51 step 175]  loss=5.42e-01  l1=5.42e-01  l2=0.00e+00  psnr=15.4  cos=0.5972
[epoch 51 step 200]  loss=5.41e-01  l1=5.41e-01  l2=0.00e+00  psnr=15.3  cos=0.6237
[epoch 51 step 225]  loss=4.82e-01  l1=4.82e-01  l2=0.00e+00  psnr=16.1  cos=0.6644
[epoch 51 step 250]  loss=5.31e-01  l1=5.31e-01  l2=0.00e+00  psnr=15.3  cos=0.6458
[epoch 51 step 275]  loss=5.21e-01  l1=5.21e-01  l2=0.00e+00  psnr=15.5  cos=0.6456
[epoch 51 step 300]  loss=5.05e-01  l1=5.05e-01  l2=0.00e+00  psnr=15.8  cos=0.6642
[epoch 51 step 325]  loss=5.04e-01  l1=5.04e-01  l2=0.00e+00  psnr=15.9  cos=0.6567
[epoch 51 step 350]  loss=4.98e-01  l1=4.98e-01  l2=0.00e+00  psnr=16.0  cos=0.6565
[epoch 51 step 375]  loss=5.03e-01  l1=5.03e-01  l2=0.00e+00  psnr=15.9  cos=0.6689
[epoch 51 step 400]  loss=5.12e-01  l1=5.12e-01  l2=0.00e+00  psnr=15.8  cos=0.6448
[epoch 51 step 425]  loss=5.20e-01  l1=5.20e-01  l2=0.00e+00  psnr=15.8  cos=0.6341
[epoch 51 step 450]  loss=4.63e-01  l1=4.63e-01  l2=0.00e+00  psnr=16.3  cos=0.6822
[epoch 51 step 475]  loss=4.80e-01  l1=4.80e-01  l2=0.00e+00  psnr=16.1  cos=0.6802
[epoch 51 step 500]  loss=5.07e-01  l1=5.07e-01  l2=0.00e+00  psnr=15.9  cos=0.6410
[epoch 51 step 525]  loss=4.78e-01  l1=4.78e-01  l2=0.00e+00  psnr=16.2  cos=0.6696
[epoch 51 step 550]  loss=5.20e-01  l1=5.20e-01  l2=0.00e+00  psnr=15.7  cos=0.6258
[epoch 51 step 575]  loss=4.91e-01  l1=4.91e-01  l2=0.00e+00  psnr=16.0  cos=0.6727
[epoch 51 step 600]  loss=4.85e-01  l1=4.85e-01  l2=0.00e+00  psnr=15.9  cos=0.6697
[epoch 51 step 625]  loss=5.40e-01  l1=5.40e-01  l2=0.00e+00  psnr=15.4  cos=0.6363
[epoch 51 step 650]  loss=4.86e-01  l1=4.86e-01  l2=0.00e+00  psnr=16.0  cos=0.6511
[epoch 51 step 675]  loss=5.02e-01  l1=5.02e-01  l2=0.00e+00  psnr=15.7  cos=0.6446
[epoch 51 step 700]  loss=5.04e-01  l1=5.04e-01  l2=0.00e+00  psnr=16.1  cos=0.6405
[epoch 51 step 725]  loss=5.04e-01  l1=5.04e-01  l2=0.00e+00  psnr=15.9  cos=0.6432
[epoch 51 step 750]  loss=5.19e-01  l1=5.19e-01  l2=0.00e+00  psnr=15.8  cos=0.6377
[epoch 51 step 775]  loss=4.58e-01  l1=4.58e-01  l2=0.00e+00  psnr=16.3  cos=0.6915
[epoch 51 step 800]  loss=5.49e-01  l1=5.49e-01  l2=0.00e+00  psnr=15.2  cos=0.6253
[epoch 51 step 825]  loss=4.85e-01  l1=4.85e-01  l2=0.00e+00  psnr=16.2  cos=0.6716
[epoch 51 step 850]  loss=5.17e-01  l1=5.17e-01  l2=0.00e+00  psnr=15.8  cos=0.6409
[epoch 51 step 875]  loss=4.85e-01  l1=4.85e-01  l2=0.00e+00  psnr=16.0  cos=0.6741
[epoch 51 step 900]  loss=4.99e-01  l1=4.99e-01  l2=0.00e+00  psnr=16.0  cos=0.6578
[epoch 51 step 925]  loss=5.09e-01  l1=5.09e-01  l2=0.00e+00  psnr=15.8  cos=0.6494
[epoch 51 step 950]  loss=5.42e-01  l1=5.42e-01  l2=0.00e+00  psnr=15.3  cos=0.6368
[epoch 51 step 975]  loss=5.09e-01  l1=5.09e-01  l2=0.00e+00  psnr=15.4  cos=0.6586
[epoch 51 step 1000]  loss=5.25e-01  l1=5.25e-01  l2=0.00e+00  psnr=15.6  cos=0.6326
[epoch 51 step 1025]  loss=5.11e-01  l1=5.11e-01  l2=0.00e+00  psnr=15.8  cos=0.6389
[epoch 51 step 1050]  loss=5.11e-01  l1=5.11e-01  l2=0.00e+00  psnr=15.6  cos=0.6485
[epoch 51 step 1075]  loss=5.13e-01  l1=5.13e-01  l2=0.00e+00  psnr=15.9  cos=0.6416
[epoch 51 step 1100]  loss=4.92e-01  l1=4.92e-01  l2=0.00e+00  psnr=16.1  cos=0.6520
[epoch 51 step 1125]  loss=5.39e-01  l1=5.39e-01  l2=0.00e+00  psnr=15.2  cos=0.6477
[epoch 51 step 1150]  loss=5.07e-01  l1=5.07e-01  l2=0.00e+00  psnr=15.9  cos=0.6440
[epoch 51 step 1175]  loss=5.06e-01  l1=5.06e-01  l2=0.00e+00  psnr=15.9  cos=0.6286
[epoch 51 step 1200]  loss=5.03e-01  l1=5.03e-01  l2=0.00e+00  psnr=16.0  cos=0.6399
[epoch 51 step 1225]  loss=5.08e-01  l1=5.08e-01  l2=0.00e+00  psnr=15.5  cos=0.6536
[epoch 51 DONE]  final_loss=5.04e-01  psnr=15.54  cos=0.6536
[checkpoint] /workspace/runs/trial_toy_d3t/checkpoints/epoch_0051.pt
[val epoch 51]  latent_l1=0.5098  latent_l2=0.7606  latent_psnr=25.8299
[best] new best latent_psnr=25.8299 (prev=25.8176) -> /workspace/runs/trial_toy_d3t/checkpoints/best.pt
[epoch 52 step 000]  loss=5.26e-01  l1=5.26e-01  l2=0.00e+00  psnr=15.6  cos=0.6359
[epoch 52 step 025]  loss=5.40e-01  l1=5.40e-01  l2=0.00e+00  psnr=15.4  cos=0.6207
[epoch 52 step 050]  loss=5.28e-01  l1=5.28e-01  l2=0.00e+00  psnr=15.5  cos=0.6323
[epoch 52 step 075]  loss=5.19e-01  l1=5.19e-01  l2=0.00e+00  psnr=15.7  cos=0.6544
[epoch 52 step 100]  loss=5.06e-01  l1=5.06e-01  l2=0.00e+00  psnr=16.0  cos=0.6468
[epoch 52 step 125]  loss=4.82e-01  l1=4.82e-01  l2=0.00e+00  psnr=16.3  cos=0.6678
[epoch 52 step 150]  loss=5.00e-01  l1=5.00e-01  l2=0.00e+00  psnr=16.1  cos=0.6461
[epoch 52 step 175]  loss=5.04e-01  l1=5.04e-01  l2=0.00e+00  psnr=15.7  cos=0.6539
[epoch 52 step 200]  loss=5.26e-01  l1=5.26e-01  l2=0.00e+00  psnr=15.4  cos=0.6322
[epoch 52 step 225]  loss=4.81e-01  l1=4.81e-01  l2=0.00e+00  psnr=16.1  cos=0.6639
[epoch 52 step 250]  loss=5.16e-01  l1=5.16e-01  l2=0.00e+00  psnr=15.6  cos=0.6535
[epoch 52 step 275]  loss=4.73e-01  l1=4.73e-01  l2=0.00e+00  psnr=16.2  cos=0.6808
[epoch 52 step 300]  loss=5.03e-01  l1=5.03e-01  l2=0.00e+00  psnr=15.8  cos=0.6510
[epoch 52 step 325]  loss=5.01e-01  l1=5.01e-01  l2=0.00e+00  psnr=15.8  cos=0.6556
[epoch 52 step 350]  loss=5.18e-01  l1=5.18e-01  l2=0.00e+00  psnr=15.6  cos=0.6464
[epoch 52 step 375]  loss=5.13e-01  l1=5.13e-01  l2=0.00e+00  psnr=15.7  cos=0.6376
[epoch 52 step 400]  loss=4.91e-01  l1=4.91e-01  l2=0.00e+00  psnr=16.0  cos=0.6659
[epoch 52 step 425]  loss=5.27e-01  l1=5.27e-01  l2=0.00e+00  psnr=15.5  cos=0.6374
[epoch 52 step 450]  loss=4.75e-01  l1=4.75e-01  l2=0.00e+00  psnr=16.2  cos=0.6752
[epoch 52 step 475]  loss=5.06e-01  l1=5.06e-01  l2=0.00e+00  psnr=15.8  cos=0.6455
[epoch 52 step 500]  loss=4.96e-01  l1=4.96e-01  l2=0.00e+00  psnr=16.2  cos=0.6534
[epoch 52 step 525]  loss=5.26e-01  l1=5.26e-01  l2=0.00e+00  psnr=15.6  cos=0.6076
[epoch 52 step 550]  loss=5.37e-01  l1=5.37e-01  l2=0.00e+00  psnr=15.6  cos=0.5996
[epoch 52 step 575]  loss=5.46e-01  l1=5.46e-01  l2=0.00e+00  psnr=15.2  cos=0.6301
[epoch 52 step 600]  loss=4.96e-01  l1=4.96e-01  l2=0.00e+00  psnr=15.9  cos=0.6556
[epoch 52 step 625]  loss=5.71e-01  l1=5.71e-01  l2=0.00e+00  psnr=15.0  cos=0.5921
[epoch 52 step 650]  loss=4.97e-01  l1=4.97e-01  l2=0.00e+00  psnr=16.0  cos=0.6488
[epoch 52 step 675]  loss=4.94e-01  l1=4.94e-01  l2=0.00e+00  psnr=16.1  cos=0.6533
[epoch 52 step 700]  loss=5.22e-01  l1=5.22e-01  l2=0.00e+00  psnr=15.6  cos=0.6436
[epoch 52 step 725]  loss=5.63e-01  l1=5.63e-01  l2=0.00e+00  psnr=15.1  cos=0.5996
[epoch 52 step 750]  loss=5.28e-01  l1=5.28e-01  l2=0.00e+00  psnr=15.5  cos=0.6380
[epoch 52 step 775]  loss=5.14e-01  l1=5.14e-01  l2=0.00e+00  psnr=15.7  cos=0.6445
[epoch 52 step 800]  loss=5.00e-01  l1=5.00e-01  l2=0.00e+00  psnr=15.6  cos=0.6537
[epoch 52 step 825]  loss=5.34e-01  l1=5.34e-01  l2=0.00e+00  psnr=15.3  cos=0.6314
[epoch 52 step 850]  loss=5.13e-01  l1=5.13e-01  l2=0.00e+00  psnr=15.8  cos=0.6398
[epoch 52 step 875]  loss=4.97e-01  l1=4.97e-01  l2=0.00e+00  psnr=16.0  cos=0.6579
[epoch 52 step 900]  loss=5.11e-01  l1=5.11e-01  l2=0.00e+00  psnr=15.6  cos=0.6409
[epoch 52 step 925]  loss=5.37e-01  l1=5.37e-01  l2=0.00e+00  psnr=15.6  cos=0.6148
[epoch 52 step 950]  loss=5.22e-01  l1=5.22e-01  l2=0.00e+00  psnr=15.6  cos=0.6368
[epoch 52 step 975]  loss=5.14e-01  l1=5.14e-01  l2=0.00e+00  psnr=15.7  cos=0.6474
[epoch 52 step 1000]  loss=4.73e-01  l1=4.73e-01  l2=0.00e+00  psnr=16.3  cos=0.6694
[epoch 52 step 1025]  loss=4.89e-01  l1=4.89e-01  l2=0.00e+00  psnr=16.1  cos=0.6634
[epoch 52 step 1050]  loss=4.91e-01  l1=4.91e-01  l2=0.00e+00  psnr=16.2  cos=0.6566
[epoch 52 step 1075]  loss=4.81e-01  l1=4.81e-01  l2=0.00e+00  psnr=16.3  cos=0.6731
[epoch 52 step 1100]  loss=5.53e-01  l1=5.53e-01  l2=0.00e+00  psnr=15.0  cos=0.6251
[epoch 52 step 1125]  loss=5.01e-01  l1=5.01e-01  l2=0.00e+00  psnr=15.9  cos=0.6400
[epoch 52 step 1150]  loss=4.60e-01  l1=4.60e-01  l2=0.00e+00  psnr=16.6  cos=0.6790
[epoch 52 step 1175]  loss=5.16e-01  l1=5.16e-01  l2=0.00e+00  psnr=15.5  cos=0.6524
[epoch 52 step 1200]  loss=5.07e-01  l1=5.07e-01  l2=0.00e+00  psnr=15.7  cos=0.6488
[epoch 52 step 1225]  loss=4.94e-01  l1=4.94e-01  l2=0.00e+00  psnr=15.9  cos=0.6613
[epoch 52 DONE]  final_loss=5.51e-01  psnr=15.90  cos=0.6613
[checkpoint] /workspace/runs/trial_toy_d3t/checkpoints/epoch_0052.pt
[val epoch 52]  latent_l1=0.5090  latent_l2=0.7602  latent_psnr=25.8349
[best] new best latent_psnr=25.8349 (prev=25.8299) -> /workspace/runs/trial_toy_d3t/checkpoints/best.pt
[epoch 53 step 000]  loss=5.10e-01  l1=5.10e-01  l2=0.00e+00  psnr=15.8  cos=0.6429
[epoch 53 step 025]  loss=5.01e-01  l1=5.01e-01  l2=0.00e+00  psnr=15.8  cos=0.6528
[epoch 53 step 050]  loss=5.25e-01  l1=5.25e-01  l2=0.00e+00  psnr=15.6  cos=0.6353
[epoch 53 step 075]  loss=4.77e-01  l1=4.77e-01  l2=0.00e+00  psnr=16.2  cos=0.6823
[epoch 53 step 100]  loss=5.19e-01  l1=5.19e-01  l2=0.00e+00  psnr=15.7  cos=0.6321
[epoch 53 step 125]  loss=4.97e-01  l1=4.97e-01  l2=0.00e+00  psnr=16.1  cos=0.6421
[epoch 53 step 150]  loss=5.13e-01  l1=5.13e-01  l2=0.00e+00  psnr=15.7  cos=0.6595
[epoch 53 step 175]  loss=5.07e-01  l1=5.07e-01  l2=0.00e+00  psnr=15.6  cos=0.6641
[epoch 53 step 200]  loss=4.99e-01  l1=4.99e-01  l2=0.00e+00  psnr=16.0  cos=0.6465
[epoch 53 step 225]  loss=4.86e-01  l1=4.86e-01  l2=0.00e+00  psnr=16.2  cos=0.6578
[epoch 53 step 250]  loss=4.99e-01  l1=4.99e-01  l2=0.00e+00  psnr=16.1  cos=0.6580
[epoch 53 step 275]  loss=5.26e-01  l1=5.26e-01  l2=0.00e+00  psnr=15.5  cos=0.6292
[epoch 53 step 300]  loss=5.34e-01  l1=5.34e-01  l2=0.00e+00  psnr=15.5  cos=0.6372
[epoch 53 step 325]  loss=4.84e-01  l1=4.84e-01  l2=0.00e+00  psnr=16.0  cos=0.6652
[epoch 53 step 350]  loss=4.71e-01  l1=4.71e-01  l2=0.00e+00  psnr=16.4  cos=0.6808
[epoch 53 step 375]  loss=4.81e-01  l1=4.81e-01  l2=0.00e+00  psnr=16.2  cos=0.6745
[epoch 53 step 400]  loss=4.81e-01  l1=4.81e-01  l2=0.00e+00  psnr=16.0  cos=0.6704
[epoch 53 step 425]  loss=4.84e-01  l1=4.84e-01  l2=0.00e+00  psnr=16.0  cos=0.6633
[epoch 53 step 450]  loss=5.34e-01  l1=5.34e-01  l2=0.00e+00  psnr=15.5  cos=0.6244
[epoch 53 step 475]  loss=4.94e-01  l1=4.94e-01  l2=0.00e+00  psnr=15.9  cos=0.6640
[epoch 53 step 500]  loss=5.30e-01  l1=5.30e-01  l2=0.00e+00  psnr=15.5  cos=0.6412
[epoch 53 step 525]  loss=4.88e-01  l1=4.88e-01  l2=0.00e+00  psnr=16.1  cos=0.6678
[epoch 53 step 550]  loss=4.94e-01  l1=4.94e-01  l2=0.00e+00  psnr=16.1  cos=0.6497
[epoch 53 step 575]  loss=5.25e-01  l1=5.25e-01  l2=0.00e+00  psnr=15.6  cos=0.6439
[epoch 53 step 600]  loss=5.09e-01  l1=5.09e-01  l2=0.00e+00  psnr=15.9  cos=0.6585
[epoch 53 step 625]  loss=5.06e-01  l1=5.06e-01  l2=0.00e+00  psnr=15.7  cos=0.6473
[epoch 53 step 650]  loss=5.26e-01  l1=5.26e-01  l2=0.00e+00  psnr=15.6  cos=0.6371
[epoch 53 step 675]  loss=4.76e-01  l1=4.76e-01  l2=0.00e+00  psnr=15.9  cos=0.6763
[epoch 53 step 700]  loss=5.18e-01  l1=5.18e-01  l2=0.00e+00  psnr=15.5  cos=0.6481
[epoch 53 step 725]  loss=4.90e-01  l1=4.90e-01  l2=0.00e+00  psnr=16.2  cos=0.6599
[epoch 53 step 750]  loss=5.26e-01  l1=5.26e-01  l2=0.00e+00  psnr=15.4  cos=0.6207
[epoch 53 step 775]  loss=5.42e-01  l1=5.42e-01  l2=0.00e+00  psnr=15.4  cos=0.6050
[epoch 53 step 800]  loss=4.98e-01  l1=4.98e-01  l2=0.00e+00  psnr=15.8  cos=0.6497
[epoch 53 step 825]  loss=4.73e-01  l1=4.73e-01  l2=0.00e+00  psnr=16.0  cos=0.6854
[epoch 53 step 850]  loss=5.41e-01  l1=5.41e-01  l2=0.00e+00  psnr=15.2  cos=0.6294
[epoch 53 step 875]  loss=4.94e-01  l1=4.94e-01  l2=0.00e+00  psnr=16.0  cos=0.6547
[epoch 53 step 900]  loss=5.66e-01  l1=5.66e-01  l2=0.00e+00  psnr=15.1  cos=0.6048
[epoch 53 step 925]  loss=4.97e-01  l1=4.97e-01  l2=0.00e+00  psnr=15.9  cos=0.6558
[epoch 53 step 950]  loss=5.08e-01  l1=5.08e-01  l2=0.00e+00  psnr=15.8  cos=0.6300
[epoch 53 step 975]  loss=5.26e-01  l1=5.26e-01  l2=0.00e+00  psnr=15.6  cos=0.6322
[epoch 53 step 1000]  loss=5.08e-01  l1=5.08e-01  l2=0.00e+00  psnr=15.7  cos=0.6511
[epoch 53 step 1025]  loss=5.12e-01  l1=5.12e-01  l2=0.00e+00  psnr=15.8  cos=0.6523
[epoch 53 step 1050]  loss=5.16e-01  l1=5.16e-01  l2=0.00e+00  psnr=15.7  cos=0.6388
[epoch 53 step 1075]  loss=5.45e-01  l1=5.45e-01  l2=0.00e+00  psnr=15.4  cos=0.6197
[epoch 53 step 1100]  loss=5.13e-01  l1=5.13e-01  l2=0.00e+00  psnr=15.7  cos=0.6486
[epoch 53 step 1125]  loss=5.04e-01  l1=5.04e-01  l2=0.00e+00  psnr=15.8  cos=0.6562
[epoch 53 step 1150]  loss=5.67e-01  l1=5.67e-01  l2=0.00e+00  psnr=14.9  cos=0.6188
[epoch 53 step 1175]  loss=4.92e-01  l1=4.92e-01  l2=0.00e+00  psnr=16.1  cos=0.6685
[epoch 53 step 1200]  loss=4.90e-01  l1=4.90e-01  l2=0.00e+00  psnr=15.7  cos=0.6776
[epoch 53 step 1225]  loss=5.74e-01  l1=5.74e-01  l2=0.00e+00  psnr=15.0  cos=0.5817
[epoch 53 DONE]  final_loss=5.20e-01  psnr=14.99  cos=0.5817
[checkpoint] /workspace/runs/trial_toy_d3t/checkpoints/epoch_0053.pt
[val epoch 53]  latent_l1=0.5094  latent_l2=0.7605  latent_psnr=25.8317
[epoch 54 step 000]  loss=5.15e-01  l1=5.15e-01  l2=0.00e+00  psnr=15.6  cos=0.6537
[epoch 54 step 025]  loss=5.35e-01  l1=5.35e-01  l2=0.00e+00  psnr=15.5  cos=0.6171
[epoch 54 step 050]  loss=5.25e-01  l1=5.25e-01  l2=0.00e+00  psnr=15.7  cos=0.6072
[epoch 54 step 075]  loss=4.90e-01  l1=4.90e-01  l2=0.00e+00  psnr=16.3  cos=0.6445
[epoch 54 step 100]  loss=4.99e-01  l1=4.99e-01  l2=0.00e+00  psnr=16.0  cos=0.6430
[epoch 54 step 125]  loss=4.99e-01  l1=4.99e-01  l2=0.00e+00  psnr=16.0  cos=0.6527
[epoch 54 step 150]  loss=5.14e-01  l1=5.14e-01  l2=0.00e+00  psnr=16.0  cos=0.6300
[epoch 54 step 175]  loss=5.13e-01  l1=5.13e-01  l2=0.00e+00  psnr=15.6  cos=0.6484
[epoch 54 step 200]  loss=5.07e-01  l1=5.07e-01  l2=0.00e+00  psnr=16.0  cos=0.6432
[epoch 54 step 225]  loss=4.73e-01  l1=4.73e-01  l2=0.00e+00  psnr=16.3  cos=0.6819
[epoch 54 step 250]  loss=5.14e-01  l1=5.14e-01  l2=0.00e+00  psnr=15.8  cos=0.6411
[epoch 54 step 275]  loss=5.38e-01  l1=5.38e-01  l2=0.00e+00  psnr=15.2  cos=0.6443
[epoch 54 step 300]  loss=4.93e-01  l1=4.93e-01  l2=0.00e+00  psnr=16.1  cos=0.6544
[epoch 54 step 325]  loss=5.21e-01  l1=5.21e-01  l2=0.00e+00  psnr=15.8  cos=0.6315
[epoch 54 step 350]  loss=4.86e-01  l1=4.86e-01  l2=0.00e+00  psnr=16.1  cos=0.6601
[epoch 54 step 375]  loss=5.26e-01  l1=5.26e-01  l2=0.00e+00  psnr=15.6  cos=0.6336
[epoch 54 step 400]  loss=5.07e-01  l1=5.07e-01  l2=0.00e+00  psnr=16.1  cos=0.6366
[epoch 54 step 425]  loss=4.99e-01  l1=4.99e-01  l2=0.00e+00  psnr=15.7  cos=0.6517
[epoch 54 step 450]  loss=5.29e-01  l1=5.29e-01  l2=0.00e+00  psnr=15.5  cos=0.6420
[epoch 54 step 475]  loss=5.17e-01  l1=5.17e-01  l2=0.00e+00  psnr=15.7  cos=0.6477
[epoch 54 step 500]  loss=5.13e-01  l1=5.13e-01  l2=0.00e+00  psnr=15.5  cos=0.6554
[epoch 54 step 525]  loss=5.15e-01  l1=5.15e-01  l2=0.00e+00  psnr=15.7  cos=0.6381
[epoch 54 step 550]  loss=5.20e-01  l1=5.20e-01  l2=0.00e+00  psnr=15.8  cos=0.6270
[epoch 54 step 575]  loss=5.28e-01  l1=5.28e-01  l2=0.00e+00  psnr=15.5  cos=0.6315
[epoch 54 step 600]  loss=5.20e-01  l1=5.20e-01  l2=0.00e+00  psnr=15.6  cos=0.6354
[epoch 54 step 625]  loss=5.09e-01  l1=5.09e-01  l2=0.00e+00  psnr=15.9  cos=0.6482
[epoch 54 step 650]  loss=5.22e-01  l1=5.22e-01  l2=0.00e+00  psnr=15.5  cos=0.6411
[epoch 54 step 675]  loss=4.94e-01  l1=4.94e-01  l2=0.00e+00  psnr=16.0  cos=0.6479
[epoch 54 step 700]  loss=5.10e-01  l1=5.10e-01  l2=0.00e+00  psnr=15.6  cos=0.6412
[epoch 54 step 725]  loss=5.03e-01  l1=5.03e-01  l2=0.00e+00  psnr=15.9  cos=0.6522
[epoch 54 step 750]  loss=5.14e-01  l1=5.14e-01  l2=0.00e+00  psnr=15.4  cos=0.6653
[epoch 54 step 775]  loss=4.77e-01  l1=4.77e-01  l2=0.00e+00  psnr=16.3  cos=0.6826
[epoch 54 step 800]  loss=5.31e-01  l1=5.31e-01  l2=0.00e+00  psnr=15.6  cos=0.6193
[epoch 54 step 825]  loss=5.07e-01  l1=5.07e-01  l2=0.00e+00  psnr=16.0  cos=0.6341
[epoch 54 step 850]  loss=4.93e-01  l1=4.93e-01  l2=0.00e+00  psnr=16.0  cos=0.6619
[epoch 54 step 875]  loss=5.24e-01  l1=5.24e-01  l2=0.00e+00  psnr=15.7  cos=0.6268
[epoch 54 step 900]  loss=5.10e-01  l1=5.10e-01  l2=0.00e+00  psnr=15.7  cos=0.6476
[epoch 54 step 925]  loss=5.38e-01  l1=5.38e-01  l2=0.00e+00  psnr=15.4  cos=0.6314
[epoch 54 step 950]  loss=4.67e-01  l1=4.67e-01  l2=0.00e+00  psnr=16.1  cos=0.6796
[epoch 54 step 975]  loss=5.11e-01  l1=5.11e-01  l2=0.00e+00  psnr=15.8  cos=0.6380
[epoch 54 step 1000]  loss=5.03e-01  l1=5.03e-01  l2=0.00e+00  psnr=15.7  cos=0.6520
[epoch 54 step 1025]  loss=5.24e-01  l1=5.24e-01  l2=0.00e+00  psnr=15.5  cos=0.6300
[epoch 54 step 1050]  loss=5.31e-01  l1=5.31e-01  l2=0.00e+00  psnr=15.4  cos=0.6445
[epoch 54 step 1075]  loss=4.90e-01  l1=4.90e-01  l2=0.00e+00  psnr=15.9  cos=0.6751
[epoch 54 step 1100]  loss=5.17e-01  l1=5.17e-01  l2=0.00e+00  psnr=15.6  cos=0.6388
[epoch 54 step 1125]  loss=4.98e-01  l1=4.98e-01  l2=0.00e+00  psnr=15.8  cos=0.6558
[epoch 54 step 1150]  loss=5.13e-01  l1=5.13e-01  l2=0.00e+00  psnr=15.8  cos=0.6330
[epoch 54 step 1175]  loss=4.96e-01  l1=4.96e-01  l2=0.00e+00  psnr=16.2  cos=0.6440
[epoch 54 step 1200]  loss=5.03e-01  l1=5.03e-01  l2=0.00e+00  psnr=15.7  cos=0.6589
[epoch 54 step 1225]  loss=4.93e-01  l1=4.93e-01  l2=0.00e+00  psnr=16.2  cos=0.6500
[epoch 54 DONE]  final_loss=5.04e-01  psnr=16.19  cos=0.6500
[checkpoint] /workspace/runs/trial_toy_d3t/checkpoints/epoch_0054.pt
[val epoch 54]  latent_l1=0.5085  latent_l2=0.7596  latent_psnr=25.8416
[best] new best latent_psnr=25.8416 (prev=25.8349) -> /workspace/runs/trial_toy_d3t/checkpoints/best.pt
[epoch 55 step 000]  loss=5.14e-01  l1=5.14e-01  l2=0.00e+00  psnr=15.8  cos=0.6469
[epoch 55 step 025]  loss=5.11e-01  l1=5.11e-01  l2=0.00e+00  psnr=15.9  cos=0.6464
[epoch 55 step 050]  loss=5.08e-01  l1=5.08e-01  l2=0.00e+00  psnr=15.7  cos=0.6628
[epoch 55 step 075]  loss=5.32e-01  l1=5.32e-01  l2=0.00e+00  psnr=15.6  cos=0.6225
[epoch 55 step 100]  loss=5.13e-01  l1=5.13e-01  l2=0.00e+00  psnr=15.6  cos=0.6591
[epoch 55 step 125]  loss=5.24e-01  l1=5.24e-01  l2=0.00e+00  psnr=15.4  cos=0.6388
[epoch 55 step 150]  loss=5.04e-01  l1=5.04e-01  l2=0.00e+00  psnr=15.7  cos=0.6611
[epoch 55 step 175]  loss=5.46e-01  l1=5.46e-01  l2=0.00e+00  psnr=15.4  cos=0.6233
[epoch 55 step 200]  loss=4.94e-01  l1=4.94e-01  l2=0.00e+00  psnr=15.8  cos=0.6615
[epoch 55 step 225]  loss=5.09e-01  l1=5.09e-01  l2=0.00e+00  psnr=15.8  cos=0.6429
[epoch 55 step 250]  loss=4.82e-01  l1=4.82e-01  l2=0.00e+00  psnr=16.3  cos=0.6611
[epoch 55 step 275]  loss=4.90e-01  l1=4.90e-01  l2=0.00e+00  psnr=16.0  cos=0.6594
[epoch 55 step 300]  loss=5.36e-01  l1=5.36e-01  l2=0.00e+00  psnr=15.3  cos=0.6413
[epoch 55 step 325]  loss=5.27e-01  l1=5.27e-01  l2=0.00e+00  psnr=15.5  cos=0.6292
[epoch 55 step 350]  loss=5.06e-01  l1=5.06e-01  l2=0.00e+00  psnr=15.7  cos=0.6523
[epoch 55 step 375]  loss=4.80e-01  l1=4.80e-01  l2=0.00e+00  psnr=16.2  cos=0.6833
[epoch 55 step 400]  loss=5.15e-01  l1=5.15e-01  l2=0.00e+00  psnr=15.7  cos=0.6451
[epoch 55 step 425]  loss=5.24e-01  l1=5.24e-01  l2=0.00e+00  psnr=15.4  cos=0.6430
[epoch 55 step 450]  loss=4.83e-01  l1=4.83e-01  l2=0.00e+00  psnr=16.2  cos=0.6600
[epoch 55 step 475]  loss=5.01e-01  l1=5.01e-01  l2=0.00e+00  psnr=15.9  cos=0.6495
[epoch 55 step 500]  loss=5.17e-01  l1=5.17e-01  l2=0.00e+00  psnr=15.7  cos=0.6465
[epoch 55 step 525]  loss=4.99e-01  l1=4.99e-01  l2=0.00e+00  psnr=16.1  cos=0.6462
[epoch 55 step 550]  loss=5.14e-01  l1=5.14e-01  l2=0.00e+00  psnr=15.9  cos=0.6390
[epoch 55 step 575]  loss=5.07e-01  l1=5.07e-01  l2=0.00e+00  psnr=15.8  cos=0.6445
[epoch 55 step 600]  loss=4.44e-01  l1=4.44e-01  l2=0.00e+00  psnr=16.8  cos=0.6959
[epoch 55 step 625]  loss=5.43e-01  l1=5.43e-01  l2=0.00e+00  psnr=15.2  cos=0.6103
[epoch 55 step 650]  loss=5.51e-01  l1=5.51e-01  l2=0.00e+00  psnr=15.3  cos=0.6003
[epoch 55 step 675]  loss=4.93e-01  l1=4.93e-01  l2=0.00e+00  psnr=16.0  cos=0.6703
[epoch 55 step 700]  loss=5.12e-01  l1=5.12e-01  l2=0.00e+00  psnr=15.7  cos=0.6618
[epoch 55 step 725]  loss=5.28e-01  l1=5.28e-01  l2=0.00e+00  psnr=15.7  cos=0.6083
[epoch 55 step 750]  loss=5.14e-01  l1=5.14e-01  l2=0.00e+00  psnr=15.7  cos=0.6572
[epoch 55 step 775]  loss=5.04e-01  l1=5.04e-01  l2=0.00e+00  psnr=15.8  cos=0.6494
[epoch 55 step 800]  loss=5.00e-01  l1=5.00e-01  l2=0.00e+00  psnr=16.0  cos=0.6619
[epoch 55 step 825]  loss=5.04e-01  l1=5.04e-01  l2=0.00e+00  psnr=15.9  cos=0.6475
[epoch 55 step 850]  loss=5.39e-01  l1=5.39e-01  l2=0.00e+00  psnr=15.4  cos=0.6062
[epoch 55 step 875]  loss=4.98e-01  l1=4.98e-01  l2=0.00e+00  psnr=15.8  cos=0.6550
[epoch 55 step 900]  loss=4.75e-01  l1=4.75e-01  l2=0.00e+00  psnr=16.0  cos=0.6865
[epoch 55 step 925]  loss=5.20e-01  l1=5.20e-01  l2=0.00e+00  psnr=15.6  cos=0.6500
[epoch 55 step 950]  loss=4.85e-01  l1=4.85e-01  l2=0.00e+00  psnr=16.2  cos=0.6631
[epoch 55 step 975]  loss=5.07e-01  l1=5.07e-01  l2=0.00e+00  psnr=15.7  cos=0.6577
[epoch 55 step 1000]  loss=5.24e-01  l1=5.24e-01  l2=0.00e+00  psnr=15.2  cos=0.6567
[epoch 55 step 1025]  loss=5.13e-01  l1=5.13e-01  l2=0.00e+00  psnr=15.7  cos=0.6397
[epoch 55 step 1050]  loss=4.93e-01  l1=4.93e-01  l2=0.00e+00  psnr=16.1  cos=0.6570
[epoch 55 step 1075]  loss=4.81e-01  l1=4.81e-01  l2=0.00e+00  psnr=16.0  cos=0.6753
[epoch 55 step 1100]  loss=4.87e-01  l1=4.87e-01  l2=0.00e+00  psnr=16.1  cos=0.6712
[epoch 55 step 1125]  loss=4.62e-01  l1=4.62e-01  l2=0.00e+00  psnr=16.3  cos=0.6882
[epoch 55 step 1150]  loss=5.40e-01  l1=5.40e-01  l2=0.00e+00  psnr=15.5  cos=0.6291
[epoch 55 step 1175]  loss=5.27e-01  l1=5.27e-01  l2=0.00e+00  psnr=15.6  cos=0.6265
[epoch 55 step 1200]  loss=4.73e-01  l1=4.73e-01  l2=0.00e+00  psnr=16.2  cos=0.6667
[epoch 55 step 1225]  loss=4.96e-01  l1=4.96e-01  l2=0.00e+00  psnr=15.8  cos=0.6574
[epoch 55 DONE]  final_loss=4.91e-01  psnr=15.81  cos=0.6574
[checkpoint] /workspace/runs/trial_toy_d3t/checkpoints/epoch_0055.pt
[val epoch 55]  latent_l1=0.5087  latent_l2=0.7589  latent_psnr=25.8501
[best] new best latent_psnr=25.8501 (prev=25.8416) -> /workspace/runs/trial_toy_d3t/checkpoints/best.pt
[epoch 56 step 000]  loss=4.60e-01  l1=4.60e-01  l2=0.00e+00  psnr=16.6  cos=0.6872
[epoch 56 step 025]  loss=5.34e-01  l1=5.34e-01  l2=0.00e+00  psnr=15.6  cos=0.6156
[epoch 56 step 050]  loss=5.11e-01  l1=5.11e-01  l2=0.00e+00  psnr=16.0  cos=0.6468
[epoch 56 step 075]  loss=5.42e-01  l1=5.42e-01  l2=0.00e+00  psnr=15.5  cos=0.6127
[epoch 56 step 100]  loss=5.60e-01  l1=5.60e-01  l2=0.00e+00  psnr=14.9  cos=0.6337
[epoch 56 step 125]  loss=5.41e-01  l1=5.41e-01  l2=0.00e+00  psnr=15.5  cos=0.6285
[epoch 56 step 150]  loss=4.97e-01  l1=4.97e-01  l2=0.00e+00  psnr=15.9  cos=0.6644
[epoch 56 step 175]  loss=4.90e-01  l1=4.90e-01  l2=0.00e+00  psnr=16.1  cos=0.6629
[epoch 56 step 200]  loss=5.16e-01  l1=5.16e-01  l2=0.00e+00  psnr=15.8  cos=0.6379
[epoch 56 step 225]  loss=5.46e-01  l1=5.46e-01  l2=0.00e+00  psnr=15.4  cos=0.6170
[epoch 56 step 250]  loss=4.90e-01  l1=4.90e-01  l2=0.00e+00  psnr=16.0  cos=0.6515
[epoch 56 step 275]  loss=5.12e-01  l1=5.12e-01  l2=0.00e+00  psnr=15.5  cos=0.6537
[epoch 56 step 300]  loss=5.16e-01  l1=5.16e-01  l2=0.00e+00  psnr=15.6  cos=0.6489
[epoch 56 step 325]  loss=4.92e-01  l1=4.92e-01  l2=0.00e+00  psnr=16.2  cos=0.6515
[epoch 56 step 350]  loss=5.38e-01  l1=5.38e-01  l2=0.00e+00  psnr=15.5  cos=0.6196
[epoch 56 step 375]  loss=5.14e-01  l1=5.14e-01  l2=0.00e+00  psnr=15.6  cos=0.6416
[epoch 56 step 400]  loss=4.85e-01  l1=4.85e-01  l2=0.00e+00  psnr=16.1  cos=0.6481
[epoch 56 step 425]  loss=4.82e-01  l1=4.82e-01  l2=0.00e+00  psnr=16.1  cos=0.6728
[epoch 56 step 450]  loss=5.11e-01  l1=5.11e-01  l2=0.00e+00  psnr=16.0  cos=0.6354
[epoch 56 step 475]  loss=4.95e-01  l1=4.95e-01  l2=0.00e+00  psnr=16.1  cos=0.6622
[epoch 56 step 500]  loss=5.20e-01  l1=5.20e-01  l2=0.00e+00  psnr=15.9  cos=0.6301
[epoch 56 step 525]  loss=5.31e-01  l1=5.31e-01  l2=0.00e+00  psnr=15.3  cos=0.6428
[epoch 56 step 550]  loss=5.24e-01  l1=5.24e-01  l2=0.00e+00  psnr=15.7  cos=0.6377
[epoch 56 step 575]  loss=4.62e-01  l1=4.62e-01  l2=0.00e+00  psnr=16.4  cos=0.6794
[epoch 56 step 600]  loss=5.10e-01  l1=5.10e-01  l2=0.00e+00  psnr=15.4  cos=0.6536
[epoch 56 step 625]  loss=5.29e-01  l1=5.29e-01  l2=0.00e+00  psnr=15.4  cos=0.6367
[epoch 56 step 650]  loss=5.36e-01  l1=5.36e-01  l2=0.00e+00  psnr=15.6  cos=0.6220
[epoch 56 step 675]  loss=4.91e-01  l1=4.91e-01  l2=0.00e+00  psnr=16.0  cos=0.6710
[epoch 56 step 700]  loss=4.94e-01  l1=4.94e-01  l2=0.00e+00  psnr=15.8  cos=0.6638
[epoch 56 step 725]  loss=5.04e-01  l1=5.04e-01  l2=0.00e+00  psnr=15.8  cos=0.6532
[epoch 56 step 750]  loss=5.18e-01  l1=5.18e-01  l2=0.00e+00  psnr=15.7  cos=0.6515
[epoch 56 step 775]  loss=5.07e-01  l1=5.07e-01  l2=0.00e+00  psnr=15.6  cos=0.6423
[epoch 56 step 800]  loss=5.05e-01  l1=5.05e-01  l2=0.00e+00  psnr=15.9  cos=0.6410
[epoch 56 step 825]  loss=5.56e-01  l1=5.56e-01  l2=0.00e+00  psnr=15.0  cos=0.6259
[epoch 56 step 850]  loss=4.86e-01  l1=4.86e-01  l2=0.00e+00  psnr=16.0  cos=0.6763
[epoch 56 step 875]  loss=4.92e-01  l1=4.92e-01  l2=0.00e+00  psnr=16.3  cos=0.6474
[epoch 56 step 900]  loss=5.12e-01  l1=5.12e-01  l2=0.00e+00  psnr=15.7  cos=0.6524
[epoch 56 step 925]  loss=5.45e-01  l1=5.45e-01  l2=0.00e+00  psnr=15.3  cos=0.6300
[epoch 56 step 950]  loss=5.29e-01  l1=5.29e-01  l2=0.00e+00  psnr=15.7  cos=0.6281
[epoch 56 step 975]  loss=5.28e-01  l1=5.28e-01  l2=0.00e+00  psnr=15.4  cos=0.6392
[epoch 56 step 1000]  loss=4.90e-01  l1=4.90e-01  l2=0.00e+00  psnr=16.1  cos=0.6716
[epoch 56 step 1025]  loss=5.03e-01  l1=5.03e-01  l2=0.00e+00  psnr=16.0  cos=0.6437
[epoch 56 step 1050]  loss=5.09e-01  l1=5.09e-01  l2=0.00e+00  psnr=15.8  cos=0.6494
[epoch 56 step 1075]  loss=4.73e-01  l1=4.73e-01  l2=0.00e+00  psnr=16.2  cos=0.6823
[epoch 56 step 1100]  loss=4.93e-01  l1=4.93e-01  l2=0.00e+00  psnr=16.2  cos=0.6546
[epoch 56 step 1125]  loss=5.27e-01  l1=5.27e-01  l2=0.00e+00  psnr=15.3  cos=0.6466
[epoch 56 step 1150]  loss=4.97e-01  l1=4.97e-01  l2=0.00e+00  psnr=16.1  cos=0.6421
[epoch 56 step 1175]  loss=5.08e-01  l1=5.08e-01  l2=0.00e+00  psnr=15.9  cos=0.6502
[epoch 56 step 1200]  loss=5.25e-01  l1=5.25e-01  l2=0.00e+00  psnr=15.6  cos=0.6496
[epoch 56 step 1225]  loss=5.19e-01  l1=5.19e-01  l2=0.00e+00  psnr=15.5  cos=0.6410
[epoch 56 DONE]  final_loss=4.94e-01  psnr=15.54  cos=0.6410
[checkpoint] /workspace/runs/trial_toy_d3t/checkpoints/epoch_0056.pt
[val epoch 56]  latent_l1=0.5090  latent_l2=0.7596  latent_psnr=25.8422
[epoch 57 step 000]  loss=5.08e-01  l1=5.08e-01  l2=0.00e+00  psnr=15.9  cos=0.6579
[epoch 57 step 025]  loss=5.25e-01  l1=5.25e-01  l2=0.00e+00  psnr=15.5  cos=0.6344
[epoch 57 step 050]  loss=5.46e-01  l1=5.46e-01  l2=0.00e+00  psnr=15.3  cos=0.6289
[epoch 57 step 075]  loss=5.20e-01  l1=5.20e-01  l2=0.00e+00  psnr=15.6  cos=0.6370
[epoch 57 step 100]  loss=5.10e-01  l1=5.10e-01  l2=0.00e+00  psnr=15.5  cos=0.6569
[epoch 57 step 125]  loss=5.29e-01  l1=5.29e-01  l2=0.00e+00  psnr=15.6  cos=0.6423
[epoch 57 step 150]  loss=4.91e-01  l1=4.91e-01  l2=0.00e+00  psnr=15.8  cos=0.6558
[epoch 57 step 175]  loss=5.23e-01  l1=5.23e-01  l2=0.00e+00  psnr=15.6  cos=0.6432
[epoch 57 step 200]  loss=4.73e-01  l1=4.73e-01  l2=0.00e+00  psnr=16.3  cos=0.6748
[epoch 57 step 225]  loss=5.69e-01  l1=5.69e-01  l2=0.00e+00  psnr=14.9  cos=0.6134
[epoch 57 step 250]  loss=5.07e-01  l1=5.07e-01  l2=0.00e+00  psnr=15.6  cos=0.6618
[epoch 57 step 275]  loss=4.88e-01  l1=4.88e-01  l2=0.00e+00  psnr=15.7  cos=0.6716
[epoch 57 step 300]  loss=5.43e-01  l1=5.43e-01  l2=0.00e+00  psnr=15.2  cos=0.6338
[epoch 57 step 325]  loss=5.26e-01  l1=5.26e-01  l2=0.00e+00  psnr=15.3  cos=0.6521
[epoch 57 step 350]  loss=5.23e-01  l1=5.23e-01  l2=0.00e+00  psnr=15.5  cos=0.6409
[epoch 57 step 375]  loss=5.22e-01  l1=5.22e-01  l2=0.00e+00  psnr=15.7  cos=0.6366
[epoch 57 step 400]  loss=5.43e-01  l1=5.43e-01  l2=0.00e+00  psnr=15.2  cos=0.6238
[epoch 57 step 425]  loss=5.06e-01  l1=5.06e-01  l2=0.00e+00  psnr=15.8  cos=0.6560
[epoch 57 step 450]  loss=5.80e-01  l1=5.80e-01  l2=0.00e+00  psnr=14.9  cos=0.6003
[epoch 57 step 475]  loss=5.03e-01  l1=5.03e-01  l2=0.00e+00  psnr=15.9  cos=0.6615
[epoch 57 step 500]  loss=5.09e-01  l1=5.09e-01  l2=0.00e+00  psnr=15.9  cos=0.6487
[epoch 57 step 525]  loss=4.76e-01  l1=4.76e-01  l2=0.00e+00  psnr=16.3  cos=0.6695
[epoch 57 step 550]  loss=5.15e-01  l1=5.15e-01  l2=0.00e+00  psnr=15.7  cos=0.6388
[epoch 57 step 575]  loss=5.07e-01  l1=5.07e-01  l2=0.00e+00  psnr=15.8  cos=0.6525
[epoch 57 step 600]  loss=5.00e-01  l1=5.00e-01  l2=0.00e+00  psnr=15.8  cos=0.6665
[epoch 57 step 625]  loss=5.42e-01  l1=5.42e-01  l2=0.00e+00  psnr=15.2  cos=0.6326
[epoch 57 step 650]  loss=5.10e-01  l1=5.10e-01  l2=0.00e+00  psnr=15.9  cos=0.6433
[epoch 57 step 675]  loss=4.83e-01  l1=4.83e-01  l2=0.00e+00  psnr=15.9  cos=0.6742
[epoch 57 step 700]  loss=5.27e-01  l1=5.27e-01  l2=0.00e+00  psnr=15.6  cos=0.6282
[epoch 57 step 725]  loss=5.21e-01  l1=5.21e-01  l2=0.00e+00  psnr=15.7  cos=0.6230
[epoch 57 step 750]  loss=5.02e-01  l1=5.02e-01  l2=0.00e+00  psnr=15.9  cos=0.6529
[epoch 57 step 775]  loss=5.15e-01  l1=5.15e-01  l2=0.00e+00  psnr=15.9  cos=0.6409
[epoch 57 step 800]  loss=4.88e-01  l1=4.88e-01  l2=0.00e+00  psnr=16.1  cos=0.6595
[epoch 57 step 825]  loss=5.23e-01  l1=5.23e-01  l2=0.00e+00  psnr=15.4  cos=0.6348
[epoch 57 step 850]  loss=4.72e-01  l1=4.72e-01  l2=0.00e+00  psnr=16.1  cos=0.6852
[epoch 57 step 875]  loss=5.22e-01  l1=5.22e-01  l2=0.00e+00  psnr=15.2  cos=0.6464
[epoch 57 step 900]  loss=4.92e-01  l1=4.92e-01  l2=0.00e+00  psnr=16.0  cos=0.6786
[epoch 57 step 925]  loss=4.80e-01  l1=4.80e-01  l2=0.00e+00  psnr=16.2  cos=0.6788
[epoch 57 step 950]  loss=5.12e-01  l1=5.12e-01  l2=0.00e+00  psnr=15.9  cos=0.6342
[epoch 57 step 975]  loss=4.99e-01  l1=4.99e-01  l2=0.00e+00  psnr=15.9  cos=0.6609
[epoch 57 step 1000]  loss=5.08e-01  l1=5.08e-01  l2=0.00e+00  psnr=15.9  cos=0.6270
[epoch 57 step 1025]  loss=4.94e-01  l1=4.94e-01  l2=0.00e+00  psnr=15.9  cos=0.6763
[epoch 57 step 1050]  loss=5.09e-01  l1=5.09e-01  l2=0.00e+00  psnr=15.7  cos=0.6545
[epoch 57 step 1075]  loss=5.12e-01  l1=5.12e-01  l2=0.00e+00  psnr=15.9  cos=0.6333
[epoch 57 step 1100]  loss=5.32e-01  l1=5.32e-01  l2=0.00e+00  psnr=15.6  cos=0.6299
[epoch 57 step 1125]  loss=5.47e-01  l1=5.47e-01  l2=0.00e+00  psnr=15.4  cos=0.6160
[epoch 57 step 1150]  loss=4.91e-01  l1=4.91e-01  l2=0.00e+00  psnr=16.0  cos=0.6702
[epoch 57 step 1175]  loss=4.81e-01  l1=4.81e-01  l2=0.00e+00  psnr=16.1  cos=0.6729
[epoch 57 step 1200]  loss=4.81e-01  l1=4.81e-01  l2=0.00e+00  psnr=16.0  cos=0.6739
[epoch 57 step 1225]  loss=5.48e-01  l1=5.48e-01  l2=0.00e+00  psnr=15.2  cos=0.6173
[epoch 57 DONE]  final_loss=4.99e-01  psnr=15.22  cos=0.6173
[checkpoint] /workspace/runs/trial_toy_d3t/checkpoints/epoch_0057.pt
[val epoch 57]  latent_l1=0.5079  latent_l2=0.7587  latent_psnr=25.8517
[best] new best latent_psnr=25.8517 (prev=25.8501) -> /workspace/runs/trial_toy_d3t/checkpoints/best.pt
[epoch 58 step 000]  loss=5.14e-01  l1=5.14e-01  l2=0.00e+00  psnr=15.4  cos=0.6452
[epoch 58 step 025]  loss=4.80e-01  l1=4.80e-01  l2=0.00e+00  psnr=16.0  cos=0.6828
[epoch 58 step 050]  loss=5.52e-01  l1=5.52e-01  l2=0.00e+00  psnr=15.2  cos=0.6126
[epoch 58 step 075]  loss=5.26e-01  l1=5.26e-01  l2=0.00e+00  psnr=15.5  cos=0.6531
[epoch 58 step 100]  loss=5.06e-01  l1=5.06e-01  l2=0.00e+00  psnr=15.9  cos=0.6595
[epoch 58 step 125]  loss=4.90e-01  l1=4.90e-01  l2=0.00e+00  psnr=15.9  cos=0.6680
[epoch 58 step 150]  loss=5.67e-01  l1=5.67e-01  l2=0.00e+00  psnr=14.9  cos=0.6161
[epoch 58 step 175]  loss=5.17e-01  l1=5.17e-01  l2=0.00e+00  psnr=15.6  cos=0.6314
[epoch 58 step 200]  loss=5.00e-01  l1=5.00e-01  l2=0.00e+00  psnr=15.8  cos=0.6565
[epoch 58 step 225]  loss=5.26e-01  l1=5.26e-01  l2=0.00e+00  psnr=15.5  cos=0.6370
[epoch 58 step 250]  loss=5.23e-01  l1=5.23e-01  l2=0.00e+00  psnr=15.5  cos=0.6417
[epoch 58 step 275]  loss=4.88e-01  l1=4.88e-01  l2=0.00e+00  psnr=16.2  cos=0.6654
[epoch 58 step 300]  loss=5.16e-01  l1=5.16e-01  l2=0.00e+00  psnr=15.6  cos=0.6477
[epoch 58 step 325]  loss=4.99e-01  l1=4.99e-01  l2=0.00e+00  psnr=16.1  cos=0.6474
[epoch 58 step 350]  loss=5.33e-01  l1=5.33e-01  l2=0.00e+00  psnr=15.5  cos=0.6090
[epoch 58 step 375]  loss=5.01e-01  l1=5.01e-01  l2=0.00e+00  psnr=15.9  cos=0.6419
[epoch 58 step 400]  loss=5.52e-01  l1=5.52e-01  l2=0.00e+00  psnr=15.2  cos=0.6086
[epoch 58 step 425]  loss=5.48e-01  l1=5.48e-01  l2=0.00e+00  psnr=15.2  cos=0.6127
[epoch 58 step 450]  loss=4.73e-01  l1=4.73e-01  l2=0.00e+00  psnr=16.0  cos=0.6833
[epoch 58 step 475]  loss=4.82e-01  l1=4.82e-01  l2=0.00e+00  psnr=16.4  cos=0.6637
[epoch 58 step 500]  loss=5.41e-01  l1=5.41e-01  l2=0.00e+00  psnr=15.3  cos=0.6284
[epoch 58 step 525]  loss=5.00e-01  l1=5.00e-01  l2=0.00e+00  psnr=16.0  cos=0.6501
[epoch 58 step 550]  loss=4.90e-01  l1=4.90e-01  l2=0.00e+00  psnr=16.3  cos=0.6487
[epoch 58 step 575]  loss=5.49e-01  l1=5.49e-01  l2=0.00e+00  psnr=15.3  cos=0.6194
[epoch 58 step 600]  loss=4.68e-01  l1=4.68e-01  l2=0.00e+00  psnr=16.2  cos=0.6857
[epoch 58 step 625]  loss=5.26e-01  l1=5.26e-01  l2=0.00e+00  psnr=15.7  cos=0.6370
[epoch 58 step 650]  loss=5.11e-01  l1=5.11e-01  l2=0.00e+00  psnr=15.7  cos=0.6500
[epoch 58 step 675]  loss=5.17e-01  l1=5.17e-01  l2=0.00e+00  psnr=15.8  cos=0.6445
[epoch 58 step 700]  loss=4.74e-01  l1=4.74e-01  l2=0.00e+00  psnr=16.1  cos=0.6776
[epoch 58 step 725]  loss=5.01e-01  l1=5.01e-01  l2=0.00e+00  psnr=15.8  cos=0.6633
[epoch 58 step 750]  loss=4.91e-01  l1=4.91e-01  l2=0.00e+00  psnr=16.1  cos=0.6707
[epoch 58 step 775]  loss=5.31e-01  l1=5.31e-01  l2=0.00e+00  psnr=15.5  cos=0.6273
[epoch 58 step 800]  loss=4.94e-01  l1=4.94e-01  l2=0.00e+00  psnr=16.0  cos=0.6540
[epoch 58 step 825]  loss=4.94e-01  l1=4.94e-01  l2=0.00e+00  psnr=16.0  cos=0.6616
[epoch 58 step 850]  loss=5.18e-01  l1=5.18e-01  l2=0.00e+00  psnr=15.8  cos=0.6455
[epoch 58 step 875]  loss=5.16e-01  l1=5.16e-01  l2=0.00e+00  psnr=15.7  cos=0.6448
[epoch 58 step 900]  loss=4.94e-01  l1=4.94e-01  l2=0.00e+00  psnr=16.0  cos=0.6635
[epoch 58 step 925]  loss=5.28e-01  l1=5.28e-01  l2=0.00e+00  psnr=15.5  cos=0.6286
[epoch 58 step 950]  loss=5.23e-01  l1=5.23e-01  l2=0.00e+00  psnr=15.6  cos=0.6187
[epoch 58 step 975]  loss=5.02e-01  l1=5.02e-01  l2=0.00e+00  psnr=15.8  cos=0.6634
[epoch 58 step 1000]  loss=4.97e-01  l1=4.97e-01  l2=0.00e+00  psnr=16.0  cos=0.6515
[epoch 58 step 1025]  loss=5.21e-01  l1=5.21e-01  l2=0.00e+00  psnr=15.7  cos=0.6437
[epoch 58 step 1050]  loss=4.76e-01  l1=4.76e-01  l2=0.00e+00  psnr=16.2  cos=0.6768
[epoch 58 step 1075]  loss=5.17e-01  l1=5.17e-01  l2=0.00e+00  psnr=15.7  cos=0.6430
[epoch 58 step 1100]  loss=5.22e-01  l1=5.22e-01  l2=0.00e+00  psnr=15.6  cos=0.6438
[epoch 58 step 1125]  loss=5.11e-01  l1=5.11e-01  l2=0.00e+00  psnr=15.8  cos=0.6288
[epoch 58 step 1150]  loss=4.89e-01  l1=4.89e-01  l2=0.00e+00  psnr=16.2  cos=0.6682
[epoch 58 step 1175]  loss=4.90e-01  l1=4.90e-01  l2=0.00e+00  psnr=16.0  cos=0.6721
[epoch 58 step 1200]  loss=5.19e-01  l1=5.19e-01  l2=0.00e+00  psnr=15.5  cos=0.6525
[epoch 58 step 1225]  loss=5.05e-01  l1=5.05e-01  l2=0.00e+00  psnr=16.1  cos=0.6440
[epoch 58 DONE]  final_loss=5.69e-01  psnr=16.11  cos=0.6440
[checkpoint] /workspace/runs/trial_toy_d3t/checkpoints/epoch_0058.pt
[val epoch 58]  latent_l1=0.5079  latent_l2=0.7585  latent_psnr=25.8550
[best] new best latent_psnr=25.8550 (prev=25.8517) -> /workspace/runs/trial_toy_d3t/checkpoints/best.pt
[epoch 59 step 000]  loss=5.02e-01  l1=5.02e-01  l2=0.00e+00  psnr=15.8  cos=0.6536
[epoch 59 step 025]  loss=5.26e-01  l1=5.26e-01  l2=0.00e+00  psnr=15.5  cos=0.6426
[epoch 59 step 050]  loss=4.92e-01  l1=4.92e-01  l2=0.00e+00  psnr=16.2  cos=0.6486
[epoch 59 step 075]  loss=5.24e-01  l1=5.24e-01  l2=0.00e+00  psnr=15.4  cos=0.6529
[epoch 59 step 100]  loss=4.72e-01  l1=4.72e-01  l2=0.00e+00  psnr=16.3  cos=0.6723
[epoch 59 step 125]  loss=5.11e-01  l1=5.11e-01  l2=0.00e+00  psnr=15.7  cos=0.6430
[epoch 59 step 150]  loss=5.02e-01  l1=5.02e-01  l2=0.00e+00  psnr=15.9  cos=0.6706
[epoch 59 step 175]  loss=5.34e-01  l1=5.34e-01  l2=0.00e+00  psnr=15.1  cos=0.6669
[epoch 59 step 200]  loss=5.06e-01  l1=5.06e-01  l2=0.00e+00  psnr=15.7  cos=0.6522
[epoch 59 step 225]  loss=5.30e-01  l1=5.30e-01  l2=0.00e+00  psnr=15.5  cos=0.6312
[epoch 59 step 250]  loss=5.44e-01  l1=5.44e-01  l2=0.00e+00  psnr=15.3  cos=0.6294
[epoch 59 step 275]  loss=5.32e-01  l1=5.32e-01  l2=0.00e+00  psnr=15.6  cos=0.6180
[epoch 59 step 300]  loss=4.66e-01  l1=4.66e-01  l2=0.00e+00  psnr=16.5  cos=0.6781
[epoch 59 step 325]  loss=4.74e-01  l1=4.74e-01  l2=0.00e+00  psnr=16.3  cos=0.6608
[epoch 59 step 350]  loss=5.30e-01  l1=5.30e-01  l2=0.00e+00  psnr=15.4  cos=0.6500
[epoch 59 step 375]  loss=4.95e-01  l1=4.95e-01  l2=0.00e+00  psnr=16.1  cos=0.6541
[epoch 59 step 400]  loss=4.73e-01  l1=4.73e-01  l2=0.00e+00  psnr=16.1  cos=0.6785
[epoch 59 step 425]  loss=5.09e-01  l1=5.09e-01  l2=0.00e+00  psnr=15.6  cos=0.6469
[epoch 59 step 450]  loss=5.33e-01  l1=5.33e-01  l2=0.00e+00  psnr=15.4  cos=0.6194
[epoch 59 step 475]  loss=5.10e-01  l1=5.10e-01  l2=0.00e+00  psnr=15.9  cos=0.6446
[epoch 59 step 500]  loss=4.87e-01  l1=4.87e-01  l2=0.00e+00  psnr=16.1  cos=0.6708
[epoch 59 step 525]  loss=5.42e-01  l1=5.42e-01  l2=0.00e+00  psnr=15.4  cos=0.6178
[epoch 59 step 550]  loss=5.08e-01  l1=5.08e-01  l2=0.00e+00  psnr=15.9  cos=0.6464
[epoch 59 step 575]  loss=4.45e-01  l1=4.45e-01  l2=0.00e+00  psnr=16.8  cos=0.6943
[epoch 59 step 600]  loss=5.02e-01  l1=5.02e-01  l2=0.00e+00  psnr=15.7  cos=0.6728
[epoch 59 step 625]  loss=5.09e-01  l1=5.09e-01  l2=0.00e+00  psnr=15.7  cos=0.6460
[epoch 59 step 650]  loss=5.20e-01  l1=5.20e-01  l2=0.00e+00  psnr=15.6  cos=0.6475
[epoch 59 step 675]  loss=5.21e-01  l1=5.21e-01  l2=0.00e+00  psnr=15.7  cos=0.6276
[epoch 59 step 700]  loss=4.91e-01  l1=4.91e-01  l2=0.00e+00  psnr=15.7  cos=0.6698
[epoch 59 step 725]  loss=5.42e-01  l1=5.42e-01  l2=0.00e+00  psnr=15.5  cos=0.6326
[epoch 59 step 750]  loss=4.87e-01  l1=4.87e-01  l2=0.00e+00  psnr=16.1  cos=0.6620
[epoch 59 step 775]  loss=4.81e-01  l1=4.81e-01  l2=0.00e+00  psnr=16.3  cos=0.6750
[epoch 59 step 800]  loss=5.45e-01  l1=5.45e-01  l2=0.00e+00  psnr=15.3  cos=0.6361
[epoch 59 step 825]  loss=5.65e-01  l1=5.65e-01  l2=0.00e+00  psnr=15.0  cos=0.6088
[epoch 59 step 850]  loss=4.95e-01  l1=4.95e-01  l2=0.00e+00  psnr=16.0  cos=0.6595
[epoch 59 step 875]  loss=5.49e-01  l1=5.49e-01  l2=0.00e+00  psnr=15.1  cos=0.6334
[epoch 59 step 900]  loss=5.03e-01  l1=5.03e-01  l2=0.00e+00  psnr=15.7  cos=0.6615
[epoch 59 step 925]  loss=5.11e-01  l1=5.11e-01  l2=0.00e+00  psnr=15.7  cos=0.6570
[epoch 59 step 950]  loss=4.81e-01  l1=4.81e-01  l2=0.00e+00  psnr=16.0  cos=0.6736
[epoch 59 step 975]  loss=5.33e-01  l1=5.33e-01  l2=0.00e+00  psnr=15.2  cos=0.6462
[epoch 59 step 1000]  loss=5.24e-01  l1=5.24e-01  l2=0.00e+00  psnr=15.5  cos=0.6331
[epoch 59 step 1025]  loss=5.39e-01  l1=5.39e-01  l2=0.00e+00  psnr=15.3  cos=0.6322
[epoch 59 step 1050]  loss=5.08e-01  l1=5.08e-01  l2=0.00e+00  psnr=15.6  cos=0.6496
[epoch 59 step 1075]  loss=5.24e-01  l1=5.24e-01  l2=0.00e+00  psnr=15.4  cos=0.6493
[epoch 59 step 1100]  loss=4.67e-01  l1=4.67e-01  l2=0.00e+00  psnr=16.4  cos=0.6752
[epoch 59 step 1125]  loss=4.68e-01  l1=4.68e-01  l2=0.00e+00  psnr=16.4  cos=0.6718
[epoch 59 step 1150]  loss=5.14e-01  l1=5.14e-01  l2=0.00e+00  psnr=15.9  cos=0.6366
[epoch 59 step 1175]  loss=5.18e-01  l1=5.18e-01  l2=0.00e+00  psnr=15.5  cos=0.6458
[epoch 59 step 1200]  loss=4.85e-01  l1=4.85e-01  l2=0.00e+00  psnr=16.1  cos=0.6563
[epoch 59 step 1225]  loss=5.04e-01  l1=5.04e-01  l2=0.00e+00  psnr=15.7  cos=0.6667
[epoch 59 DONE]  final_loss=4.88e-01  psnr=15.75  cos=0.6667
[checkpoint] /workspace/runs/trial_toy_d3t/checkpoints/epoch_0059.pt
[val epoch 59]  latent_l1=0.5065  latent_l2=0.7569  latent_psnr=25.8730
[best] new best latent_psnr=25.8730 (prev=25.8550) -> /workspace/runs/trial_toy_d3t/checkpoints/best.pt
[epoch 60 step 000]  loss=5.20e-01  l1=5.20e-01  l2=0.00e+00  psnr=15.5  cos=0.6447
[epoch 60 step 025]  loss=5.31e-01  l1=5.31e-01  l2=0.00e+00  psnr=15.4  cos=0.6333
[epoch 60 step 050]  loss=4.94e-01  l1=4.94e-01  l2=0.00e+00  psnr=15.9  cos=0.6474
[epoch 60 step 075]  loss=5.29e-01  l1=5.29e-01  l2=0.00e+00  psnr=15.3  cos=0.6488
[epoch 60 step 100]  loss=5.27e-01  l1=5.27e-01  l2=0.00e+00  psnr=15.4  cos=0.6491
[epoch 60 step 125]  loss=4.91e-01  l1=4.91e-01  l2=0.00e+00  psnr=16.0  cos=0.6657
[epoch 60 step 150]  loss=4.94e-01  l1=4.94e-01  l2=0.00e+00  psnr=16.0  cos=0.6664
[epoch 60 step 175]  loss=4.91e-01  l1=4.91e-01  l2=0.00e+00  psnr=16.0  cos=0.6668
[epoch 60 step 200]  loss=5.00e-01  l1=5.00e-01  l2=0.00e+00  psnr=16.1  cos=0.6456
[epoch 60 step 225]  loss=5.14e-01  l1=5.14e-01  l2=0.00e+00  psnr=15.6  cos=0.6467
[epoch 60 step 250]  loss=5.03e-01  l1=5.03e-01  l2=0.00e+00  psnr=15.8  cos=0.6568
[epoch 60 step 275]  loss=5.17e-01  l1=5.17e-01  l2=0.00e+00  psnr=15.5  cos=0.6626
[epoch 60 step 300]  loss=4.80e-01  l1=4.80e-01  l2=0.00e+00  psnr=15.9  cos=0.6817
[epoch 60 step 325]  loss=4.89e-01  l1=4.89e-01  l2=0.00e+00  psnr=15.9  cos=0.6696
[epoch 60 step 350]  loss=4.82e-01  l1=4.82e-01  l2=0.00e+00  psnr=16.1  cos=0.6637
[epoch 60 step 375]  loss=4.82e-01  l1=4.82e-01  l2=0.00e+00  psnr=16.0  cos=0.6776
[epoch 60 step 400]  loss=5.09e-01  l1=5.09e-01  l2=0.00e+00  psnr=15.9  cos=0.6385
[epoch 60 step 425]  loss=4.90e-01  l1=4.90e-01  l2=0.00e+00  psnr=16.1  cos=0.6589
[epoch 60 step 450]  loss=4.98e-01  l1=4.98e-01  l2=0.00e+00  psnr=16.0  cos=0.6514
[epoch 60 step 475]  loss=4.99e-01  l1=4.99e-01  l2=0.00e+00  psnr=15.7  cos=0.6496
[epoch 60 step 500]  loss=5.35e-01  l1=5.35e-01  l2=0.00e+00  psnr=15.5  cos=0.6246
[epoch 60 step 525]  loss=4.98e-01  l1=4.98e-01  l2=0.00e+00  psnr=15.9  cos=0.6580
[epoch 60 step 550]  loss=5.16e-01  l1=5.16e-01  l2=0.00e+00  psnr=15.7  cos=0.6435
[epoch 60 step 575]  loss=4.71e-01  l1=4.71e-01  l2=0.00e+00  psnr=16.1  cos=0.6741
[epoch 60 step 600]  loss=4.90e-01  l1=4.90e-01  l2=0.00e+00  psnr=15.9  cos=0.6703
[epoch 60 step 625]  loss=5.06e-01  l1=5.06e-01  l2=0.00e+00  psnr=15.8  cos=0.6550
[epoch 60 step 650]  loss=4.99e-01  l1=4.99e-01  l2=0.00e+00  psnr=15.9  cos=0.6668
[epoch 60 step 675]  loss=5.16e-01  l1=5.16e-01  l2=0.00e+00  psnr=15.7  cos=0.6447
[epoch 60 step 700]  loss=4.95e-01  l1=4.95e-01  l2=0.00e+00  psnr=16.1  cos=0.6472
[epoch 60 step 725]  loss=5.15e-01  l1=5.15e-01  l2=0.00e+00  psnr=15.9  cos=0.6358
[epoch 60 step 750]  loss=5.26e-01  l1=5.26e-01  l2=0.00e+00  psnr=15.6  cos=0.6477
[epoch 60 step 775]  loss=5.03e-01  l1=5.03e-01  l2=0.00e+00  psnr=15.9  cos=0.6407
[epoch 60 step 800]  loss=4.99e-01  l1=4.99e-01  l2=0.00e+00  psnr=16.0  cos=0.6484
[epoch 60 step 825]  loss=4.83e-01  l1=4.83e-01  l2=0.00e+00  psnr=16.1  cos=0.6658
[epoch 60 step 850]  loss=4.79e-01  l1=4.79e-01  l2=0.00e+00  psnr=16.2  cos=0.6669
[epoch 60 step 875]  loss=5.16e-01  l1=5.16e-01  l2=0.00e+00  psnr=15.4  cos=0.6633
[epoch 60 step 900]  loss=5.44e-01  l1=5.44e-01  l2=0.00e+00  psnr=15.4  cos=0.6177
[epoch 60 step 925]  loss=5.46e-01  l1=5.46e-01  l2=0.00e+00  psnr=15.5  cos=0.6145
[epoch 60 step 950]  loss=5.20e-01  l1=5.20e-01  l2=0.00e+00  psnr=15.7  cos=0.6297
[epoch 60 step 975]  loss=5.05e-01  l1=5.05e-01  l2=0.00e+00  psnr=15.8  cos=0.6499
[epoch 60 step 1000]  loss=4.53e-01  l1=4.53e-01  l2=0.00e+00  psnr=16.3  cos=0.6919
[epoch 60 step 1025]  loss=4.99e-01  l1=4.99e-01  l2=0.00e+00  psnr=16.1  cos=0.6490
[epoch 60 step 1050]  loss=5.21e-01  l1=5.21e-01  l2=0.00e+00  psnr=15.7  cos=0.6308
[epoch 60 step 1075]  loss=4.93e-01  l1=4.93e-01  l2=0.00e+00  psnr=16.1  cos=0.6673
[epoch 60 step 1100]  loss=5.61e-01  l1=5.61e-01  l2=0.00e+00  psnr=15.1  cos=0.6220
[epoch 60 step 1125]  loss=5.00e-01  l1=5.00e-01  l2=0.00e+00  psnr=15.9  cos=0.6602
[epoch 60 step 1150]  loss=4.71e-01  l1=4.71e-01  l2=0.00e+00  psnr=16.1  cos=0.6643
[epoch 60 step 1175]  loss=5.17e-01  l1=5.17e-01  l2=0.00e+00  psnr=15.7  cos=0.6307
[epoch 60 step 1200]  loss=4.95e-01  l1=4.95e-01  l2=0.00e+00  psnr=16.0  cos=0.6558
[epoch 60 step 1225]  loss=5.22e-01  l1=5.22e-01  l2=0.00e+00  psnr=15.7  cos=0.6272
[epoch 60 DONE]  final_loss=5.18e-01  psnr=15.72  cos=0.6272
[checkpoint] /workspace/runs/trial_toy_d3t/checkpoints/epoch_0060.pt
[val epoch 60]  latent_l1=0.5062  latent_l2=0.7565  latent_psnr=25.8774
[best] new best latent_psnr=25.8774 (prev=25.8730) -> /workspace/runs/trial_toy_d3t/checkpoints/best.pt
[epoch 61 step 000]  loss=5.26e-01  l1=5.26e-01  l2=0.00e+00  psnr=15.6  cos=0.6301
[epoch 61 step 025]  loss=5.54e-01  l1=5.54e-01  l2=0.00e+00  psnr=15.2  cos=0.6258
[epoch 61 step 050]  loss=5.06e-01  l1=5.06e-01  l2=0.00e+00  psnr=16.0  cos=0.6294
[epoch 61 step 075]  loss=5.14e-01  l1=5.14e-01  l2=0.00e+00  psnr=15.6  cos=0.6412
[epoch 61 step 100]  loss=5.20e-01  l1=5.20e-01  l2=0.00e+00  psnr=15.5  cos=0.6562
[epoch 61 step 125]  loss=4.89e-01  l1=4.89e-01  l2=0.00e+00  psnr=15.8  cos=0.6829
[epoch 61 step 150]  loss=4.82e-01  l1=4.82e-01  l2=0.00e+00  psnr=16.1  cos=0.6664
[epoch 61 step 175]  loss=5.27e-01  l1=5.27e-01  l2=0.00e+00  psnr=15.6  cos=0.6311
[epoch 61 step 200]  loss=4.98e-01  l1=4.98e-01  l2=0.00e+00  psnr=16.1  cos=0.6538
[epoch 61 step 225]  loss=5.33e-01  l1=5.33e-01  l2=0.00e+00  psnr=15.5  cos=0.6272
[epoch 61 step 250]  loss=5.01e-01  l1=5.01e-01  l2=0.00e+00  psnr=15.7  cos=0.6799
[epoch 61 step 275]  loss=5.05e-01  l1=5.05e-01  l2=0.00e+00  psnr=15.5  cos=0.6591
[epoch 61 step 300]  loss=5.07e-01  l1=5.07e-01  l2=0.00e+00  psnr=15.7  cos=0.6628
[epoch 61 step 325]  loss=4.82e-01  l1=4.82e-01  l2=0.00e+00  psnr=16.2  cos=0.6833
[epoch 61 step 350]  loss=4.84e-01  l1=4.84e-01  l2=0.00e+00  psnr=16.1  cos=0.6520
[epoch 61 step 375]  loss=4.99e-01  l1=4.99e-01  l2=0.00e+00  psnr=15.9  cos=0.6556
[epoch 61 step 400]  loss=4.87e-01  l1=4.87e-01  l2=0.00e+00  psnr=16.2  cos=0.6636
[epoch 61 step 425]  loss=5.03e-01  l1=5.03e-01  l2=0.00e+00  psnr=15.8  cos=0.6450
[epoch 61 step 450]  loss=4.91e-01  l1=4.91e-01  l2=0.00e+00  psnr=16.0  cos=0.6822
[epoch 61 step 475]  loss=5.12e-01  l1=5.12e-01  l2=0.00e+00  psnr=15.6  cos=0.6593
[epoch 61 step 500]  loss=5.20e-01  l1=5.20e-01  l2=0.00e+00  psnr=15.9  cos=0.6354
[epoch 61 step 525]  loss=4.87e-01  l1=4.87e-01  l2=0.00e+00  psnr=16.0  cos=0.6850
[epoch 61 step 550]  loss=4.80e-01  l1=4.80e-01  l2=0.00e+00  psnr=16.2  cos=0.6718
[epoch 61 step 575]  loss=5.00e-01  l1=5.00e-01  l2=0.00e+00  psnr=15.8  cos=0.6609
[epoch 61 step 600]  loss=5.22e-01  l1=5.22e-01  l2=0.00e+00  psnr=15.6  cos=0.6244
[epoch 61 step 625]  loss=4.95e-01  l1=4.95e-01  l2=0.00e+00  psnr=16.0  cos=0.6658
[epoch 61 step 650]  loss=5.08e-01  l1=5.08e-01  l2=0.00e+00  psnr=15.8  cos=0.6486
[epoch 61 step 675]  loss=5.05e-01  l1=5.05e-01  l2=0.00e+00  psnr=15.7  cos=0.6535
[epoch 61 step 700]  loss=4.98e-01  l1=4.98e-01  l2=0.00e+00  psnr=15.6  cos=0.6762
[epoch 61 step 725]  loss=5.03e-01  l1=5.03e-01  l2=0.00e+00  psnr=15.9  cos=0.6548
[epoch 61 step 750]  loss=5.00e-01  l1=5.00e-01  l2=0.00e+00  psnr=15.9  cos=0.6542
[epoch 61 step 775]  loss=4.94e-01  l1=4.94e-01  l2=0.00e+00  psnr=16.0  cos=0.6566
[epoch 61 step 800]  loss=5.11e-01  l1=5.11e-01  l2=0.00e+00  psnr=15.5  cos=0.6470
[epoch 61 step 825]  loss=5.20e-01  l1=5.20e-01  l2=0.00e+00  psnr=15.7  cos=0.6472
[epoch 61 step 850]  loss=5.31e-01  l1=5.31e-01  l2=0.00e+00  psnr=15.4  cos=0.6351
[epoch 61 step 875]  loss=5.05e-01  l1=5.05e-01  l2=0.00e+00  psnr=15.9  cos=0.6572
[epoch 61 step 900]  loss=5.33e-01  l1=5.33e-01  l2=0.00e+00  psnr=15.3  cos=0.6495
[epoch 61 step 925]  loss=5.28e-01  l1=5.28e-01  l2=0.00e+00  psnr=15.6  cos=0.6327
[epoch 61 step 950]  loss=4.96e-01  l1=4.96e-01  l2=0.00e+00  psnr=15.7  cos=0.6710
[epoch 61 step 975]  loss=5.11e-01  l1=5.11e-01  l2=0.00e+00  psnr=16.1  cos=0.6345
[epoch 61 step 1000]  loss=4.98e-01  l1=4.98e-01  l2=0.00e+00  psnr=15.7  cos=0.6589
[epoch 61 step 1025]  loss=5.14e-01  l1=5.14e-01  l2=0.00e+00  psnr=15.5  cos=0.6516
[epoch 61 step 1050]  loss=4.92e-01  l1=4.92e-01  l2=0.00e+00  psnr=16.0  cos=0.6732
[epoch 61 step 1075]  loss=5.43e-01  l1=5.43e-01  l2=0.00e+00  psnr=15.5  cos=0.6105
[epoch 61 step 1100]  loss=4.96e-01  l1=4.96e-01  l2=0.00e+00  psnr=15.8  cos=0.6783
[epoch 61 step 1125]  loss=5.54e-01  l1=5.54e-01  l2=0.00e+00  psnr=15.2  cos=0.6114
[epoch 61 step 1150]  loss=5.12e-01  l1=5.12e-01  l2=0.00e+00  psnr=15.7  cos=0.6612
[epoch 61 step 1175]  loss=5.65e-01  l1=5.65e-01  l2=0.00e+00  psnr=15.0  cos=0.5906
[epoch 61 step 1200]  loss=4.87e-01  l1=4.87e-01  l2=0.00e+00  psnr=16.3  cos=0.6582
[epoch 61 step 1225]  loss=4.99e-01  l1=4.99e-01  l2=0.00e+00  psnr=15.6  cos=0.6795
[epoch 61 DONE]  final_loss=5.04e-01  psnr=15.63  cos=0.6795
[checkpoint] /workspace/runs/trial_toy_d3t/checkpoints/epoch_0061.pt
[val epoch 61]  latent_l1=0.5062  latent_l2=0.7567  latent_psnr=25.8758
[epoch 62 step 000]  loss=5.30e-01  l1=5.30e-01  l2=0.00e+00  psnr=15.4  cos=0.6468
[epoch 62 step 025]  loss=5.39e-01  l1=5.39e-01  l2=0.00e+00  psnr=15.5  cos=0.6210
[epoch 62 step 050]  loss=5.31e-01  l1=5.31e-01  l2=0.00e+00  psnr=15.7  cos=0.6193
[epoch 62 step 075]  loss=5.34e-01  l1=5.34e-01  l2=0.00e+00  psnr=15.4  cos=0.6392
[epoch 62 step 100]  loss=5.00e-01  l1=5.00e-01  l2=0.00e+00  psnr=16.0  cos=0.6439
[epoch 62 step 125]  loss=4.88e-01  l1=4.88e-01  l2=0.00e+00  psnr=15.8  cos=0.6780
[epoch 62 step 150]  loss=5.23e-01  l1=5.23e-01  l2=0.00e+00  psnr=15.5  cos=0.6323
[epoch 62 step 175]  loss=4.95e-01  l1=4.95e-01  l2=0.00e+00  psnr=16.1  cos=0.6675
[epoch 62 step 200]  loss=5.20e-01  l1=5.20e-01  l2=0.00e+00  psnr=15.7  cos=0.6376
[epoch 62 step 225]  loss=4.88e-01  l1=4.88e-01  l2=0.00e+00  psnr=16.1  cos=0.6589
[epoch 62 step 250]  loss=4.85e-01  l1=4.85e-01  l2=0.00e+00  psnr=15.9  cos=0.6749
[epoch 62 step 275]  loss=4.93e-01  l1=4.93e-01  l2=0.00e+00  psnr=16.1  cos=0.6581
[epoch 62 step 300]  loss=5.40e-01  l1=5.40e-01  l2=0.00e+00  psnr=15.5  cos=0.6116
[epoch 62 step 325]  loss=4.99e-01  l1=4.99e-01  l2=0.00e+00  psnr=15.9  cos=0.6587
[epoch 62 step 350]  loss=4.93e-01  l1=4.93e-01  l2=0.00e+00  psnr=15.9  cos=0.6631
[epoch 62 step 375]  loss=4.91e-01  l1=4.91e-01  l2=0.00e+00  psnr=15.8  cos=0.6727
[epoch 62 step 400]  loss=5.57e-01  l1=5.57e-01  l2=0.00e+00  psnr=15.0  cos=0.6264
[epoch 62 step 425]  loss=5.18e-01  l1=5.18e-01  l2=0.00e+00  psnr=15.7  cos=0.6438
[epoch 62 step 450]  loss=5.17e-01  l1=5.17e-01  l2=0.00e+00  psnr=15.6  cos=0.6469
[epoch 62 step 475]  loss=4.95e-01  l1=4.95e-01  l2=0.00e+00  psnr=16.1  cos=0.6591
[epoch 62 step 500]  loss=5.04e-01  l1=5.04e-01  l2=0.00e+00  psnr=15.8  cos=0.6639
[epoch 62 step 525]  loss=5.36e-01  l1=5.36e-01  l2=0.00e+00  psnr=15.3  cos=0.6265
[epoch 62 step 550]  loss=5.05e-01  l1=5.05e-01  l2=0.00e+00  psnr=16.1  cos=0.6370
[epoch 62 step 575]  loss=5.09e-01  l1=5.09e-01  l2=0.00e+00  psnr=15.8  cos=0.6576
[epoch 62 step 600]  loss=5.13e-01  l1=5.13e-01  l2=0.00e+00  psnr=15.5  cos=0.6681
[epoch 62 step 625]  loss=4.81e-01  l1=4.81e-01  l2=0.00e+00  psnr=16.0  cos=0.6742
[epoch 62 step 650]  loss=4.98e-01  l1=4.98e-01  l2=0.00e+00  psnr=15.9  cos=0.6579
[epoch 62 step 675]  loss=5.21e-01  l1=5.21e-01  l2=0.00e+00  psnr=15.7  cos=0.6511
[epoch 62 step 700]  loss=4.78e-01  l1=4.78e-01  l2=0.00e+00  psnr=16.3  cos=0.6563
[epoch 62 step 725]  loss=5.15e-01  l1=5.15e-01  l2=0.00e+00  psnr=15.5  cos=0.6463
[epoch 62 step 750]  loss=5.06e-01  l1=5.06e-01  l2=0.00e+00  psnr=16.0  cos=0.6470
[epoch 62 step 775]  loss=5.27e-01  l1=5.27e-01  l2=0.00e+00  psnr=15.7  cos=0.6253
[epoch 62 step 800]  loss=5.01e-01  l1=5.01e-01  l2=0.00e+00  psnr=15.8  cos=0.6542
[epoch 62 step 825]  loss=5.22e-01  l1=5.22e-01  l2=0.00e+00  psnr=15.7  cos=0.6492
[epoch 62 step 850]  loss=5.04e-01  l1=5.04e-01  l2=0.00e+00  psnr=15.9  cos=0.6422
[epoch 62 step 875]  loss=5.13e-01  l1=5.13e-01  l2=0.00e+00  psnr=15.8  cos=0.6318
[epoch 62 step 900]  loss=4.93e-01  l1=4.93e-01  l2=0.00e+00  psnr=15.9  cos=0.6607
[epoch 62 step 925]  loss=5.06e-01  l1=5.06e-01  l2=0.00e+00  psnr=15.7  cos=0.6591
[epoch 62 step 950]  loss=4.57e-01  l1=4.57e-01  l2=0.00e+00  psnr=16.4  cos=0.6975
[epoch 62 step 975]  loss=5.01e-01  l1=5.01e-01  l2=0.00e+00  psnr=16.0  cos=0.6505
[epoch 62 step 1000]  loss=5.42e-01  l1=5.42e-01  l2=0.00e+00  psnr=15.4  cos=0.6148
[epoch 62 step 1025]  loss=5.15e-01  l1=5.15e-01  l2=0.00e+00  psnr=15.6  cos=0.6529
[epoch 62 step 1050]  loss=5.43e-01  l1=5.43e-01  l2=0.00e+00  psnr=15.2  cos=0.6235
[epoch 62 step 1075]  loss=5.11e-01  l1=5.11e-01  l2=0.00e+00  psnr=15.9  cos=0.6564
[epoch 62 step 1100]  loss=5.18e-01  l1=5.18e-01  l2=0.00e+00  psnr=15.6  cos=0.6518
[epoch 62 step 1125]  loss=5.48e-01  l1=5.48e-01  l2=0.00e+00  psnr=15.3  cos=0.6200
[epoch 62 step 1150]  loss=5.04e-01  l1=5.04e-01  l2=0.00e+00  psnr=15.9  cos=0.6422
[epoch 62 step 1175]  loss=5.27e-01  l1=5.27e-01  l2=0.00e+00  psnr=15.7  cos=0.6284
[epoch 62 step 1200]  loss=4.84e-01  l1=4.84e-01  l2=0.00e+00  psnr=16.0  cos=0.6733
[epoch 62 step 1225]  loss=4.98e-01  l1=4.98e-01  l2=0.00e+00  psnr=16.0  cos=0.6571
[epoch 62 DONE]  final_loss=4.88e-01  psnr=15.99  cos=0.6571
[checkpoint] /workspace/runs/trial_toy_d3t/checkpoints/epoch_0062.pt
[val epoch 62]  latent_l1=0.5059  latent_l2=0.7560  latent_psnr=25.8834
[best] new best latent_psnr=25.8834 (prev=25.8774) -> /workspace/runs/trial_toy_d3t/checkpoints/best.pt
[epoch 63 step 000]  loss=5.15e-01  l1=5.15e-01  l2=0.00e+00  psnr=15.7  cos=0.6449
[epoch 63 step 025]  loss=5.11e-01  l1=5.11e-01  l2=0.00e+00  psnr=15.5  cos=0.6486
[epoch 63 step 050]  loss=4.82e-01  l1=4.82e-01  l2=0.00e+00  psnr=15.8  cos=0.6796
[epoch 63 step 075]  loss=4.82e-01  l1=4.82e-01  l2=0.00e+00  psnr=16.0  cos=0.6795
[epoch 63 step 100]  loss=4.79e-01  l1=4.79e-01  l2=0.00e+00  psnr=16.3  cos=0.6633
[epoch 63 step 125]  loss=4.94e-01  l1=4.94e-01  l2=0.00e+00  psnr=16.1  cos=0.6539
[epoch 63 step 150]  loss=5.36e-01  l1=5.36e-01  l2=0.00e+00  psnr=15.4  cos=0.6276
[epoch 63 step 175]  loss=5.12e-01  l1=5.12e-01  l2=0.00e+00  psnr=15.9  cos=0.6420
[epoch 63 step 200]  loss=5.14e-01  l1=5.14e-01  l2=0.00e+00  psnr=15.6  cos=0.6465
[epoch 63 step 225]  loss=5.02e-01  l1=5.02e-01  l2=0.00e+00  psnr=15.9  cos=0.6575
[epoch 63 step 250]  loss=5.54e-01  l1=5.54e-01  l2=0.00e+00  psnr=15.3  cos=0.6098
[epoch 63 step 275]  loss=5.25e-01  l1=5.25e-01  l2=0.00e+00  psnr=15.7  cos=0.6421
[epoch 63 step 300]  loss=4.92e-01  l1=4.92e-01  l2=0.00e+00  psnr=16.0  cos=0.6788
[epoch 63 step 325]  loss=4.98e-01  l1=4.98e-01  l2=0.00e+00  psnr=15.8  cos=0.6649
[epoch 63 step 350]  loss=4.98e-01  l1=4.98e-01  l2=0.00e+00  psnr=16.0  cos=0.6626
[epoch 63 step 375]  loss=5.10e-01  l1=5.10e-01  l2=0.00e+00  psnr=15.6  cos=0.6709
[epoch 63 step 400]  loss=4.80e-01  l1=4.80e-01  l2=0.00e+00  psnr=16.3  cos=0.6732
[epoch 63 step 425]  loss=4.77e-01  l1=4.77e-01  l2=0.00e+00  psnr=16.4  cos=0.6714
[epoch 63 step 450]  loss=4.98e-01  l1=4.98e-01  l2=0.00e+00  psnr=15.8  cos=0.6613
[epoch 63 step 475]  loss=5.27e-01  l1=5.27e-01  l2=0.00e+00  psnr=15.6  cos=0.6309
[epoch 63 step 500]  loss=5.31e-01  l1=5.31e-01  l2=0.00e+00  psnr=15.3  cos=0.6450
[epoch 63 step 525]  loss=4.95e-01  l1=4.95e-01  l2=0.00e+00  psnr=15.9  cos=0.6604
[epoch 63 step 550]  loss=5.08e-01  l1=5.08e-01  l2=0.00e+00  psnr=15.8  cos=0.6461
[epoch 63 step 575]  loss=5.00e-01  l1=5.00e-01  l2=0.00e+00  psnr=16.0  cos=0.6372
[epoch 63 step 600]  loss=5.44e-01  l1=5.44e-01  l2=0.00e+00  psnr=15.3  cos=0.6154
[epoch 63 step 625]  loss=5.16e-01  l1=5.16e-01  l2=0.00e+00  psnr=15.7  cos=0.6486
[epoch 63 step 650]  loss=5.03e-01  l1=5.03e-01  l2=0.00e+00  psnr=15.9  cos=0.6456
[epoch 63 step 675]  loss=5.18e-01  l1=5.18e-01  l2=0.00e+00  psnr=15.7  cos=0.6491
[epoch 63 step 700]  loss=4.99e-01  l1=4.99e-01  l2=0.00e+00  psnr=16.1  cos=0.6355
[epoch 63 step 725]  loss=4.94e-01  l1=4.94e-01  l2=0.00e+00  psnr=16.2  cos=0.6564
[epoch 63 step 750]  loss=4.90e-01  l1=4.90e-01  l2=0.00e+00  psnr=16.3  cos=0.6586
[epoch 63 step 775]  loss=4.75e-01  l1=4.75e-01  l2=0.00e+00  psnr=16.1  cos=0.6727
[epoch 63 step 800]  loss=5.07e-01  l1=5.07e-01  l2=0.00e+00  psnr=15.8  cos=0.6612
[epoch 63 step 825]  loss=4.92e-01  l1=4.92e-01  l2=0.00e+00  psnr=16.0  cos=0.6752
[epoch 63 step 850]  loss=4.60e-01  l1=4.60e-01  l2=0.00e+00  psnr=16.4  cos=0.6835
[epoch 63 step 875]  loss=4.88e-01  l1=4.88e-01  l2=0.00e+00  psnr=16.0  cos=0.6588
[epoch 63 step 900]  loss=4.72e-01  l1=4.72e-01  l2=0.00e+00  psnr=16.4  cos=0.6845
[epoch 63 step 925]  loss=5.15e-01  l1=5.15e-01  l2=0.00e+00  psnr=15.6  cos=0.6436
[epoch 63 step 950]  loss=4.92e-01  l1=4.92e-01  l2=0.00e+00  psnr=16.2  cos=0.6602
[epoch 63 step 975]  loss=5.44e-01  l1=5.44e-01  l2=0.00e+00  psnr=15.3  cos=0.6280
[epoch 63 step 1000]  loss=4.92e-01  l1=4.92e-01  l2=0.00e+00  psnr=16.1  cos=0.6724
[epoch 63 step 1025]  loss=5.16e-01  l1=5.16e-01  l2=0.00e+00  psnr=15.9  cos=0.6370
[epoch 63 step 1050]  loss=4.82e-01  l1=4.82e-01  l2=0.00e+00  psnr=15.9  cos=0.6762
[epoch 63 step 1075]  loss=4.93e-01  l1=4.93e-01  l2=0.00e+00  psnr=16.1  cos=0.6691
[epoch 63 step 1100]  loss=4.93e-01  l1=4.93e-01  l2=0.00e+00  psnr=16.0  cos=0.6596
[epoch 63 step 1125]  loss=4.78e-01  l1=4.78e-01  l2=0.00e+00  psnr=16.1  cos=0.6809
[epoch 63 step 1150]  loss=5.20e-01  l1=5.20e-01  l2=0.00e+00  psnr=15.5  cos=0.6551
[epoch 63 step 1175]  loss=5.16e-01  l1=5.16e-01  l2=0.00e+00  psnr=15.6  cos=0.6484
[epoch 63 step 1200]  loss=5.25e-01  l1=5.25e-01  l2=0.00e+00  psnr=15.5  cos=0.6480
[epoch 63 step 1225]  loss=5.04e-01  l1=5.04e-01  l2=0.00e+00  psnr=16.0  cos=0.6532
[epoch 63 DONE]  final_loss=4.77e-01  psnr=15.97  cos=0.6532
[checkpoint] /workspace/runs/trial_toy_d3t/checkpoints/epoch_0063.pt
[val epoch 63]  latent_l1=0.5066  latent_l2=0.7568  latent_psnr=25.8746
[epoch 64 step 000]  loss=5.20e-01  l1=5.20e-01  l2=0.00e+00  psnr=15.6  cos=0.6521
[epoch 64 step 025]  loss=5.08e-01  l1=5.08e-01  l2=0.00e+00  psnr=15.7  cos=0.6641
[epoch 64 step 050]  loss=4.78e-01  l1=4.78e-01  l2=0.00e+00  psnr=16.1  cos=0.6893
[epoch 64 step 075]  loss=4.81e-01  l1=4.81e-01  l2=0.00e+00  psnr=16.0  cos=0.6720
[epoch 64 step 100]  loss=5.16e-01  l1=5.16e-01  l2=0.00e+00  psnr=15.6  cos=0.6596
[epoch 64 step 125]  loss=5.06e-01  l1=5.06e-01  l2=0.00e+00  psnr=15.9  cos=0.6698
[epoch 64 step 150]  loss=4.80e-01  l1=4.80e-01  l2=0.00e+00  psnr=16.1  cos=0.6793
[epoch 64 step 175]  loss=5.59e-01  l1=5.59e-01  l2=0.00e+00  psnr=15.0  cos=0.6255
[epoch 64 step 200]  loss=5.15e-01  l1=5.15e-01  l2=0.00e+00  psnr=15.7  cos=0.6508
[epoch 64 step 225]  loss=4.78e-01  l1=4.78e-01  l2=0.00e+00  psnr=16.1  cos=0.6798
[epoch 64 step 250]  loss=5.00e-01  l1=5.00e-01  l2=0.00e+00  psnr=15.9  cos=0.6602
[epoch 64 step 275]  loss=5.35e-01  l1=5.35e-01  l2=0.00e+00  psnr=15.6  cos=0.6358
[epoch 64 step 300]  loss=5.26e-01  l1=5.26e-01  l2=0.00e+00  psnr=15.6  cos=0.6377
[epoch 64 step 325]  loss=4.89e-01  l1=4.89e-01  l2=0.00e+00  psnr=16.0  cos=0.6591
[epoch 64 step 350]  loss=5.05e-01  l1=5.05e-01  l2=0.00e+00  psnr=15.9  cos=0.6590
[epoch 64 step 375]  loss=4.86e-01  l1=4.86e-01  l2=0.00e+00  psnr=15.9  cos=0.6798
[epoch 64 step 400]  loss=4.97e-01  l1=4.97e-01  l2=0.00e+00  psnr=15.9  cos=0.6621
[epoch 64 step 425]  loss=5.02e-01  l1=5.02e-01  l2=0.00e+00  psnr=15.8  cos=0.6688
[epoch 64 step 450]  loss=4.99e-01  l1=4.99e-01  l2=0.00e+00  psnr=16.1  cos=0.6510
[epoch 64 step 475]  loss=5.03e-01  l1=5.03e-01  l2=0.00e+00  psnr=15.9  cos=0.6484
[epoch 64 step 500]  loss=5.03e-01  l1=5.03e-01  l2=0.00e+00  psnr=15.8  cos=0.6300
[epoch 64 step 525]  loss=5.02e-01  l1=5.02e-01  l2=0.00e+00  psnr=15.8  cos=0.6593
[epoch 64 step 550]  loss=5.07e-01  l1=5.07e-01  l2=0.00e+00  psnr=16.0  cos=0.6416
[epoch 64 step 575]  loss=4.42e-01  l1=4.42e-01  l2=0.00e+00  psnr=16.7  cos=0.7011
[epoch 64 step 600]  loss=4.76e-01  l1=4.76e-01  l2=0.00e+00  psnr=16.4  cos=0.6603
[epoch 64 step 625]  loss=5.02e-01  l1=5.02e-01  l2=0.00e+00  psnr=16.0  cos=0.6640
[epoch 64 step 650]  loss=5.07e-01  l1=5.07e-01  l2=0.00e+00  psnr=15.9  cos=0.6500
[epoch 64 step 675]  loss=5.36e-01  l1=5.36e-01  l2=0.00e+00  psnr=15.2  cos=0.6398
[epoch 64 step 700]  loss=5.59e-01  l1=5.59e-01  l2=0.00e+00  psnr=15.1  cos=0.6005
[epoch 64 step 725]  loss=5.30e-01  l1=5.30e-01  l2=0.00e+00  psnr=15.4  cos=0.6412
[epoch 64 step 750]  loss=4.91e-01  l1=4.91e-01  l2=0.00e+00  psnr=15.9  cos=0.6638
[epoch 64 step 775]  loss=5.05e-01  l1=5.05e-01  l2=0.00e+00  psnr=15.9  cos=0.6456
[epoch 64 step 800]  loss=4.63e-01  l1=4.63e-01  l2=0.00e+00  psnr=16.3  cos=0.6823
[epoch 64 step 825]  loss=5.12e-01  l1=5.12e-01  l2=0.00e+00  psnr=15.8  cos=0.6486
[epoch 64 step 850]  loss=5.14e-01  l1=5.14e-01  l2=0.00e+00  psnr=15.7  cos=0.6365
[epoch 64 step 875]  loss=5.18e-01  l1=5.18e-01  l2=0.00e+00  psnr=15.4  cos=0.6658
[epoch 64 step 900]  loss=4.90e-01  l1=4.90e-01  l2=0.00e+00  psnr=16.1  cos=0.6597
[epoch 64 step 925]  loss=4.95e-01  l1=4.95e-01  l2=0.00e+00  psnr=16.0  cos=0.6688
[epoch 64 step 950]  loss=4.80e-01  l1=4.80e-01  l2=0.00e+00  psnr=16.3  cos=0.6843
[epoch 64 step 975]  loss=5.39e-01  l1=5.39e-01  l2=0.00e+00  psnr=15.2  cos=0.6437
[epoch 64 step 1000]  loss=5.38e-01  l1=5.38e-01  l2=0.00e+00  psnr=15.5  cos=0.6185
[epoch 64 step 1025]  loss=5.10e-01  l1=5.10e-01  l2=0.00e+00  psnr=15.8  cos=0.6389
[epoch 64 step 1050]  loss=5.25e-01  l1=5.25e-01  l2=0.00e+00  psnr=15.6  cos=0.6436
[epoch 64 step 1075]  loss=4.81e-01  l1=4.81e-01  l2=0.00e+00  psnr=16.2  cos=0.6789
[epoch 64 step 1100]  loss=5.22e-01  l1=5.22e-01  l2=0.00e+00  psnr=15.6  cos=0.6265
[epoch 64 step 1125]  loss=5.03e-01  l1=5.03e-01  l2=0.00e+00  psnr=15.8  cos=0.6519
[epoch 64 step 1150]  loss=5.28e-01  l1=5.28e-01  l2=0.00e+00  psnr=15.3  cos=0.6554
[epoch 64 step 1175]  loss=4.71e-01  l1=4.71e-01  l2=0.00e+00  psnr=16.3  cos=0.6755
[epoch 64 step 1200]  loss=5.44e-01  l1=5.44e-01  l2=0.00e+00  psnr=15.2  cos=0.6153
[epoch 64 step 1225]  loss=5.15e-01  l1=5.15e-01  l2=0.00e+00  psnr=15.8  cos=0.6460
[epoch 64 DONE]  final_loss=5.30e-01  psnr=15.80  cos=0.6460
[checkpoint] /workspace/runs/trial_toy_d3t/checkpoints/epoch_0064.pt
[val epoch 64]  latent_l1=0.5053  latent_l2=0.7548  latent_psnr=25.8967
[best] new best latent_psnr=25.8967 (prev=25.8834) -> /workspace/runs/trial_toy_d3t/checkpoints/best.pt
[epoch 65 step 000]  loss=5.05e-01  l1=5.05e-01  l2=0.00e+00  psnr=15.8  cos=0.6672
[epoch 65 step 025]  loss=5.18e-01  l1=5.18e-01  l2=0.00e+00  psnr=15.5  cos=0.6387
[epoch 65 step 050]  loss=5.10e-01  l1=5.10e-01  l2=0.00e+00  psnr=15.9  cos=0.6331
[epoch 65 step 075]  loss=4.82e-01  l1=4.82e-01  l2=0.00e+00  psnr=16.2  cos=0.6618
[epoch 65 step 100]  loss=4.80e-01  l1=4.80e-01  l2=0.00e+00  psnr=16.3  cos=0.6719
[epoch 65 step 125]  loss=5.07e-01  l1=5.07e-01  l2=0.00e+00  psnr=15.8  cos=0.6525
[epoch 65 step 150]  loss=5.25e-01  l1=5.25e-01  l2=0.00e+00  psnr=15.6  cos=0.6386
[epoch 65 step 175]  loss=4.98e-01  l1=4.98e-01  l2=0.00e+00  psnr=16.0  cos=0.6580
[epoch 65 step 200]  loss=4.99e-01  l1=4.99e-01  l2=0.00e+00  psnr=16.0  cos=0.6582
[epoch 65 step 225]  loss=4.98e-01  l1=4.98e-01  l2=0.00e+00  psnr=15.7  cos=0.6687
[epoch 65 step 250]  loss=4.90e-01  l1=4.90e-01  l2=0.00e+00  psnr=15.9  cos=0.6873
[epoch 65 step 275]  loss=4.64e-01  l1=4.64e-01  l2=0.00e+00  psnr=16.4  cos=0.6836
[epoch 65 step 300]  loss=5.29e-01  l1=5.29e-01  l2=0.00e+00  psnr=15.4  cos=0.6390
[epoch 65 step 325]  loss=5.15e-01  l1=5.15e-01  l2=0.00e+00  psnr=15.5  cos=0.6608
[epoch 65 step 350]  loss=4.68e-01  l1=4.68e-01  l2=0.00e+00  psnr=16.4  cos=0.6819
[epoch 65 step 375]  loss=4.83e-01  l1=4.83e-01  l2=0.00e+00  psnr=16.3  cos=0.6601
[epoch 65 step 400]  loss=5.34e-01  l1=5.34e-01  l2=0.00e+00  psnr=15.4  cos=0.6345
[epoch 65 step 425]  loss=4.97e-01  l1=4.97e-01  l2=0.00e+00  psnr=15.9  cos=0.6702
[epoch 65 step 450]  loss=5.37e-01  l1=5.37e-01  l2=0.00e+00  psnr=15.4  cos=0.6161
[epoch 65 step 475]  loss=5.27e-01  l1=5.27e-01  l2=0.00e+00  psnr=15.7  cos=0.6314
[epoch 65 step 500]  loss=5.05e-01  l1=5.05e-01  l2=0.00e+00  psnr=15.7  cos=0.6504
[epoch 65 step 525]  loss=4.93e-01  l1=4.93e-01  l2=0.00e+00  psnr=16.1  cos=0.6647
[epoch 65 step 550]  loss=5.41e-01  l1=5.41e-01  l2=0.00e+00  psnr=15.4  cos=0.6120
[epoch 65 step 575]  loss=4.77e-01  l1=4.77e-01  l2=0.00e+00  psnr=16.2  cos=0.6818
[epoch 65 step 600]  loss=5.12e-01  l1=5.12e-01  l2=0.00e+00  psnr=15.8  cos=0.6413
[epoch 65 step 625]  loss=4.89e-01  l1=4.89e-01  l2=0.00e+00  psnr=16.0  cos=0.6727
[epoch 65 step 650]  loss=5.37e-01  l1=5.37e-01  l2=0.00e+00  psnr=15.5  cos=0.6216
[epoch 65 step 675]  loss=5.20e-01  l1=5.20e-01  l2=0.00e+00  psnr=15.7  cos=0.6380
[epoch 65 step 700]  loss=5.51e-01  l1=5.51e-01  l2=0.00e+00  psnr=15.3  cos=0.6298
[epoch 65 step 725]  loss=5.71e-01  l1=5.71e-01  l2=0.00e+00  psnr=14.8  cos=0.6068
[epoch 65 step 750]  loss=4.93e-01  l1=4.93e-01  l2=0.00e+00  psnr=16.2  cos=0.6672
[epoch 65 step 775]  loss=5.81e-01  l1=5.81e-01  l2=0.00e+00  psnr=14.9  cos=0.5869
[epoch 65 step 800]  loss=5.03e-01  l1=5.03e-01  l2=0.00e+00  psnr=16.0  cos=0.6427
[epoch 65 step 825]  loss=5.03e-01  l1=5.03e-01  l2=0.00e+00  psnr=16.0  cos=0.6309
[epoch 65 step 850]  loss=4.96e-01  l1=4.96e-01  l2=0.00e+00  psnr=15.9  cos=0.6588
[epoch 65 step 875]  loss=5.16e-01  l1=5.16e-01  l2=0.00e+00  psnr=15.7  cos=0.6409
[epoch 65 step 900]  loss=5.47e-01  l1=5.47e-01  l2=0.00e+00  psnr=15.2  cos=0.6146
[epoch 65 step 925]  loss=4.91e-01  l1=4.91e-01  l2=0.00e+00  psnr=16.0  cos=0.6700
[epoch 65 step 950]  loss=5.21e-01  l1=5.21e-01  l2=0.00e+00  psnr=15.5  cos=0.6460
[epoch 65 step 975]  loss=5.39e-01  l1=5.39e-01  l2=0.00e+00  psnr=15.1  cos=0.6452
[epoch 65 step 1000]  loss=5.39e-01  l1=5.39e-01  l2=0.00e+00  psnr=15.4  cos=0.6200
[epoch 65 step 1025]  loss=5.04e-01  l1=5.04e-01  l2=0.00e+00  psnr=16.1  cos=0.6399
[epoch 65 step 1050]  loss=5.16e-01  l1=5.16e-01  l2=0.00e+00  psnr=15.6  cos=0.6407
[epoch 65 step 1075]  loss=5.05e-01  l1=5.05e-01  l2=0.00e+00  psnr=15.9  cos=0.6599
[epoch 65 step 1100]  loss=5.07e-01  l1=5.07e-01  l2=0.00e+00  psnr=15.8  cos=0.6588
[epoch 65 step 1125]  loss=5.17e-01  l1=5.17e-01  l2=0.00e+00  psnr=15.6  cos=0.6486
[epoch 65 step 1150]  loss=4.83e-01  l1=4.83e-01  l2=0.00e+00  psnr=16.3  cos=0.6702
[epoch 65 step 1175]  loss=4.99e-01  l1=4.99e-01  l2=0.00e+00  psnr=16.0  cos=0.6362
[epoch 65 step 1200]  loss=5.15e-01  l1=5.15e-01  l2=0.00e+00  psnr=15.5  cos=0.6635
[epoch 65 step 1225]  loss=4.99e-01  l1=4.99e-01  l2=0.00e+00  psnr=15.9  cos=0.6556
[epoch 65 DONE]  final_loss=5.22e-01  psnr=15.91  cos=0.6556
[checkpoint] /workspace/runs/trial_toy_d3t/checkpoints/epoch_0065.pt
[val epoch 65]  latent_l1=0.5051  latent_l2=0.7545  latent_psnr=25.9010
[best] new best latent_psnr=25.9010 (prev=25.8967) -> /workspace/runs/trial_toy_d3t/checkpoints/best.pt
[epoch 66 step 000]  loss=5.27e-01  l1=5.27e-01  l2=0.00e+00  psnr=15.6  cos=0.6336
[epoch 66 step 025]  loss=5.19e-01  l1=5.19e-01  l2=0.00e+00  psnr=15.9  cos=0.6261
[epoch 66 step 050]  loss=4.73e-01  l1=4.73e-01  l2=0.00e+00  psnr=16.3  cos=0.6705
[epoch 66 step 075]  loss=5.22e-01  l1=5.22e-01  l2=0.00e+00  psnr=15.8  cos=0.6336
[epoch 66 step 100]  loss=5.06e-01  l1=5.06e-01  l2=0.00e+00  psnr=15.8  cos=0.6569
[epoch 66 step 125]  loss=5.71e-01  l1=5.71e-01  l2=0.00e+00  psnr=15.0  cos=0.6107
[epoch 66 step 150]  loss=4.91e-01  l1=4.91e-01  l2=0.00e+00  psnr=16.2  cos=0.6618
[epoch 66 step 175]  loss=5.01e-01  l1=5.01e-01  l2=0.00e+00  psnr=16.0  cos=0.6554
[epoch 66 step 200]  loss=5.16e-01  l1=5.16e-01  l2=0.00e+00  psnr=15.8  cos=0.6326
[epoch 66 step 225]  loss=5.23e-01  l1=5.23e-01  l2=0.00e+00  psnr=15.6  cos=0.6532
[epoch 66 step 250]  loss=4.88e-01  l1=4.88e-01  l2=0.00e+00  psnr=16.1  cos=0.6752
[epoch 66 step 275]  loss=5.33e-01  l1=5.33e-01  l2=0.00e+00  psnr=15.2  cos=0.6451
[epoch 66 step 300]  loss=4.89e-01  l1=4.89e-01  l2=0.00e+00  psnr=16.3  cos=0.6528
[epoch 66 step 325]  loss=4.88e-01  l1=4.88e-01  l2=0.00e+00  psnr=15.8  cos=0.6803
[epoch 66 step 350]  loss=5.00e-01  l1=5.00e-01  l2=0.00e+00  psnr=15.9  cos=0.6585
[epoch 66 step 375]  loss=4.93e-01  l1=4.93e-01  l2=0.00e+00  psnr=15.9  cos=0.6577
[epoch 66 step 400]  loss=5.31e-01  l1=5.31e-01  l2=0.00e+00  psnr=15.6  cos=0.6202
[epoch 66 step 425]  loss=5.17e-01  l1=5.17e-01  l2=0.00e+00  psnr=15.6  cos=0.6532
[epoch 66 step 450]  loss=5.21e-01  l1=5.21e-01  l2=0.00e+00  psnr=15.8  cos=0.6304
[epoch 66 step 475]  loss=5.60e-01  l1=5.60e-01  l2=0.00e+00  psnr=15.3  cos=0.6152
[epoch 66 step 500]  loss=5.26e-01  l1=5.26e-01  l2=0.00e+00  psnr=15.5  cos=0.6469
[epoch 66 step 525]  loss=5.20e-01  l1=5.20e-01  l2=0.00e+00  psnr=15.5  cos=0.6426
[epoch 66 step 550]  loss=4.93e-01  l1=4.93e-01  l2=0.00e+00  psnr=15.8  cos=0.6811
[epoch 66 step 575]  loss=4.92e-01  l1=4.92e-01  l2=0.00e+00  psnr=16.1  cos=0.6626
[epoch 66 step 600]  loss=5.29e-01  l1=5.29e-01  l2=0.00e+00  psnr=15.4  cos=0.6464
[epoch 66 step 625]  loss=4.95e-01  l1=4.95e-01  l2=0.00e+00  psnr=15.9  cos=0.6600
[epoch 66 step 650]  loss=5.38e-01  l1=5.38e-01  l2=0.00e+00  psnr=15.4  cos=0.6289
[epoch 66 step 675]  loss=5.00e-01  l1=5.00e-01  l2=0.00e+00  psnr=16.1  cos=0.6544
[epoch 66 step 700]  loss=4.85e-01  l1=4.85e-01  l2=0.00e+00  psnr=16.2  cos=0.6819
[epoch 66 step 725]  loss=5.02e-01  l1=5.02e-01  l2=0.00e+00  psnr=15.9  cos=0.6616
[epoch 66 step 750]  loss=5.10e-01  l1=5.10e-01  l2=0.00e+00  psnr=15.6  cos=0.6581
[epoch 66 step 775]  loss=5.52e-01  l1=5.52e-01  l2=0.00e+00  psnr=15.2  cos=0.6194
[epoch 66 step 800]  loss=5.15e-01  l1=5.15e-01  l2=0.00e+00  psnr=15.4  cos=0.6613
[epoch 66 step 825]  loss=5.26e-01  l1=5.26e-01  l2=0.00e+00  psnr=15.6  cos=0.6231
[epoch 66 step 850]  loss=5.29e-01  l1=5.29e-01  l2=0.00e+00  psnr=15.5  cos=0.6387
[epoch 66 step 875]  loss=4.82e-01  l1=4.82e-01  l2=0.00e+00  psnr=16.3  cos=0.6711
[epoch 66 step 900]  loss=4.87e-01  l1=4.87e-01  l2=0.00e+00  psnr=15.8  cos=0.6745
[epoch 66 step 925]  loss=5.05e-01  l1=5.05e-01  l2=0.00e+00  psnr=16.0  cos=0.6452
[epoch 66 step 950]  loss=4.84e-01  l1=4.84e-01  l2=0.00e+00  psnr=16.1  cos=0.6812
[epoch 66 step 975]  loss=4.93e-01  l1=4.93e-01  l2=0.00e+00  psnr=16.0  cos=0.6470
[epoch 66 step 1000]  loss=5.23e-01  l1=5.23e-01  l2=0.00e+00  psnr=15.6  cos=0.6331
[epoch 66 step 1025]  loss=5.46e-01  l1=5.46e-01  l2=0.00e+00  psnr=15.2  cos=0.6175
[epoch 66 step 1050]  loss=5.04e-01  l1=5.04e-01  l2=0.00e+00  psnr=15.8  cos=0.6503
[epoch 66 step 1075]  loss=4.73e-01  l1=4.73e-01  l2=0.00e+00  psnr=16.5  cos=0.6758
[epoch 66 step 1100]  loss=5.08e-01  l1=5.08e-01  l2=0.00e+00  psnr=15.8  cos=0.6522
[epoch 66 step 1125]  loss=5.18e-01  l1=5.18e-01  l2=0.00e+00  psnr=15.7  cos=0.6406
[epoch 66 step 1150]  loss=5.06e-01  l1=5.06e-01  l2=0.00e+00  psnr=15.7  cos=0.6586
[epoch 66 step 1175]  loss=5.20e-01  l1=5.20e-01  l2=0.00e+00  psnr=15.4  cos=0.6614
[epoch 66 step 1200]  loss=5.03e-01  l1=5.03e-01  l2=0.00e+00  psnr=15.9  cos=0.6387
[epoch 66 step 1225]  loss=5.43e-01  l1=5.43e-01  l2=0.00e+00  psnr=15.4  cos=0.6132
[epoch 66 DONE]  final_loss=5.09e-01  psnr=15.44  cos=0.6132
[checkpoint] /workspace/runs/trial_toy_d3t/checkpoints/epoch_0066.pt
[val epoch 66]  latent_l1=0.5046  latent_l2=0.7543  latent_psnr=25.9024
[best] new best latent_psnr=25.9024 (prev=25.9010) -> /workspace/runs/trial_toy_d3t/checkpoints/best.pt
[epoch 67 step 000]  loss=5.29e-01  l1=5.29e-01  l2=0.00e+00  psnr=15.4  cos=0.6338
[epoch 67 step 025]  loss=5.01e-01  l1=5.01e-01  l2=0.00e+00  psnr=15.8  cos=0.6630
[epoch 67 step 050]  loss=5.25e-01  l1=5.25e-01  l2=0.00e+00  psnr=15.3  cos=0.6441
[epoch 67 step 075]  loss=4.99e-01  l1=4.99e-01  l2=0.00e+00  psnr=15.9  cos=0.6615
[epoch 67 step 100]  loss=5.14e-01  l1=5.14e-01  l2=0.00e+00  psnr=15.6  cos=0.6247
[epoch 67 step 125]  loss=5.10e-01  l1=5.10e-01  l2=0.00e+00  psnr=15.8  cos=0.6520
[epoch 67 step 150]  loss=4.60e-01  l1=4.60e-01  l2=0.00e+00  psnr=16.4  cos=0.6698
[epoch 67 step 175]  loss=4.93e-01  l1=4.93e-01  l2=0.00e+00  psnr=16.1  cos=0.6543
[epoch 67 step 200]  loss=5.14e-01  l1=5.14e-01  l2=0.00e+00  psnr=15.9  cos=0.6300
[epoch 67 step 225]  loss=5.19e-01  l1=5.19e-01  l2=0.00e+00  psnr=15.6  cos=0.6372
[epoch 67 step 250]  loss=5.01e-01  l1=5.01e-01  l2=0.00e+00  psnr=15.9  cos=0.6591
[epoch 67 step 275]  loss=4.93e-01  l1=4.93e-01  l2=0.00e+00  psnr=16.0  cos=0.6634
[epoch 67 step 300]  loss=5.57e-01  l1=5.57e-01  l2=0.00e+00  psnr=15.1  cos=0.6140
[epoch 67 step 325]  loss=5.12e-01  l1=5.12e-01  l2=0.00e+00  psnr=15.7  cos=0.6507
[epoch 67 step 350]  loss=4.93e-01  l1=4.93e-01  l2=0.00e+00  psnr=16.2  cos=0.6524
[epoch 67 step 375]  loss=4.64e-01  l1=4.64e-01  l2=0.00e+00  psnr=16.3  cos=0.6797
[epoch 67 step 400]  loss=4.90e-01  l1=4.90e-01  l2=0.00e+00  psnr=16.1  cos=0.6655
[epoch 67 step 425]  loss=5.24e-01  l1=5.24e-01  l2=0.00e+00  psnr=15.5  cos=0.6357
[epoch 67 step 450]  loss=5.10e-01  l1=5.10e-01  l2=0.00e+00  psnr=16.0  cos=0.6397
[epoch 67 step 475]  loss=5.09e-01  l1=5.09e-01  l2=0.00e+00  psnr=15.8  cos=0.6502
[epoch 67 step 500]  loss=5.03e-01  l1=5.03e-01  l2=0.00e+00  psnr=15.8  cos=0.6463
[epoch 67 step 525]  loss=4.89e-01  l1=4.89e-01  l2=0.00e+00  psnr=16.1  cos=0.6785
[epoch 67 step 550]  loss=5.14e-01  l1=5.14e-01  l2=0.00e+00  psnr=15.7  cos=0.6606
[epoch 67 step 575]  loss=5.05e-01  l1=5.05e-01  l2=0.00e+00  psnr=15.7  cos=0.6472
[epoch 67 step 600]  loss=5.18e-01  l1=5.18e-01  l2=0.00e+00  psnr=15.7  cos=0.6372
[epoch 67 step 625]  loss=4.76e-01  l1=4.76e-01  l2=0.00e+00  psnr=16.3  cos=0.6721
[epoch 67 step 650]  loss=5.25e-01  l1=5.25e-01  l2=0.00e+00  psnr=15.5  cos=0.6411
[epoch 67 step 675]  loss=5.16e-01  l1=5.16e-01  l2=0.00e+00  psnr=15.7  cos=0.6440
[epoch 67 step 700]  loss=4.75e-01  l1=4.75e-01  l2=0.00e+00  psnr=16.2  cos=0.6822
[epoch 67 step 725]  loss=4.92e-01  l1=4.92e-01  l2=0.00e+00  psnr=15.9  cos=0.6543
[epoch 67 step 750]  loss=4.58e-01  l1=4.58e-01  l2=0.00e+00  psnr=16.4  cos=0.6972
[epoch 67 step 775]  loss=4.99e-01  l1=4.99e-01  l2=0.00e+00  psnr=15.8  cos=0.6564
[epoch 67 step 800]  loss=5.17e-01  l1=5.17e-01  l2=0.00e+00  psnr=15.6  cos=0.6506
[epoch 67 step 825]  loss=4.91e-01  l1=4.91e-01  l2=0.00e+00  psnr=15.8  cos=0.6758
[epoch 67 step 850]  loss=5.00e-01  l1=5.00e-01  l2=0.00e+00  psnr=15.9  cos=0.6562
[epoch 67 step 875]  loss=5.30e-01  l1=5.30e-01  l2=0.00e+00  psnr=15.3  cos=0.6407
[epoch 67 step 900]  loss=4.99e-01  l1=4.99e-01  l2=0.00e+00  psnr=16.1  cos=0.6477
[epoch 67 step 925]  loss=5.05e-01  l1=5.05e-01  l2=0.00e+00  psnr=16.1  cos=0.6439
[epoch 67 step 950]  loss=5.25e-01  l1=5.25e-01  l2=0.00e+00  psnr=15.5  cos=0.6378
[epoch 67 step 975]  loss=5.06e-01  l1=5.06e-01  l2=0.00e+00  psnr=15.6  cos=0.6656
[epoch 67 step 1000]  loss=5.20e-01  l1=5.20e-01  l2=0.00e+00  psnr=15.7  cos=0.6451
[epoch 67 step 1025]  loss=4.89e-01  l1=4.89e-01  l2=0.00e+00  psnr=15.9  cos=0.6672
[epoch 67 step 1050]  loss=5.45e-01  l1=5.45e-01  l2=0.00e+00  psnr=15.2  cos=0.6259
[epoch 67 step 1075]  loss=4.80e-01  l1=4.80e-01  l2=0.00e+00  psnr=16.1  cos=0.6788
[epoch 67 step 1100]  loss=4.77e-01  l1=4.77e-01  l2=0.00e+00  psnr=16.4  cos=0.6667
[epoch 67 step 1125]  loss=4.83e-01  l1=4.83e-01  l2=0.00e+00  psnr=16.1  cos=0.6725
[epoch 67 step 1150]  loss=4.83e-01  l1=4.83e-01  l2=0.00e+00  psnr=16.0  cos=0.6628
[epoch 67 step 1175]  loss=4.97e-01  l1=4.97e-01  l2=0.00e+00  psnr=15.9  cos=0.6638
[epoch 67 step 1200]  loss=5.49e-01  l1=5.49e-01  l2=0.00e+00  psnr=15.0  cos=0.6354
[epoch 67 step 1225]  loss=5.10e-01  l1=5.10e-01  l2=0.00e+00  psnr=15.6  cos=0.6649
[epoch 67 DONE]  final_loss=5.21e-01  psnr=15.64  cos=0.6649
[checkpoint] /workspace/runs/trial_toy_d3t/checkpoints/epoch_0067.pt
[val epoch 67]  latent_l1=0.5069  latent_l2=0.7561  latent_psnr=25.8826
[epoch 68 step 000]  loss=4.90e-01  l1=4.90e-01  l2=0.00e+00  psnr=15.8  cos=0.6834
[epoch 68 step 025]  loss=4.99e-01  l1=4.99e-01  l2=0.00e+00  psnr=15.9  cos=0.6758
[epoch 68 step 050]  loss=5.41e-01  l1=5.41e-01  l2=0.00e+00  psnr=15.3  cos=0.6389
[epoch 68 step 075]  loss=4.99e-01  l1=4.99e-01  l2=0.00e+00  psnr=15.8  cos=0.6603
[epoch 68 step 100]  loss=5.06e-01  l1=5.06e-01  l2=0.00e+00  psnr=15.9  cos=0.6539
[epoch 68 step 125]  loss=4.94e-01  l1=4.94e-01  l2=0.00e+00  psnr=15.8  cos=0.6515
[epoch 68 step 150]  loss=5.11e-01  l1=5.11e-01  l2=0.00e+00  psnr=15.9  cos=0.6432
[epoch 68 step 175]  loss=5.07e-01  l1=5.07e-01  l2=0.00e+00  psnr=15.7  cos=0.6663
[epoch 68 step 200]  loss=5.08e-01  l1=5.08e-01  l2=0.00e+00  psnr=15.6  cos=0.6443
[epoch 68 step 225]  loss=5.27e-01  l1=5.27e-01  l2=0.00e+00  psnr=15.3  cos=0.6543
[epoch 68 step 250]  loss=4.61e-01  l1=4.61e-01  l2=0.00e+00  psnr=16.2  cos=0.6822
[epoch 68 step 275]  loss=4.92e-01  l1=4.92e-01  l2=0.00e+00  psnr=16.0  cos=0.6583
[epoch 68 step 300]  loss=5.09e-01  l1=5.09e-01  l2=0.00e+00  psnr=15.9  cos=0.6510
[epoch 68 step 325]  loss=5.52e-01  l1=5.52e-01  l2=0.00e+00  psnr=15.3  cos=0.6123
[epoch 68 step 350]  loss=4.99e-01  l1=4.99e-01  l2=0.00e+00  psnr=15.9  cos=0.6451
[epoch 68 step 375]  loss=4.89e-01  l1=4.89e-01  l2=0.00e+00  psnr=15.9  cos=0.6779
[epoch 68 step 400]  loss=4.99e-01  l1=4.99e-01  l2=0.00e+00  psnr=16.0  cos=0.6560
[epoch 68 step 425]  loss=5.09e-01  l1=5.09e-01  l2=0.00e+00  psnr=15.8  cos=0.6581
[epoch 68 step 450]  loss=5.39e-01  l1=5.39e-01  l2=0.00e+00  psnr=15.5  cos=0.6270
[epoch 68 step 475]  loss=4.96e-01  l1=4.96e-01  l2=0.00e+00  psnr=16.2  cos=0.6372
[epoch 68 step 500]  loss=5.03e-01  l1=5.03e-01  l2=0.00e+00  psnr=15.9  cos=0.6490
[epoch 68 step 525]  loss=4.61e-01  l1=4.61e-01  l2=0.00e+00  psnr=16.4  cos=0.6774
[epoch 68 step 550]  loss=4.73e-01  l1=4.73e-01  l2=0.00e+00  psnr=16.2  cos=0.6768
[epoch 68 step 575]  loss=4.64e-01  l1=4.64e-01  l2=0.00e+00  psnr=16.6  cos=0.6806
[epoch 68 step 600]  loss=5.10e-01  l1=5.10e-01  l2=0.00e+00  psnr=16.0  cos=0.6329
[epoch 68 step 625]  loss=4.92e-01  l1=4.92e-01  l2=0.00e+00  psnr=16.1  cos=0.6481
[epoch 68 step 650]  loss=5.35e-01  l1=5.35e-01  l2=0.00e+00  psnr=15.4  cos=0.6363
[epoch 68 step 675]  loss=4.91e-01  l1=4.91e-01  l2=0.00e+00  psnr=16.1  cos=0.6630
[epoch 68 step 700]  loss=5.22e-01  l1=5.22e-01  l2=0.00e+00  psnr=15.7  cos=0.6404
[epoch 68 step 725]  loss=5.10e-01  l1=5.10e-01  l2=0.00e+00  psnr=15.7  cos=0.6554
[epoch 68 step 750]  loss=4.96e-01  l1=4.96e-01  l2=0.00e+00  psnr=16.1  cos=0.6683
[epoch 68 step 775]  loss=5.25e-01  l1=5.25e-01  l2=0.00e+00  psnr=15.4  cos=0.6440
[epoch 68 step 800]  loss=4.99e-01  l1=4.99e-01  l2=0.00e+00  psnr=15.9  cos=0.6553
[epoch 68 step 825]  loss=5.25e-01  l1=5.25e-01  l2=0.00e+00  psnr=15.5  cos=0.6494
[epoch 68 step 850]  loss=4.71e-01  l1=4.71e-01  l2=0.00e+00  psnr=16.2  cos=0.6770
[epoch 68 step 875]  loss=5.24e-01  l1=5.24e-01  l2=0.00e+00  psnr=15.5  cos=0.6573
[epoch 68 step 900]  loss=4.98e-01  l1=4.98e-01  l2=0.00e+00  psnr=15.7  cos=0.6681
[epoch 68 step 925]  loss=5.13e-01  l1=5.13e-01  l2=0.00e+00  psnr=15.6  cos=0.6524
[epoch 68 step 950]  loss=5.37e-01  l1=5.37e-01  l2=0.00e+00  psnr=15.5  cos=0.6188
[epoch 68 step 975]  loss=5.25e-01  l1=5.25e-01  l2=0.00e+00  psnr=15.7  cos=0.6425
[epoch 68 step 1000]  loss=5.39e-01  l1=5.39e-01  l2=0.00e+00  psnr=15.4  cos=0.6303
[epoch 68 step 1025]  loss=4.92e-01  l1=4.92e-01  l2=0.00e+00  psnr=16.0  cos=0.6477
[epoch 68 step 1050]  loss=5.01e-01  l1=5.01e-01  l2=0.00e+00  psnr=15.9  cos=0.6706
[epoch 68 step 1075]  loss=5.09e-01  l1=5.09e-01  l2=0.00e+00  psnr=15.7  cos=0.6446
[epoch 68 step 1100]  loss=4.85e-01  l1=4.85e-01  l2=0.00e+00  psnr=16.1  cos=0.6721
[epoch 68 step 1125]  loss=5.13e-01  l1=5.13e-01  l2=0.00e+00  psnr=15.8  cos=0.6303
[epoch 68 step 1150]  loss=5.02e-01  l1=5.02e-01  l2=0.00e+00  psnr=15.9  cos=0.6602
[epoch 68 step 1175]  loss=5.23e-01  l1=5.23e-01  l2=0.00e+00  psnr=15.6  cos=0.6381
[epoch 68 step 1200]  loss=5.12e-01  l1=5.12e-01  l2=0.00e+00  psnr=15.9  cos=0.6543
[epoch 68 step 1225]  loss=5.09e-01  l1=5.09e-01  l2=0.00e+00  psnr=15.7  cos=0.6447
[epoch 68 DONE]  final_loss=5.19e-01  psnr=15.71  cos=0.6447
[checkpoint] /workspace/runs/trial_toy_d3t/checkpoints/epoch_0068.pt
[val epoch 68]  latent_l1=0.5044  latent_l2=0.7540  latent_psnr=25.9067
[best] new best latent_psnr=25.9067 (prev=25.9024) -> /workspace/runs/trial_toy_d3t/checkpoints/best.pt
[epoch 69 step 000]  loss=4.94e-01  l1=4.94e-01  l2=0.00e+00  psnr=15.6  cos=0.6770
[epoch 69 step 025]  loss=4.88e-01  l1=4.88e-01  l2=0.00e+00  psnr=15.9  cos=0.6764
[epoch 69 step 050]  loss=5.17e-01  l1=5.17e-01  l2=0.00e+00  psnr=15.6  cos=0.6600
[epoch 69 step 075]  loss=5.08e-01  l1=5.08e-01  l2=0.00e+00  psnr=15.8  cos=0.6557
[epoch 69 step 100]  loss=4.99e-01  l1=4.99e-01  l2=0.00e+00  psnr=15.9  cos=0.6441
[epoch 69 step 125]  loss=5.09e-01  l1=5.09e-01  l2=0.00e+00  psnr=15.6  cos=0.6488
[epoch 69 step 150]  loss=5.15e-01  l1=5.15e-01  l2=0.00e+00  psnr=15.7  cos=0.6521
[epoch 69 step 175]  loss=5.49e-01  l1=5.49e-01  l2=0.00e+00  psnr=15.3  cos=0.6226
[epoch 69 step 200]  loss=4.75e-01  l1=4.75e-01  l2=0.00e+00  psnr=16.0  cos=0.6906
[epoch 69 step 225]  loss=4.82e-01  l1=4.82e-01  l2=0.00e+00  psnr=16.1  cos=0.6617
[epoch 69 step 250]  loss=5.07e-01  l1=5.07e-01  l2=0.00e+00  psnr=16.0  cos=0.6323
[epoch 69 step 275]  loss=5.10e-01  l1=5.10e-01  l2=0.00e+00  psnr=15.7  cos=0.6390
[epoch 69 step 300]  loss=5.31e-01  l1=5.31e-01  l2=0.00e+00  psnr=15.6  cos=0.6257
[epoch 69 step 325]  loss=5.24e-01  l1=5.24e-01  l2=0.00e+00  psnr=15.7  cos=0.6424
[epoch 69 step 350]  loss=4.84e-01  l1=4.84e-01  l2=0.00e+00  psnr=16.3  cos=0.6662
[epoch 69 step 375]  loss=5.41e-01  l1=5.41e-01  l2=0.00e+00  psnr=15.3  cos=0.6272
[epoch 69 step 400]  loss=5.20e-01  l1=5.20e-01  l2=0.00e+00  psnr=15.6  cos=0.6605
[epoch 69 step 425]  loss=4.94e-01  l1=4.94e-01  l2=0.00e+00  psnr=15.8  cos=0.6565
[epoch 69 step 450]  loss=4.84e-01  l1=4.84e-01  l2=0.00e+00  psnr=16.2  cos=0.6729
[epoch 69 step 475]  loss=5.06e-01  l1=5.06e-01  l2=0.00e+00  psnr=15.9  cos=0.6548
[epoch 69 step 500]  loss=5.01e-01  l1=5.01e-01  l2=0.00e+00  psnr=15.9  cos=0.6580
[epoch 69 step 525]  loss=4.99e-01  l1=4.99e-01  l2=0.00e+00  psnr=16.1  cos=0.6494
[epoch 69 step 550]  loss=4.87e-01  l1=4.87e-01  l2=0.00e+00  psnr=16.0  cos=0.6686
[epoch 69 step 575]  loss=5.24e-01  l1=5.24e-01  l2=0.00e+00  psnr=15.8  cos=0.6277
[epoch 69 step 600]  loss=5.21e-01  l1=5.21e-01  l2=0.00e+00  psnr=15.6  cos=0.6409
[epoch 69 step 625]  loss=5.15e-01  l1=5.15e-01  l2=0.00e+00  psnr=15.7  cos=0.6513
[epoch 69 step 650]  loss=4.81e-01  l1=4.81e-01  l2=0.00e+00  psnr=16.2  cos=0.6677
[epoch 69 step 675]  loss=4.90e-01  l1=4.90e-01  l2=0.00e+00  psnr=16.1  cos=0.6726
[epoch 69 step 700]  loss=4.74e-01  l1=4.74e-01  l2=0.00e+00  psnr=16.3  cos=0.6696
[epoch 69 step 725]  loss=4.93e-01  l1=4.93e-01  l2=0.00e+00  psnr=16.2  cos=0.6592
[epoch 69 step 750]  loss=5.20e-01  l1=5.20e-01  l2=0.00e+00  psnr=15.8  cos=0.6334
[epoch 69 step 775]  loss=4.97e-01  l1=4.97e-01  l2=0.00e+00  psnr=15.9  cos=0.6572
[epoch 69 step 800]  loss=4.85e-01  l1=4.85e-01  l2=0.00e+00  psnr=15.9  cos=0.6706
[epoch 69 step 825]  loss=5.02e-01  l1=5.02e-01  l2=0.00e+00  psnr=15.9  cos=0.6501
[epoch 69 step 850]  loss=4.84e-01  l1=4.84e-01  l2=0.00e+00  psnr=16.3  cos=0.6578
[epoch 69 step 875]  loss=4.85e-01  l1=4.85e-01  l2=0.00e+00  psnr=16.2  cos=0.6782
[epoch 69 step 900]  loss=4.78e-01  l1=4.78e-01  l2=0.00e+00  psnr=16.2  cos=0.6853
[epoch 69 step 925]  loss=4.87e-01  l1=4.87e-01  l2=0.00e+00  psnr=16.0  cos=0.6773
[epoch 69 step 950]  loss=5.64e-01  l1=5.64e-01  l2=0.00e+00  psnr=15.1  cos=0.6314
[epoch 69 step 975]  loss=5.03e-01  l1=5.03e-01  l2=0.00e+00  psnr=15.8  cos=0.6645
[epoch 69 step 1000]  loss=4.64e-01  l1=4.64e-01  l2=0.00e+00  psnr=16.5  cos=0.6935
[epoch 69 step 1025]  loss=5.01e-01  l1=5.01e-01  l2=0.00e+00  psnr=15.9  cos=0.6522
[epoch 69 step 1050]  loss=5.04e-01  l1=5.04e-01  l2=0.00e+00  psnr=15.9  cos=0.6481
[epoch 69 step 1075]  loss=5.23e-01  l1=5.23e-01  l2=0.00e+00  psnr=15.6  cos=0.6303
[epoch 69 step 1100]  loss=5.08e-01  l1=5.08e-01  l2=0.00e+00  psnr=16.0  cos=0.6588
[epoch 69 step 1125]  loss=5.23e-01  l1=5.23e-01  l2=0.00e+00  psnr=15.4  cos=0.6511
[epoch 69 step 1150]  loss=4.79e-01  l1=4.79e-01  l2=0.00e+00  psnr=16.0  cos=0.6705
[epoch 69 step 1175]  loss=4.94e-01  l1=4.94e-01  l2=0.00e+00  psnr=16.2  cos=0.6579
[epoch 69 step 1200]  loss=5.01e-01  l1=5.01e-01  l2=0.00e+00  psnr=15.8  cos=0.6759
[epoch 69 step 1225]  loss=4.87e-01  l1=4.87e-01  l2=0.00e+00  psnr=16.2  cos=0.6726
[epoch 69 DONE]  final_loss=5.33e-01  psnr=16.20  cos=0.6726
[checkpoint] /workspace/runs/trial_toy_d3t/checkpoints/epoch_0069.pt
[val epoch 69]  latent_l1=0.5037  latent_l2=0.7525  latent_psnr=25.9234
[best] new best latent_psnr=25.9234 (prev=25.9067) -> /workspace/runs/trial_toy_d3t/checkpoints/best.pt
[epoch 70 step 000]  loss=5.12e-01  l1=5.12e-01  l2=0.00e+00  psnr=15.7  cos=0.6599
[epoch 70 step 025]  loss=4.99e-01  l1=4.99e-01  l2=0.00e+00  psnr=16.2  cos=0.6510
[epoch 70 step 050]  loss=5.24e-01  l1=5.24e-01  l2=0.00e+00  psnr=15.6  cos=0.6418
[epoch 70 step 075]  loss=4.92e-01  l1=4.92e-01  l2=0.00e+00  psnr=16.3  cos=0.6504
[epoch 70 step 100]  loss=4.80e-01  l1=4.80e-01  l2=0.00e+00  psnr=16.0  cos=0.6678
[epoch 70 step 125]  loss=4.83e-01  l1=4.83e-01  l2=0.00e+00  psnr=16.0  cos=0.6847
[epoch 70 step 150]  loss=5.15e-01  l1=5.15e-01  l2=0.00e+00  psnr=15.7  cos=0.6470
[epoch 70 step 175]  loss=4.46e-01  l1=4.46e-01  l2=0.00e+00  psnr=16.8  cos=0.6812
[epoch 70 step 200]  loss=4.83e-01  l1=4.83e-01  l2=0.00e+00  psnr=16.3  cos=0.6690
[epoch 70 step 225]  loss=4.88e-01  l1=4.88e-01  l2=0.00e+00  psnr=16.0  cos=0.6707
[epoch 70 step 250]  loss=4.96e-01  l1=4.96e-01  l2=0.00e+00  psnr=16.1  cos=0.6550
[epoch 70 step 275]  loss=4.74e-01  l1=4.74e-01  l2=0.00e+00  psnr=16.0  cos=0.6832
[epoch 70 step 300]  loss=5.14e-01  l1=5.14e-01  l2=0.00e+00  psnr=15.6  cos=0.6475
[epoch 70 step 325]  loss=4.95e-01  l1=4.95e-01  l2=0.00e+00  psnr=15.9  cos=0.6688
[epoch 70 step 350]  loss=5.05e-01  l1=5.05e-01  l2=0.00e+00  psnr=15.8  cos=0.6639
[epoch 70 step 375]  loss=4.88e-01  l1=4.88e-01  l2=0.00e+00  psnr=15.8  cos=0.6672
[epoch 70 step 400]  loss=5.41e-01  l1=5.41e-01  l2=0.00e+00  psnr=15.3  cos=0.6290
[epoch 70 step 425]  loss=5.11e-01  l1=5.11e-01  l2=0.00e+00  psnr=15.8  cos=0.6465
[epoch 70 step 450]  loss=4.96e-01  l1=4.96e-01  l2=0.00e+00  psnr=16.1  cos=0.6696
[epoch 70 step 475]  loss=5.00e-01  l1=5.00e-01  l2=0.00e+00  psnr=15.9  cos=0.6530
[epoch 70 step 500]  loss=4.98e-01  l1=4.98e-01  l2=0.00e+00  psnr=16.0  cos=0.6514
[epoch 70 step 525]  loss=5.03e-01  l1=5.03e-01  l2=0.00e+00  psnr=15.8  cos=0.6542
[epoch 70 step 550]  loss=4.91e-01  l1=4.91e-01  l2=0.00e+00  psnr=16.0  cos=0.6539
[epoch 70 step 575]  loss=5.11e-01  l1=5.11e-01  l2=0.00e+00  psnr=15.7  cos=0.6458
[epoch 70 step 600]  loss=5.07e-01  l1=5.07e-01  l2=0.00e+00  psnr=15.9  cos=0.6616
[epoch 70 step 625]  loss=5.20e-01  l1=5.20e-01  l2=0.00e+00  psnr=15.6  cos=0.6558
[epoch 70 step 650]  loss=4.83e-01  l1=4.83e-01  l2=0.00e+00  psnr=16.2  cos=0.6715
[epoch 70 step 675]  loss=5.47e-01  l1=5.47e-01  l2=0.00e+00  psnr=15.3  cos=0.6335
[epoch 70 step 700]  loss=5.37e-01  l1=5.37e-01  l2=0.00e+00  psnr=15.3  cos=0.6415
[epoch 70 step 725]  loss=5.23e-01  l1=5.23e-01  l2=0.00e+00  psnr=15.5  cos=0.6530
[epoch 70 step 750]  loss=4.87e-01  l1=4.87e-01  l2=0.00e+00  psnr=16.3  cos=0.6452
[epoch 70 step 775]  loss=5.32e-01  l1=5.32e-01  l2=0.00e+00  psnr=15.6  cos=0.6228
[epoch 70 step 800]  loss=4.93e-01  l1=4.93e-01  l2=0.00e+00  psnr=16.0  cos=0.6586
[epoch 70 step 825]  loss=5.25e-01  l1=5.25e-01  l2=0.00e+00  psnr=15.7  cos=0.6304
[epoch 70 step 850]  loss=5.05e-01  l1=5.05e-01  l2=0.00e+00  psnr=15.8  cos=0.6596
[epoch 70 step 875]  loss=5.31e-01  l1=5.31e-01  l2=0.00e+00  psnr=15.4  cos=0.6265
[epoch 70 step 900]  loss=4.92e-01  l1=4.92e-01  l2=0.00e+00  psnr=15.9  cos=0.6694
[epoch 70 step 925]  loss=5.16e-01  l1=5.16e-01  l2=0.00e+00  psnr=15.7  cos=0.6480
[epoch 70 step 950]  loss=5.26e-01  l1=5.26e-01  l2=0.00e+00  psnr=15.4  cos=0.6293
[epoch 70 step 975]  loss=5.43e-01  l1=5.43e-01  l2=0.00e+00  psnr=15.2  cos=0.6396
[epoch 70 step 1000]  loss=5.00e-01  l1=5.00e-01  l2=0.00e+00  psnr=16.0  cos=0.6448
[epoch 70 step 1025]  loss=4.85e-01  l1=4.85e-01  l2=0.00e+00  psnr=16.2  cos=0.6618
[epoch 70 step 1050]  loss=4.75e-01  l1=4.75e-01  l2=0.00e+00  psnr=16.2  cos=0.6731
[epoch 70 step 1075]  loss=5.09e-01  l1=5.09e-01  l2=0.00e+00  psnr=15.9  cos=0.6604
[epoch 70 step 1100]  loss=5.29e-01  l1=5.29e-01  l2=0.00e+00  psnr=15.3  cos=0.6526
[epoch 70 step 1125]  loss=5.29e-01  l1=5.29e-01  l2=0.00e+00  psnr=15.6  cos=0.6402
[epoch 70 step 1150]  loss=4.77e-01  l1=4.77e-01  l2=0.00e+00  psnr=16.3  cos=0.6884
[epoch 70 step 1175]  loss=4.99e-01  l1=4.99e-01  l2=0.00e+00  psnr=16.0  cos=0.6412
[epoch 70 step 1200]  loss=5.37e-01  l1=5.37e-01  l2=0.00e+00  psnr=15.4  cos=0.6426
[epoch 70 step 1225]  loss=5.15e-01  l1=5.15e-01  l2=0.00e+00  psnr=15.6  cos=0.6486
[epoch 70 DONE]  final_loss=5.11e-01  psnr=15.63  cos=0.6486
[checkpoint] /workspace/runs/trial_toy_d3t/checkpoints/epoch_0070.pt
[val epoch 70]  latent_l1=0.5039  latent_l2=0.7531  latent_psnr=25.9163
[epoch 71 step 000]  loss=4.80e-01  l1=4.80e-01  l2=0.00e+00  psnr=16.1  cos=0.6753
[epoch 71 step 025]  loss=4.81e-01  l1=4.81e-01  l2=0.00e+00  psnr=16.4  cos=0.6704
[epoch 71 step 050]  loss=5.07e-01  l1=5.07e-01  l2=0.00e+00  psnr=15.7  cos=0.6608
[epoch 71 step 075]  loss=5.31e-01  l1=5.31e-01  l2=0.00e+00  psnr=15.3  cos=0.6400
[epoch 71 step 100]  loss=5.23e-01  l1=5.23e-01  l2=0.00e+00  psnr=15.6  cos=0.6458
[epoch 71 step 125]  loss=4.92e-01  l1=4.92e-01  l2=0.00e+00  psnr=16.0  cos=0.6493
[epoch 71 step 150]  loss=5.11e-01  l1=5.11e-01  l2=0.00e+00  psnr=15.9  cos=0.6568
[epoch 71 step 175]  loss=5.38e-01  l1=5.38e-01  l2=0.00e+00  psnr=15.3  cos=0.6361
[epoch 71 step 200]  loss=4.75e-01  l1=4.75e-01  l2=0.00e+00  psnr=16.2  cos=0.6846
[epoch 71 step 225]  loss=4.82e-01  l1=4.82e-01  l2=0.00e+00  psnr=15.9  cos=0.6733
[epoch 71 step 250]  loss=5.26e-01  l1=5.26e-01  l2=0.00e+00  psnr=15.2  cos=0.6598
[epoch 71 step 275]  loss=4.79e-01  l1=4.79e-01  l2=0.00e+00  psnr=16.1  cos=0.6841
[epoch 71 step 300]  loss=5.27e-01  l1=5.27e-01  l2=0.00e+00  psnr=15.6  cos=0.6317
[epoch 71 step 325]  loss=4.74e-01  l1=4.74e-01  l2=0.00e+00  psnr=16.3  cos=0.6727
[epoch 71 step 350]  loss=5.25e-01  l1=5.25e-01  l2=0.00e+00  psnr=15.7  cos=0.6519
[epoch 71 step 375]  loss=5.21e-01  l1=5.21e-01  l2=0.00e+00  psnr=15.6  cos=0.6325
[epoch 71 step 400]  loss=4.93e-01  l1=4.93e-01  l2=0.00e+00  psnr=15.9  cos=0.6687
[epoch 71 step 425]  loss=5.10e-01  l1=5.10e-01  l2=0.00e+00  psnr=16.0  cos=0.6318
[epoch 71 step 450]  loss=4.99e-01  l1=4.99e-01  l2=0.00e+00  psnr=15.8  cos=0.6673
[epoch 71 step 475]  loss=4.71e-01  l1=4.71e-01  l2=0.00e+00  psnr=16.2  cos=0.6824
[epoch 71 step 500]  loss=5.21e-01  l1=5.21e-01  l2=0.00e+00  psnr=15.5  cos=0.6474
[epoch 71 step 525]  loss=4.95e-01  l1=4.95e-01  l2=0.00e+00  psnr=15.6  cos=0.6800
[epoch 71 step 550]  loss=5.19e-01  l1=5.19e-01  l2=0.00e+00  psnr=15.5  cos=0.6513
[epoch 71 step 575]  loss=4.98e-01  l1=4.98e-01  l2=0.00e+00  psnr=16.0  cos=0.6605
[epoch 71 step 600]  loss=5.22e-01  l1=5.22e-01  l2=0.00e+00  psnr=15.6  cos=0.6406
[epoch 71 step 625]  loss=5.29e-01  l1=5.29e-01  l2=0.00e+00  psnr=15.7  cos=0.6261
[epoch 71 step 650]  loss=4.77e-01  l1=4.77e-01  l2=0.00e+00  psnr=16.2  cos=0.6699
[epoch 71 step 675]  loss=4.67e-01  l1=4.67e-01  l2=0.00e+00  psnr=16.3  cos=0.6901
[epoch 71 step 700]  loss=5.27e-01  l1=5.27e-01  l2=0.00e+00  psnr=15.6  cos=0.6508
[epoch 71 step 725]  loss=5.09e-01  l1=5.09e-01  l2=0.00e+00  psnr=15.8  cos=0.6479
[epoch 71 step 750]  loss=4.98e-01  l1=4.98e-01  l2=0.00e+00  psnr=15.9  cos=0.6747
[epoch 71 step 775]  loss=4.91e-01  l1=4.91e-01  l2=0.00e+00  psnr=16.2  cos=0.6543
[epoch 71 step 800]  loss=5.36e-01  l1=5.36e-01  l2=0.00e+00  psnr=15.5  cos=0.6282
[epoch 71 step 825]  loss=5.07e-01  l1=5.07e-01  l2=0.00e+00  psnr=15.9  cos=0.6638
[epoch 71 step 850]  loss=5.16e-01  l1=5.16e-01  l2=0.00e+00  psnr=15.7  cos=0.6483
[epoch 71 step 875]  loss=5.17e-01  l1=5.17e-01  l2=0.00e+00  psnr=16.0  cos=0.6358
[epoch 71 step 900]  loss=5.56e-01  l1=5.56e-01  l2=0.00e+00  psnr=15.2  cos=0.6181
[epoch 71 step 925]  loss=5.29e-01  l1=5.29e-01  l2=0.00e+00  psnr=15.5  cos=0.6330
[epoch 71 step 950]  loss=4.89e-01  l1=4.89e-01  l2=0.00e+00  psnr=15.9  cos=0.6810
[epoch 71 step 975]  loss=5.18e-01  l1=5.18e-01  l2=0.00e+00  psnr=15.8  cos=0.6425
[epoch 71 step 1000]  loss=4.95e-01  l1=4.95e-01  l2=0.00e+00  psnr=16.1  cos=0.6475
[epoch 71 step 1025]  loss=5.04e-01  l1=5.04e-01  l2=0.00e+00  psnr=16.0  cos=0.6375
[epoch 71 step 1050]  loss=5.20e-01  l1=5.20e-01  l2=0.00e+00  psnr=15.9  cos=0.6364
[epoch 71 step 1075]  loss=4.77e-01  l1=4.77e-01  l2=0.00e+00  psnr=16.4  cos=0.6707
[epoch 71 step 1100]  loss=4.95e-01  l1=4.95e-01  l2=0.00e+00  psnr=16.1  cos=0.6535
[epoch 71 step 1125]  loss=5.10e-01  l1=5.10e-01  l2=0.00e+00  psnr=15.7  cos=0.6708
[epoch 71 step 1150]  loss=5.24e-01  l1=5.24e-01  l2=0.00e+00  psnr=15.7  cos=0.6449
[epoch 71 step 1175]  loss=5.26e-01  l1=5.26e-01  l2=0.00e+00  psnr=15.4  cos=0.6474
[epoch 71 step 1200]  loss=4.92e-01  l1=4.92e-01  l2=0.00e+00  psnr=15.8  cos=0.6624
[epoch 71 step 1225]  loss=4.90e-01  l1=4.90e-01  l2=0.00e+00  psnr=16.2  cos=0.6656
[epoch 71 DONE]  final_loss=5.23e-01  psnr=16.21  cos=0.6656
[checkpoint] /workspace/runs/trial_toy_d3t/checkpoints/epoch_0071.pt
[val epoch 71]  latent_l1=0.5029  latent_l2=0.7521  latent_psnr=25.9285
[best] new best latent_psnr=25.9285 (prev=25.9234) -> /workspace/runs/trial_toy_d3t/checkpoints/best.pt
[epoch 72 step 000]  loss=5.18e-01  l1=5.18e-01  l2=0.00e+00  psnr=15.7  cos=0.6534
[epoch 72 step 025]  loss=5.06e-01  l1=5.06e-01  l2=0.00e+00  psnr=15.8  cos=0.6606
[epoch 72 step 050]  loss=5.21e-01  l1=5.21e-01  l2=0.00e+00  psnr=15.5  cos=0.6323
[epoch 72 step 075]  loss=5.23e-01  l1=5.23e-01  l2=0.00e+00  psnr=15.7  cos=0.6348
[epoch 72 step 100]  loss=5.12e-01  l1=5.12e-01  l2=0.00e+00  psnr=15.8  cos=0.6555
[epoch 72 step 125]  loss=4.78e-01  l1=4.78e-01  l2=0.00e+00  psnr=16.1  cos=0.6660
[epoch 72 step 150]  loss=4.82e-01  l1=4.82e-01  l2=0.00e+00  psnr=16.1  cos=0.6708
[epoch 72 step 175]  loss=5.13e-01  l1=5.13e-01  l2=0.00e+00  psnr=15.8  cos=0.6446
[epoch 72 step 200]  loss=5.26e-01  l1=5.26e-01  l2=0.00e+00  psnr=15.7  cos=0.6429
[epoch 72 step 225]  loss=4.68e-01  l1=4.68e-01  l2=0.00e+00  psnr=16.3  cos=0.6763
[epoch 72 step 250]  loss=5.12e-01  l1=5.12e-01  l2=0.00e+00  psnr=15.6  cos=0.6479
[epoch 72 step 275]  loss=5.51e-01  l1=5.51e-01  l2=0.00e+00  psnr=15.3  cos=0.6130
[epoch 72 step 300]  loss=4.84e-01  l1=4.84e-01  l2=0.00e+00  psnr=16.1  cos=0.6598
[epoch 72 step 325]  loss=4.87e-01  l1=4.87e-01  l2=0.00e+00  psnr=16.2  cos=0.6559
[epoch 72 step 350]  loss=5.21e-01  l1=5.21e-01  l2=0.00e+00  psnr=15.5  cos=0.6428
[epoch 72 step 375]  loss=4.92e-01  l1=4.92e-01  l2=0.00e+00  psnr=15.7  cos=0.6725
[epoch 72 step 400]  loss=4.97e-01  l1=4.97e-01  l2=0.00e+00  psnr=15.8  cos=0.6652
[epoch 72 step 425]  loss=4.99e-01  l1=4.99e-01  l2=0.00e+00  psnr=15.7  cos=0.6743
[epoch 72 step 450]  loss=4.91e-01  l1=4.91e-01  l2=0.00e+00  psnr=16.2  cos=0.6466
[epoch 72 step 475]  loss=5.29e-01  l1=5.29e-01  l2=0.00e+00  psnr=15.6  cos=0.6214
[epoch 72 step 500]  loss=4.67e-01  l1=4.67e-01  l2=0.00e+00  psnr=16.4  cos=0.6846
[epoch 72 step 525]  loss=5.33e-01  l1=5.33e-01  l2=0.00e+00  psnr=15.4  cos=0.6206
[epoch 72 step 550]  loss=5.24e-01  l1=5.24e-01  l2=0.00e+00  psnr=15.6  cos=0.6375
[epoch 72 step 575]  loss=4.96e-01  l1=4.96e-01  l2=0.00e+00  psnr=16.0  cos=0.6455
[epoch 72 step 600]  loss=4.98e-01  l1=4.98e-01  l2=0.00e+00  psnr=16.0  cos=0.6566
[epoch 72 step 625]  loss=5.14e-01  l1=5.14e-01  l2=0.00e+00  psnr=15.7  cos=0.6502
[epoch 72 step 650]  loss=4.94e-01  l1=4.94e-01  l2=0.00e+00  psnr=16.0  cos=0.6669
[epoch 72 step 675]  loss=5.16e-01  l1=5.16e-01  l2=0.00e+00  psnr=15.9  cos=0.6363
[epoch 72 step 700]  loss=4.91e-01  l1=4.91e-01  l2=0.00e+00  psnr=16.1  cos=0.6702
[epoch 72 step 725]  loss=5.25e-01  l1=5.25e-01  l2=0.00e+00  psnr=15.4  cos=0.6407
[epoch 72 step 750]  loss=4.69e-01  l1=4.69e-01  l2=0.00e+00  psnr=16.5  cos=0.6778
[epoch 72 step 775]  loss=4.99e-01  l1=4.99e-01  l2=0.00e+00  psnr=16.1  cos=0.6618
[epoch 72 step 800]  loss=5.08e-01  l1=5.08e-01  l2=0.00e+00  psnr=16.0  cos=0.6448
[epoch 72 step 825]  loss=4.71e-01  l1=4.71e-01  l2=0.00e+00  psnr=16.3  cos=0.6844
[epoch 72 step 850]  loss=5.21e-01  l1=5.21e-01  l2=0.00e+00  psnr=15.6  cos=0.6543
[epoch 72 step 875]  loss=5.41e-01  l1=5.41e-01  l2=0.00e+00  psnr=15.2  cos=0.6356
[epoch 72 step 900]  loss=5.09e-01  l1=5.09e-01  l2=0.00e+00  psnr=15.7  cos=0.6482
[epoch 72 step 925]  loss=4.92e-01  l1=4.92e-01  l2=0.00e+00  psnr=16.0  cos=0.6643
[epoch 72 step 950]  loss=5.05e-01  l1=5.05e-01  l2=0.00e+00  psnr=16.0  cos=0.6516
[epoch 72 step 975]  loss=4.86e-01  l1=4.86e-01  l2=0.00e+00  psnr=16.1  cos=0.6604
[epoch 72 step 1000]  loss=4.82e-01  l1=4.82e-01  l2=0.00e+00  psnr=16.0  cos=0.6849
[epoch 72 step 1025]  loss=5.00e-01  l1=5.00e-01  l2=0.00e+00  psnr=15.8  cos=0.6582
[epoch 72 step 1050]  loss=5.00e-01  l1=5.00e-01  l2=0.00e+00  psnr=16.1  cos=0.6557
[epoch 72 step 1075]  loss=5.03e-01  l1=5.03e-01  l2=0.00e+00  psnr=16.1  cos=0.6494
[epoch 72 step 1100]  loss=4.84e-01  l1=4.84e-01  l2=0.00e+00  psnr=16.0  cos=0.6754
[epoch 72 step 1125]  loss=5.20e-01  l1=5.20e-01  l2=0.00e+00  psnr=15.4  cos=0.6532
[epoch 72 step 1150]  loss=5.09e-01  l1=5.09e-01  l2=0.00e+00  psnr=15.9  cos=0.6405
[epoch 72 step 1175]  loss=4.84e-01  l1=4.84e-01  l2=0.00e+00  psnr=16.2  cos=0.6702
[epoch 72 step 1200]  loss=5.05e-01  l1=5.05e-01  l2=0.00e+00  psnr=16.1  cos=0.6557
[epoch 72 step 1225]  loss=4.97e-01  l1=4.97e-01  l2=0.00e+00  psnr=16.1  cos=0.6568
[epoch 72 DONE]  final_loss=5.07e-01  psnr=16.05  cos=0.6568
[checkpoint] /workspace/runs/trial_toy_d3t/checkpoints/epoch_0072.pt
[val epoch 72]  latent_l1=0.5028  latent_l2=0.7522  latent_psnr=25.9272
[epoch 73 step 000]  loss=5.01e-01  l1=5.01e-01  l2=0.00e+00  psnr=15.8  cos=0.6738
[epoch 73 step 025]  loss=5.17e-01  l1=5.17e-01  l2=0.00e+00  psnr=15.7  cos=0.6505
[epoch 73 step 050]  loss=5.25e-01  l1=5.25e-01  l2=0.00e+00  psnr=15.4  cos=0.6330
[epoch 73 step 075]  loss=5.33e-01  l1=5.33e-01  l2=0.00e+00  psnr=15.4  cos=0.6394
[epoch 73 step 100]  loss=4.90e-01  l1=4.90e-01  l2=0.00e+00  psnr=16.3  cos=0.6532
[epoch 73 step 125]  loss=4.76e-01  l1=4.76e-01  l2=0.00e+00  psnr=16.4  cos=0.6807
[epoch 73 step 150]  loss=5.15e-01  l1=5.15e-01  l2=0.00e+00  psnr=15.7  cos=0.6454
[epoch 73 step 175]  loss=5.04e-01  l1=5.04e-01  l2=0.00e+00  psnr=15.9  cos=0.6477
[epoch 73 step 200]  loss=4.71e-01  l1=4.71e-01  l2=0.00e+00  psnr=16.1  cos=0.6914
[epoch 73 step 225]  loss=5.17e-01  l1=5.17e-01  l2=0.00e+00  psnr=15.7  cos=0.6570
[epoch 73 step 250]  loss=4.83e-01  l1=4.83e-01  l2=0.00e+00  psnr=16.0  cos=0.6854
[epoch 73 step 275]  loss=4.96e-01  l1=4.96e-01  l2=0.00e+00  psnr=15.9  cos=0.6670
[epoch 73 step 300]  loss=4.96e-01  l1=4.96e-01  l2=0.00e+00  psnr=16.0  cos=0.6501
[epoch 73 step 325]  loss=4.80e-01  l1=4.80e-01  l2=0.00e+00  psnr=16.4  cos=0.6739
[epoch 73 step 350]  loss=5.18e-01  l1=5.18e-01  l2=0.00e+00  psnr=15.9  cos=0.6370
[epoch 73 step 375]  loss=5.16e-01  l1=5.16e-01  l2=0.00e+00  psnr=15.9  cos=0.6341
[epoch 73 step 400]  loss=5.15e-01  l1=5.15e-01  l2=0.00e+00  psnr=15.8  cos=0.6486
[epoch 73 step 425]  loss=5.28e-01  l1=5.28e-01  l2=0.00e+00  psnr=15.7  cos=0.6143
[epoch 73 step 450]  loss=5.10e-01  l1=5.10e-01  l2=0.00e+00  psnr=15.7  cos=0.6541
[epoch 73 step 475]  loss=5.33e-01  l1=5.33e-01  l2=0.00e+00  psnr=15.7  cos=0.6278
[epoch 73 step 500]  loss=5.38e-01  l1=5.38e-01  l2=0.00e+00  psnr=15.5  cos=0.6249
[epoch 73 step 525]  loss=4.75e-01  l1=4.75e-01  l2=0.00e+00  psnr=16.3  cos=0.6695
[epoch 73 step 550]  loss=5.14e-01  l1=5.14e-01  l2=0.00e+00  psnr=15.6  cos=0.6464
[epoch 73 step 575]  loss=5.17e-01  l1=5.17e-01  l2=0.00e+00  psnr=15.7  cos=0.6521
[epoch 73 step 600]  loss=5.33e-01  l1=5.33e-01  l2=0.00e+00  psnr=15.5  cos=0.6370
[epoch 73 step 625]  loss=4.89e-01  l1=4.89e-01  l2=0.00e+00  psnr=16.1  cos=0.6604
[epoch 73 step 650]  loss=4.85e-01  l1=4.85e-01  l2=0.00e+00  psnr=16.2  cos=0.6702
[epoch 73 step 675]  loss=5.26e-01  l1=5.26e-01  l2=0.00e+00  psnr=15.5  cos=0.6392
[epoch 73 step 700]  loss=5.15e-01  l1=5.15e-01  l2=0.00e+00  psnr=15.8  cos=0.6394
[epoch 73 step 725]  loss=4.84e-01  l1=4.84e-01  l2=0.00e+00  psnr=15.7  cos=0.6919
[epoch 73 step 750]  loss=4.99e-01  l1=4.99e-01  l2=0.00e+00  psnr=16.0  cos=0.6642
[epoch 73 step 775]  loss=5.22e-01  l1=5.22e-01  l2=0.00e+00  psnr=15.8  cos=0.6204
[epoch 73 step 800]  loss=5.28e-01  l1=5.28e-01  l2=0.00e+00  psnr=15.5  cos=0.6240
[epoch 73 step 825]  loss=5.43e-01  l1=5.43e-01  l2=0.00e+00  psnr=15.3  cos=0.6169
[epoch 73 step 850]  loss=5.01e-01  l1=5.01e-01  l2=0.00e+00  psnr=16.1  cos=0.6570
[epoch 73 step 875]  loss=4.78e-01  l1=4.78e-01  l2=0.00e+00  psnr=16.3  cos=0.6895
[epoch 73 step 900]  loss=4.68e-01  l1=4.68e-01  l2=0.00e+00  psnr=16.3  cos=0.6799
[epoch 73 step 925]  loss=5.25e-01  l1=5.25e-01  l2=0.00e+00  psnr=15.2  cos=0.6539
[epoch 73 step 950]  loss=5.01e-01  l1=5.01e-01  l2=0.00e+00  psnr=16.0  cos=0.6639
[epoch 73 step 975]  loss=4.70e-01  l1=4.70e-01  l2=0.00e+00  psnr=16.4  cos=0.6764
[epoch 73 step 1000]  loss=4.87e-01  l1=4.87e-01  l2=0.00e+00  psnr=16.0  cos=0.6769
[epoch 73 step 1025]  loss=5.26e-01  l1=5.26e-01  l2=0.00e+00  psnr=15.3  cos=0.6499
[epoch 73 step 1050]  loss=5.05e-01  l1=5.05e-01  l2=0.00e+00  psnr=16.1  cos=0.6396
[epoch 73 step 1075]  loss=5.19e-01  l1=5.19e-01  l2=0.00e+00  psnr=15.7  cos=0.6282
[epoch 73 step 1100]  loss=5.41e-01  l1=5.41e-01  l2=0.00e+00  psnr=15.5  cos=0.6260
[epoch 73 step 1125]  loss=5.02e-01  l1=5.02e-01  l2=0.00e+00  psnr=16.2  cos=0.6530
[epoch 73 step 1150]  loss=4.89e-01  l1=4.89e-01  l2=0.00e+00  psnr=16.0  cos=0.6786
[epoch 73 step 1175]  loss=5.09e-01  l1=5.09e-01  l2=0.00e+00  psnr=15.8  cos=0.6606
[epoch 73 step 1200]  loss=5.31e-01  l1=5.31e-01  l2=0.00e+00  psnr=15.4  cos=0.6322
[epoch 73 step 1225]  loss=5.17e-01  l1=5.17e-01  l2=0.00e+00  psnr=15.6  cos=0.6484
[epoch 73 DONE]  final_loss=5.11e-01  psnr=15.57  cos=0.6484
[checkpoint] /workspace/runs/trial_toy_d3t/checkpoints/epoch_0073.pt
[val epoch 73]  latent_l1=0.5058  latent_l2=0.7560  latent_psnr=25.8841
[epoch 74 step 000]  loss=5.05e-01  l1=5.05e-01  l2=0.00e+00  psnr=16.0  cos=0.6514
[epoch 74 step 025]  loss=4.80e-01  l1=4.80e-01  l2=0.00e+00  psnr=16.3  cos=0.6834
[epoch 74 step 050]  loss=5.01e-01  l1=5.01e-01  l2=0.00e+00  psnr=16.0  cos=0.6573
[epoch 74 step 075]  loss=5.09e-01  l1=5.09e-01  l2=0.00e+00  psnr=15.9  cos=0.6492
[epoch 74 step 100]  loss=4.96e-01  l1=4.96e-01  l2=0.00e+00  psnr=16.2  cos=0.6533
[epoch 74 step 125]  loss=4.94e-01  l1=4.94e-01  l2=0.00e+00  psnr=16.1  cos=0.6654
[epoch 74 step 150]  loss=4.86e-01  l1=4.86e-01  l2=0.00e+00  psnr=16.3  cos=0.6602
[epoch 74 step 175]  loss=4.80e-01  l1=4.80e-01  l2=0.00e+00  psnr=16.2  cos=0.6678
[epoch 74 step 200]  loss=4.95e-01  l1=4.95e-01  l2=0.00e+00  psnr=15.9  cos=0.6705
[epoch 74 step 225]  loss=4.75e-01  l1=4.75e-01  l2=0.00e+00  psnr=16.2  cos=0.6794
[epoch 74 step 250]  loss=5.12e-01  l1=5.12e-01  l2=0.00e+00  psnr=15.7  cos=0.6534
[epoch 74 step 275]  loss=5.01e-01  l1=5.01e-01  l2=0.00e+00  psnr=16.0  cos=0.6549
[epoch 74 step 300]  loss=4.87e-01  l1=4.87e-01  l2=0.00e+00  psnr=16.3  cos=0.6666
[epoch 74 step 325]  loss=5.19e-01  l1=5.19e-01  l2=0.00e+00  psnr=15.7  cos=0.6417
[epoch 74 step 350]  loss=5.47e-01  l1=5.47e-01  l2=0.00e+00  psnr=15.3  cos=0.6285
[epoch 74 step 375]  loss=4.77e-01  l1=4.77e-01  l2=0.00e+00  psnr=16.0  cos=0.6748
[epoch 74 step 400]  loss=4.89e-01  l1=4.89e-01  l2=0.00e+00  psnr=15.9  cos=0.6672
[epoch 74 step 425]  loss=5.12e-01  l1=5.12e-01  l2=0.00e+00  psnr=15.9  cos=0.6449
[epoch 74 step 450]  loss=5.26e-01  l1=5.26e-01  l2=0.00e+00  psnr=15.3  cos=0.6492
[epoch 74 step 475]  loss=4.71e-01  l1=4.71e-01  l2=0.00e+00  psnr=16.1  cos=0.6856
[epoch 74 step 500]  loss=5.46e-01  l1=5.46e-01  l2=0.00e+00  psnr=15.3  cos=0.6358
[epoch 74 step 525]  loss=4.93e-01  l1=4.93e-01  l2=0.00e+00  psnr=16.2  cos=0.6609
[epoch 74 step 550]  loss=5.29e-01  l1=5.29e-01  l2=0.00e+00  psnr=15.5  cos=0.6512
[epoch 74 step 575]  loss=5.04e-01  l1=5.04e-01  l2=0.00e+00  psnr=15.9  cos=0.6477
[epoch 74 step 600]  loss=4.86e-01  l1=4.86e-01  l2=0.00e+00  psnr=15.9  cos=0.6807
[epoch 74 step 625]  loss=5.15e-01  l1=5.15e-01  l2=0.00e+00  psnr=15.7  cos=0.6457
[epoch 74 step 650]  loss=5.08e-01  l1=5.08e-01  l2=0.00e+00  psnr=15.8  cos=0.6543
[epoch 74 step 675]  loss=4.84e-01  l1=4.84e-01  l2=0.00e+00  psnr=16.2  cos=0.6746
[epoch 74 step 700]  loss=5.26e-01  l1=5.26e-01  l2=0.00e+00  psnr=15.5  cos=0.6519
[epoch 74 step 725]  loss=5.03e-01  l1=5.03e-01  l2=0.00e+00  psnr=16.1  cos=0.6452
[epoch 74 step 750]  loss=5.16e-01  l1=5.16e-01  l2=0.00e+00  psnr=15.4  cos=0.6664
[epoch 74 step 775]  loss=5.08e-01  l1=5.08e-01  l2=0.00e+00  psnr=15.8  cos=0.6568
[epoch 74 step 800]  loss=5.07e-01  l1=5.07e-01  l2=0.00e+00  psnr=15.9  cos=0.6553
[epoch 74 step 825]  loss=4.81e-01  l1=4.81e-01  l2=0.00e+00  psnr=16.1  cos=0.6773
[epoch 74 step 850]  loss=5.31e-01  l1=5.31e-01  l2=0.00e+00  psnr=15.5  cos=0.6362
[epoch 74 step 875]  loss=5.13e-01  l1=5.13e-01  l2=0.00e+00  psnr=15.6  cos=0.6573
[epoch 74 step 900]  loss=5.00e-01  l1=5.00e-01  l2=0.00e+00  psnr=15.9  cos=0.6558
[epoch 74 step 925]  loss=4.93e-01  l1=4.93e-01  l2=0.00e+00  psnr=16.1  cos=0.6595
[epoch 74 step 950]  loss=5.00e-01  l1=5.00e-01  l2=0.00e+00  psnr=15.8  cos=0.6623
[epoch 74 step 975]  loss=5.15e-01  l1=5.15e-01  l2=0.00e+00  psnr=15.6  cos=0.6483
[epoch 74 step 1000]  loss=5.10e-01  l1=5.10e-01  l2=0.00e+00  psnr=15.9  cos=0.6491
[epoch 74 step 1025]  loss=5.07e-01  l1=5.07e-01  l2=0.00e+00  psnr=16.0  cos=0.6454
[epoch 74 step 1050]  loss=5.75e-01  l1=5.75e-01  l2=0.00e+00  psnr=14.9  cos=0.5990
[epoch 74 step 1075]  loss=4.64e-01  l1=4.64e-01  l2=0.00e+00  psnr=16.5  cos=0.6903
[epoch 74 step 1100]  loss=5.68e-01  l1=5.68e-01  l2=0.00e+00  psnr=15.0  cos=0.5970
[epoch 74 step 1125]  loss=5.23e-01  l1=5.23e-01  l2=0.00e+00  psnr=15.5  cos=0.6450
[epoch 74 step 1150]  loss=4.85e-01  l1=4.85e-01  l2=0.00e+00  psnr=16.1  cos=0.6650
[epoch 74 step 1175]  loss=5.27e-01  l1=5.27e-01  l2=0.00e+00  psnr=15.6  cos=0.6403
[epoch 74 step 1200]  loss=5.18e-01  l1=5.18e-01  l2=0.00e+00  psnr=15.7  cos=0.6453
[epoch 74 step 1225]  loss=4.66e-01  l1=4.66e-01  l2=0.00e+00  psnr=16.4  cos=0.6898
[epoch 74 DONE]  final_loss=5.38e-01  psnr=16.36  cos=0.6898
[checkpoint] /workspace/runs/trial_toy_d3t/checkpoints/epoch_0074.pt
[val epoch 74]  latent_l1=0.5023  latent_l2=0.7512  latent_psnr=25.9385
[best] new best latent_psnr=25.9385 (prev=25.9285) -> /workspace/runs/trial_toy_d3t/checkpoints/best.pt
[epoch 75 step 000]  loss=4.99e-01  l1=4.99e-01  l2=0.00e+00  psnr=15.8  cos=0.6434
[epoch 75 step 025]  loss=4.96e-01  l1=4.96e-01  l2=0.00e+00  psnr=15.9  cos=0.6671
[epoch 75 step 050]  loss=4.80e-01  l1=4.80e-01  l2=0.00e+00  psnr=15.8  cos=0.6832
[epoch 75 step 075]  loss=4.93e-01  l1=4.93e-01  l2=0.00e+00  psnr=16.1  cos=0.6634
[epoch 75 step 100]  loss=4.81e-01  l1=4.81e-01  l2=0.00e+00  psnr=16.1  cos=0.6792
[epoch 75 step 125]  loss=4.96e-01  l1=4.96e-01  l2=0.00e+00  psnr=16.0  cos=0.6469
[epoch 75 step 150]  loss=5.05e-01  l1=5.05e-01  l2=0.00e+00  psnr=16.0  cos=0.6543
[epoch 75 step 175]  loss=5.02e-01  l1=5.02e-01  l2=0.00e+00  psnr=15.9  cos=0.6766
[epoch 75 step 200]  loss=4.81e-01  l1=4.81e-01  l2=0.00e+00  psnr=16.1  cos=0.6773
[epoch 75 step 225]  loss=5.69e-01  l1=5.69e-01  l2=0.00e+00  psnr=14.9  cos=0.6329
[epoch 75 step 250]  loss=5.26e-01  l1=5.26e-01  l2=0.00e+00  psnr=15.5  cos=0.6324
[epoch 75 step 275]  loss=4.89e-01  l1=4.89e-01  l2=0.00e+00  psnr=16.0  cos=0.6709
[epoch 75 step 300]  loss=4.75e-01  l1=4.75e-01  l2=0.00e+00  psnr=16.2  cos=0.6769
[epoch 75 step 325]  loss=4.52e-01  l1=4.52e-01  l2=0.00e+00  psnr=16.5  cos=0.6895
[epoch 75 step 350]  loss=5.05e-01  l1=5.05e-01  l2=0.00e+00  psnr=15.9  cos=0.6568
[epoch 75 step 375]  loss=5.25e-01  l1=5.25e-01  l2=0.00e+00  psnr=15.6  cos=0.6543
[epoch 75 step 400]  loss=5.03e-01  l1=5.03e-01  l2=0.00e+00  psnr=16.0  cos=0.6508
[epoch 75 step 425]  loss=4.70e-01  l1=4.70e-01  l2=0.00e+00  psnr=16.4  cos=0.6844
[epoch 75 step 450]  loss=5.44e-01  l1=5.44e-01  l2=0.00e+00  psnr=15.2  cos=0.6272
[epoch 75 step 475]  loss=5.04e-01  l1=5.04e-01  l2=0.00e+00  psnr=15.8  cos=0.6600
[epoch 75 step 500]  loss=5.20e-01  l1=5.20e-01  l2=0.00e+00  psnr=15.7  cos=0.6299
[epoch 75 step 525]  loss=5.20e-01  l1=5.20e-01  l2=0.00e+00  psnr=15.6  cos=0.6506
[epoch 75 step 550]  loss=4.89e-01  l1=4.89e-01  l2=0.00e+00  psnr=16.0  cos=0.6800
[epoch 75 step 575]  loss=4.68e-01  l1=4.68e-01  l2=0.00e+00  psnr=16.4  cos=0.6722
[epoch 75 step 600]  loss=5.62e-01  l1=5.62e-01  l2=0.00e+00  psnr=15.2  cos=0.6194
[epoch 75 step 625]  loss=4.91e-01  l1=4.91e-01  l2=0.00e+00  psnr=16.1  cos=0.6625
[epoch 75 step 650]  loss=4.87e-01  l1=4.87e-01  l2=0.00e+00  psnr=16.1  cos=0.6650
[epoch 75 step 675]  loss=5.00e-01  l1=5.00e-01  l2=0.00e+00  psnr=16.1  cos=0.6610
[epoch 75 step 700]  loss=5.00e-01  l1=5.00e-01  l2=0.00e+00  psnr=15.8  cos=0.6681
[epoch 75 step 725]  loss=4.43e-01  l1=4.43e-01  l2=0.00e+00  psnr=16.9  cos=0.7097
[epoch 75 step 750]  loss=4.87e-01  l1=4.87e-01  l2=0.00e+00  psnr=15.9  cos=0.6749
[epoch 75 step 775]  loss=4.96e-01  l1=4.96e-01  l2=0.00e+00  psnr=15.7  cos=0.6690
[epoch 75 step 800]  loss=5.14e-01  l1=5.14e-01  l2=0.00e+00  psnr=15.5  cos=0.6624
[epoch 75 step 825]  loss=4.77e-01  l1=4.77e-01  l2=0.00e+00  psnr=16.1  cos=0.6721
[epoch 75 step 850]  loss=4.56e-01  l1=4.56e-01  l2=0.00e+00  psnr=16.4  cos=0.6987
[epoch 75 step 875]  loss=4.74e-01  l1=4.74e-01  l2=0.00e+00  psnr=16.3  cos=0.6746
[epoch 75 step 900]  loss=5.05e-01  l1=5.05e-01  l2=0.00e+00  psnr=15.8  cos=0.6606
[epoch 75 step 925]  loss=5.08e-01  l1=5.08e-01  l2=0.00e+00  psnr=15.8  cos=0.6612
[epoch 75 step 950]  loss=4.90e-01  l1=4.90e-01  l2=0.00e+00  psnr=16.2  cos=0.6703
[epoch 75 step 975]  loss=5.02e-01  l1=5.02e-01  l2=0.00e+00  psnr=15.9  cos=0.6557
[epoch 75 step 1000]  loss=5.29e-01  l1=5.29e-01  l2=0.00e+00  psnr=15.6  cos=0.6450
[epoch 75 step 1025]  loss=4.97e-01  l1=4.97e-01  l2=0.00e+00  psnr=15.8  cos=0.6805
[epoch 75 step 1050]  loss=4.99e-01  l1=4.99e-01  l2=0.00e+00  psnr=16.1  cos=0.6560
[epoch 75 step 1075]  loss=5.18e-01  l1=5.18e-01  l2=0.00e+00  psnr=15.9  cos=0.6270
[epoch 75 step 1100]  loss=4.89e-01  l1=4.89e-01  l2=0.00e+00  psnr=16.2  cos=0.6659
[epoch 75 step 1125]  loss=4.83e-01  l1=4.83e-01  l2=0.00e+00  psnr=15.9  cos=0.6765
[epoch 75 step 1150]  loss=4.96e-01  l1=4.96e-01  l2=0.00e+00  psnr=15.9  cos=0.6583
[epoch 75 step 1175]  loss=5.01e-01  l1=5.01e-01  l2=0.00e+00  psnr=15.7  cos=0.6646
[epoch 75 step 1200]  loss=5.01e-01  l1=5.01e-01  l2=0.00e+00  psnr=15.8  cos=0.6538
[epoch 75 step 1225]  loss=5.03e-01  l1=5.03e-01  l2=0.00e+00  psnr=15.8  cos=0.6578
[epoch 75 DONE]  final_loss=4.77e-01  psnr=15.77  cos=0.6578
[checkpoint] /workspace/runs/trial_toy_d3t/checkpoints/epoch_0075.pt
[val epoch 75]  latent_l1=0.5022  latent_l2=0.7510  latent_psnr=25.9413
[best] new best latent_psnr=25.9413 (prev=25.9385) -> /workspace/runs/trial_toy_d3t/checkpoints/best.pt
[epoch 76 step 000]  loss=4.71e-01  l1=4.71e-01  l2=0.00e+00  psnr=16.6  cos=0.6805
[epoch 76 step 025]  loss=4.78e-01  l1=4.78e-01  l2=0.00e+00  psnr=16.2  cos=0.6673
[epoch 76 step 050]  loss=5.17e-01  l1=5.17e-01  l2=0.00e+00  psnr=15.9  cos=0.6375
[epoch 76 step 075]  loss=4.55e-01  l1=4.55e-01  l2=0.00e+00  psnr=16.6  cos=0.6910
[epoch 76 step 100]  loss=4.71e-01  l1=4.71e-01  l2=0.00e+00  psnr=16.4  cos=0.6819
[epoch 76 step 125]  loss=5.05e-01  l1=5.05e-01  l2=0.00e+00  psnr=15.7  cos=0.6620
[epoch 76 step 150]  loss=5.08e-01  l1=5.08e-01  l2=0.00e+00  psnr=15.7  cos=0.6618
[epoch 76 step 175]  loss=5.21e-01  l1=5.21e-01  l2=0.00e+00  psnr=15.6  cos=0.6585
[epoch 76 step 200]  loss=4.93e-01  l1=4.93e-01  l2=0.00e+00  psnr=16.0  cos=0.6676
[epoch 76 step 225]  loss=4.83e-01  l1=4.83e-01  l2=0.00e+00  psnr=16.3  cos=0.6642
[epoch 76 step 250]  loss=5.14e-01  l1=5.14e-01  l2=0.00e+00  psnr=15.5  cos=0.6563
[epoch 76 step 275]  loss=5.02e-01  l1=5.02e-01  l2=0.00e+00  psnr=16.0  cos=0.6733
[epoch 76 step 300]  loss=4.95e-01  l1=4.95e-01  l2=0.00e+00  psnr=16.0  cos=0.6520
[epoch 76 step 325]  loss=4.67e-01  l1=4.67e-01  l2=0.00e+00  psnr=16.5  cos=0.6822
[epoch 76 step 350]  loss=5.04e-01  l1=5.04e-01  l2=0.00e+00  psnr=15.9  cos=0.6604
[epoch 76 step 375]  loss=4.89e-01  l1=4.89e-01  l2=0.00e+00  psnr=15.9  cos=0.6730
[epoch 76 step 400]  loss=5.19e-01  l1=5.19e-01  l2=0.00e+00  psnr=15.3  cos=0.6568
[epoch 76 step 425]  loss=4.82e-01  l1=4.82e-01  l2=0.00e+00  psnr=16.3  cos=0.6637
[epoch 76 step 450]  loss=5.35e-01  l1=5.35e-01  l2=0.00e+00  psnr=15.2  cos=0.6374
[epoch 76 step 475]  loss=5.03e-01  l1=5.03e-01  l2=0.00e+00  psnr=15.9  cos=0.6551
[epoch 76 step 500]  loss=5.04e-01  l1=5.04e-01  l2=0.00e+00  psnr=15.7  cos=0.6462
[epoch 76 step 525]  loss=4.65e-01  l1=4.65e-01  l2=0.00e+00  psnr=16.4  cos=0.6898
[epoch 76 step 550]  loss=5.13e-01  l1=5.13e-01  l2=0.00e+00  psnr=15.6  cos=0.6527
[epoch 76 step 575]  loss=5.13e-01  l1=5.13e-01  l2=0.00e+00  psnr=15.6  cos=0.6596
[epoch 76 step 600]  loss=5.04e-01  l1=5.04e-01  l2=0.00e+00  psnr=15.6  cos=0.6583
[epoch 76 step 625]  loss=4.82e-01  l1=4.82e-01  l2=0.00e+00  psnr=16.0  cos=0.6803
[epoch 76 step 650]  loss=5.21e-01  l1=5.21e-01  l2=0.00e+00  psnr=15.5  cos=0.6599
[epoch 76 step 675]  loss=5.29e-01  l1=5.29e-01  l2=0.00e+00  psnr=15.5  cos=0.6409
[epoch 76 step 700]  loss=5.20e-01  l1=5.20e-01  l2=0.00e+00  psnr=15.5  cos=0.6408
[epoch 76 step 725]  loss=4.80e-01  l1=4.80e-01  l2=0.00e+00  psnr=16.1  cos=0.6647
[epoch 76 step 750]  loss=5.09e-01  l1=5.09e-01  l2=0.00e+00  psnr=15.7  cos=0.6606
[epoch 76 step 775]  loss=5.25e-01  l1=5.25e-01  l2=0.00e+00  psnr=15.4  cos=0.6449
[epoch 76 step 800]  loss=5.16e-01  l1=5.16e-01  l2=0.00e+00  psnr=15.7  cos=0.6567
[epoch 76 step 825]  loss=5.12e-01  l1=5.12e-01  l2=0.00e+00  psnr=15.7  cos=0.6440
[epoch 76 step 850]  loss=4.73e-01  l1=4.73e-01  l2=0.00e+00  psnr=16.2  cos=0.6776
[epoch 76 step 875]  loss=5.28e-01  l1=5.28e-01  l2=0.00e+00  psnr=15.6  cos=0.6398
[epoch 76 step 900]  loss=5.18e-01  l1=5.18e-01  l2=0.00e+00  psnr=15.4  cos=0.6615
[epoch 76 step 925]  loss=5.33e-01  l1=5.33e-01  l2=0.00e+00  psnr=15.4  cos=0.6316
[epoch 76 step 950]  loss=5.32e-01  l1=5.32e-01  l2=0.00e+00  psnr=15.5  cos=0.6326
[epoch 76 step 975]  loss=5.25e-01  l1=5.25e-01  l2=0.00e+00  psnr=15.7  cos=0.6533
[epoch 76 step 1000]  loss=5.35e-01  l1=5.35e-01  l2=0.00e+00  psnr=15.4  cos=0.6368
[epoch 76 step 1025]  loss=5.28e-01  l1=5.28e-01  l2=0.00e+00  psnr=15.6  cos=0.6295
[epoch 76 step 1050]  loss=5.07e-01  l1=5.07e-01  l2=0.00e+00  psnr=15.7  cos=0.6453
[epoch 76 step 1075]  loss=4.90e-01  l1=4.90e-01  l2=0.00e+00  psnr=16.0  cos=0.6598
[epoch 76 step 1100]  loss=4.72e-01  l1=4.72e-01  l2=0.00e+00  psnr=16.5  cos=0.6726
[epoch 76 step 1125]  loss=4.89e-01  l1=4.89e-01  l2=0.00e+00  psnr=15.8  cos=0.6801
[epoch 76 step 1150]  loss=4.90e-01  l1=4.90e-01  l2=0.00e+00  psnr=16.0  cos=0.6751
[epoch 76 step 1175]  loss=4.93e-01  l1=4.93e-01  l2=0.00e+00  psnr=16.1  cos=0.6551
[epoch 76 step 1200]  loss=5.14e-01  l1=5.14e-01  l2=0.00e+00  psnr=15.7  cos=0.6575
[epoch 76 step 1225]  loss=4.77e-01  l1=4.77e-01  l2=0.00e+00  psnr=16.3  cos=0.6690
[epoch 76 DONE]  final_loss=5.21e-01  psnr=16.30  cos=0.6690
[checkpoint] /workspace/runs/trial_toy_d3t/checkpoints/epoch_0076.pt
[val epoch 76]  latent_l1=0.5031  latent_l2=0.7527  latent_psnr=25.9215
[epoch 77 step 000]  loss=5.09e-01  l1=5.09e-01  l2=0.00e+00  psnr=15.8  cos=0.6553
[epoch 77 step 025]  loss=4.60e-01  l1=4.60e-01  l2=0.00e+00  psnr=16.4  cos=0.6979
[epoch 77 step 050]  loss=5.05e-01  l1=5.05e-01  l2=0.00e+00  psnr=16.0  cos=0.6476
[epoch 77 step 075]  loss=4.89e-01  l1=4.89e-01  l2=0.00e+00  psnr=16.0  cos=0.6627
[epoch 77 step 100]  loss=5.05e-01  l1=5.05e-01  l2=0.00e+00  psnr=16.0  cos=0.6675
[epoch 77 step 125]  loss=5.20e-01  l1=5.20e-01  l2=0.00e+00  psnr=15.5  cos=0.6676
[epoch 77 step 150]  loss=5.38e-01  l1=5.38e-01  l2=0.00e+00  psnr=15.5  cos=0.6264
[epoch 77 step 175]  loss=5.15e-01  l1=5.15e-01  l2=0.00e+00  psnr=15.6  cos=0.6586
[epoch 77 step 200]  loss=5.28e-01  l1=5.28e-01  l2=0.00e+00  psnr=15.5  cos=0.6207
[epoch 77 step 225]  loss=5.26e-01  l1=5.26e-01  l2=0.00e+00  psnr=15.5  cos=0.6385
[epoch 77 step 250]  loss=4.76e-01  l1=4.76e-01  l2=0.00e+00  psnr=16.3  cos=0.6912
[epoch 77 step 275]  loss=4.84e-01  l1=4.84e-01  l2=0.00e+00  psnr=16.0  cos=0.6839
[epoch 77 step 300]  loss=4.76e-01  l1=4.76e-01  l2=0.00e+00  psnr=16.4  cos=0.6813
[epoch 77 step 325]  loss=5.11e-01  l1=5.11e-01  l2=0.00e+00  psnr=15.6  cos=0.6695
[epoch 77 step 350]  loss=4.79e-01  l1=4.79e-01  l2=0.00e+00  psnr=16.2  cos=0.6742
[epoch 77 step 375]  loss=5.11e-01  l1=5.11e-01  l2=0.00e+00  psnr=15.7  cos=0.6729
[epoch 77 step 400]  loss=4.91e-01  l1=4.91e-01  l2=0.00e+00  psnr=16.2  cos=0.6597
[epoch 77 step 425]  loss=4.77e-01  l1=4.77e-01  l2=0.00e+00  psnr=16.4  cos=0.6666
[epoch 77 step 450]  loss=5.05e-01  l1=5.05e-01  l2=0.00e+00  psnr=15.8  cos=0.6697
[epoch 77 step 475]  loss=5.13e-01  l1=5.13e-01  l2=0.00e+00  psnr=15.8  cos=0.6509
[epoch 77 step 500]  loss=5.22e-01  l1=5.22e-01  l2=0.00e+00  psnr=15.8  cos=0.6209
[epoch 77 step 525]  loss=4.82e-01  l1=4.82e-01  l2=0.00e+00  psnr=16.0  cos=0.6781
[epoch 77 step 550]  loss=4.79e-01  l1=4.79e-01  l2=0.00e+00  psnr=16.0  cos=0.6778
[epoch 77 step 575]  loss=5.03e-01  l1=5.03e-01  l2=0.00e+00  psnr=15.7  cos=0.6694
[epoch 77 step 600]  loss=5.30e-01  l1=5.30e-01  l2=0.00e+00  psnr=15.6  cos=0.6347
[epoch 77 step 625]  loss=4.82e-01  l1=4.82e-01  l2=0.00e+00  psnr=16.3  cos=0.6699
[epoch 77 step 650]  loss=4.93e-01  l1=4.93e-01  l2=0.00e+00  psnr=15.9  cos=0.6595
[epoch 77 step 675]  loss=5.12e-01  l1=5.12e-01  l2=0.00e+00  psnr=15.6  cos=0.6503
[epoch 77 step 700]  loss=5.26e-01  l1=5.26e-01  l2=0.00e+00  psnr=15.7  cos=0.6289
[epoch 77 step 725]  loss=4.64e-01  l1=4.64e-01  l2=0.00e+00  psnr=16.3  cos=0.6884
[epoch 77 step 750]  loss=5.13e-01  l1=5.13e-01  l2=0.00e+00  psnr=15.6  cos=0.6499
[epoch 77 step 775]  loss=5.03e-01  l1=5.03e-01  l2=0.00e+00  psnr=15.8  cos=0.6620
[epoch 77 step 800]  loss=5.31e-01  l1=5.31e-01  l2=0.00e+00  psnr=15.4  cos=0.6482
[epoch 77 step 825]  loss=4.73e-01  l1=4.73e-01  l2=0.00e+00  psnr=16.3  cos=0.6886
[epoch 77 step 850]  loss=5.01e-01  l1=5.01e-01  l2=0.00e+00  psnr=15.8  cos=0.6689
[epoch 77 step 875]  loss=5.29e-01  l1=5.29e-01  l2=0.00e+00  psnr=15.4  cos=0.6458
[epoch 77 step 900]  loss=4.83e-01  l1=4.83e-01  l2=0.00e+00  psnr=16.1  cos=0.6825
[epoch 77 step 925]  loss=4.84e-01  l1=4.84e-01  l2=0.00e+00  psnr=16.0  cos=0.6765
[epoch 77 step 950]  loss=4.99e-01  l1=4.99e-01  l2=0.00e+00  psnr=15.8  cos=0.6678
[epoch 77 step 975]  loss=4.87e-01  l1=4.87e-01  l2=0.00e+00  psnr=16.1  cos=0.6628
[epoch 77 step 1000]  loss=5.03e-01  l1=5.03e-01  l2=0.00e+00  psnr=16.1  cos=0.6454
[epoch 77 step 1025]  loss=5.09e-01  l1=5.09e-01  l2=0.00e+00  psnr=15.9  cos=0.6483
[epoch 77 step 1050]  loss=4.95e-01  l1=4.95e-01  l2=0.00e+00  psnr=15.7  cos=0.6708
[epoch 77 step 1075]  loss=5.53e-01  l1=5.53e-01  l2=0.00e+00  psnr=15.2  cos=0.6200
[epoch 77 step 1100]  loss=4.92e-01  l1=4.92e-01  l2=0.00e+00  psnr=16.0  cos=0.6616
[epoch 77 step 1125]  loss=5.02e-01  l1=5.02e-01  l2=0.00e+00  psnr=15.7  cos=0.6712
[epoch 77 step 1150]  loss=5.23e-01  l1=5.23e-01  l2=0.00e+00  psnr=15.3  cos=0.6607
[epoch 77 step 1175]  loss=5.00e-01  l1=5.00e-01  l2=0.00e+00  psnr=15.9  cos=0.6595
[epoch 77 step 1200]  loss=5.03e-01  l1=5.03e-01  l2=0.00e+00  psnr=16.0  cos=0.6375
[epoch 77 step 1225]  loss=4.73e-01  l1=4.73e-01  l2=0.00e+00  psnr=16.3  cos=0.6735
[epoch 77 DONE]  final_loss=4.89e-01  psnr=16.29  cos=0.6735
[checkpoint] /workspace/runs/trial_toy_d3t/checkpoints/epoch_0077.pt
[val epoch 77]  latent_l1=0.5014  latent_l2=0.7503  latent_psnr=25.9491
[best] new best latent_psnr=25.9491 (prev=25.9413) -> /workspace/runs/trial_toy_d3t/checkpoints/best.pt
[epoch 78 step 000]  loss=4.93e-01  l1=4.93e-01  l2=0.00e+00  psnr=15.8  cos=0.6651
[epoch 78 step 025]  loss=5.01e-01  l1=5.01e-01  l2=0.00e+00  psnr=15.7  cos=0.6608
[epoch 78 step 050]  loss=5.01e-01  l1=5.01e-01  l2=0.00e+00  psnr=15.8  cos=0.6731
[epoch 78 step 075]  loss=5.22e-01  l1=5.22e-01  l2=0.00e+00  psnr=15.5  cos=0.6546
[epoch 78 step 100]  loss=5.01e-01  l1=5.01e-01  l2=0.00e+00  psnr=15.8  cos=0.6811
[epoch 78 step 125]  loss=4.74e-01  l1=4.74e-01  l2=0.00e+00  psnr=16.4  cos=0.6784
[epoch 78 step 150]  loss=4.90e-01  l1=4.90e-01  l2=0.00e+00  psnr=16.0  cos=0.6609
[epoch 78 step 175]  loss=4.98e-01  l1=4.98e-01  l2=0.00e+00  psnr=16.0  cos=0.6647
[epoch 78 step 200]  loss=4.97e-01  l1=4.97e-01  l2=0.00e+00  psnr=15.9  cos=0.6628
[epoch 78 step 225]  loss=5.11e-01  l1=5.11e-01  l2=0.00e+00  psnr=15.6  cos=0.6663
[epoch 78 step 250]  loss=4.86e-01  l1=4.86e-01  l2=0.00e+00  psnr=15.9  cos=0.6833
[epoch 78 step 275]  loss=4.95e-01  l1=4.95e-01  l2=0.00e+00  psnr=15.8  cos=0.6738
[epoch 78 step 300]  loss=5.06e-01  l1=5.06e-01  l2=0.00e+00  psnr=15.8  cos=0.6663
[epoch 78 step 325]  loss=5.01e-01  l1=5.01e-01  l2=0.00e+00  psnr=15.9  cos=0.6500
[epoch 78 step 350]  loss=4.78e-01  l1=4.78e-01  l2=0.00e+00  psnr=16.0  cos=0.6998
[epoch 78 step 375]  loss=5.02e-01  l1=5.02e-01  l2=0.00e+00  psnr=15.8  cos=0.6568
[epoch 78 step 400]  loss=5.02e-01  l1=5.02e-01  l2=0.00e+00  psnr=16.0  cos=0.6712
[epoch 78 step 425]  loss=4.81e-01  l1=4.81e-01  l2=0.00e+00  psnr=16.0  cos=0.6833
[epoch 78 step 450]  loss=4.87e-01  l1=4.87e-01  l2=0.00e+00  psnr=15.8  cos=0.6730
[epoch 78 step 475]  loss=5.10e-01  l1=5.10e-01  l2=0.00e+00  psnr=16.0  cos=0.6469
[epoch 78 step 500]  loss=4.96e-01  l1=4.96e-01  l2=0.00e+00  psnr=16.0  cos=0.6768
[epoch 78 step 525]  loss=4.69e-01  l1=4.69e-01  l2=0.00e+00  psnr=16.3  cos=0.6911
[epoch 78 step 550]  loss=5.05e-01  l1=5.05e-01  l2=0.00e+00  psnr=15.8  cos=0.6608
[epoch 78 step 575]  loss=4.94e-01  l1=4.94e-01  l2=0.00e+00  psnr=16.0  cos=0.6484
[epoch 78 step 600]  loss=5.01e-01  l1=5.01e-01  l2=0.00e+00  psnr=16.0  cos=0.6570
[epoch 78 step 625]  loss=5.02e-01  l1=5.02e-01  l2=0.00e+00  psnr=16.0  cos=0.6594
[epoch 78 step 650]  loss=5.08e-01  l1=5.08e-01  l2=0.00e+00  psnr=15.9  cos=0.6646
[epoch 78 step 675]  loss=5.26e-01  l1=5.26e-01  l2=0.00e+00  psnr=15.6  cos=0.6297
[epoch 78 step 700]  loss=5.52e-01  l1=5.52e-01  l2=0.00e+00  psnr=15.2  cos=0.6312
[epoch 78 step 725]  loss=4.80e-01  l1=4.80e-01  l2=0.00e+00  psnr=16.1  cos=0.6674
[epoch 78 step 750]  loss=4.96e-01  l1=4.96e-01  l2=0.00e+00  psnr=15.8  cos=0.6689
[epoch 78 step 775]  loss=5.07e-01  l1=5.07e-01  l2=0.00e+00  psnr=15.6  cos=0.6765
[epoch 78 step 800]  loss=5.02e-01  l1=5.02e-01  l2=0.00e+00  psnr=15.9  cos=0.6540
[epoch 78 step 825]  loss=5.15e-01  l1=5.15e-01  l2=0.00e+00  psnr=15.3  cos=0.6717
[epoch 78 step 850]  loss=4.82e-01  l1=4.82e-01  l2=0.00e+00  psnr=16.1  cos=0.6683
[epoch 78 step 875]  loss=4.98e-01  l1=4.98e-01  l2=0.00e+00  psnr=16.0  cos=0.6622
[epoch 78 step 900]  loss=4.77e-01  l1=4.77e-01  l2=0.00e+00  psnr=16.0  cos=0.6841
[epoch 78 step 925]  loss=5.21e-01  l1=5.21e-01  l2=0.00e+00  psnr=15.4  cos=0.6626
[epoch 78 step 950]  loss=4.85e-01  l1=4.85e-01  l2=0.00e+00  psnr=16.1  cos=0.6764
[epoch 78 step 975]  loss=4.61e-01  l1=4.61e-01  l2=0.00e+00  psnr=16.5  cos=0.6925
[epoch 78 step 1000]  loss=5.11e-01  l1=5.11e-01  l2=0.00e+00  psnr=15.8  cos=0.6543
[epoch 78 step 1025]  loss=4.72e-01  l1=4.72e-01  l2=0.00e+00  psnr=16.3  cos=0.6795
[epoch 78 step 1050]  loss=5.18e-01  l1=5.18e-01  l2=0.00e+00  psnr=15.6  cos=0.6482
[epoch 78 step 1075]  loss=5.15e-01  l1=5.15e-01  l2=0.00e+00  psnr=15.6  cos=0.6458
[epoch 78 step 1100]  loss=5.21e-01  l1=5.21e-01  l2=0.00e+00  psnr=15.6  cos=0.6517
[epoch 78 step 1125]  loss=5.81e-01  l1=5.81e-01  l2=0.00e+00  psnr=14.8  cos=0.6066
[epoch 78 step 1150]  loss=4.91e-01  l1=4.91e-01  l2=0.00e+00  psnr=15.8  cos=0.6796
[epoch 78 step 1175]  loss=5.25e-01  l1=5.25e-01  l2=0.00e+00  psnr=15.6  cos=0.6383
[epoch 78 step 1200]  loss=5.34e-01  l1=5.34e-01  l2=0.00e+00  psnr=15.5  cos=0.6150
[epoch 78 step 1225]  loss=4.84e-01  l1=4.84e-01  l2=0.00e+00  psnr=16.0  cos=0.6811
[epoch 78 DONE]  final_loss=5.04e-01  psnr=16.02  cos=0.6811
[checkpoint] /workspace/runs/trial_toy_d3t/checkpoints/epoch_0078.pt
[val epoch 78]  latent_l1=0.5010  latent_l2=0.7498  latent_psnr=25.9552
[best] new best latent_psnr=25.9552 (prev=25.9491) -> /workspace/runs/trial_toy_d3t/checkpoints/best.pt
[epoch 79 step 000]  loss=5.00e-01  l1=5.00e-01  l2=0.00e+00  psnr=16.0  cos=0.6627
[epoch 79 step 025]  loss=5.13e-01  l1=5.13e-01  l2=0.00e+00  psnr=16.0  cos=0.6336
[epoch 79 step 050]  loss=5.05e-01  l1=5.05e-01  l2=0.00e+00  psnr=16.0  cos=0.6561
[epoch 79 step 075]  loss=4.94e-01  l1=4.94e-01  l2=0.00e+00  psnr=15.9  cos=0.6678
[epoch 79 step 100]  loss=4.91e-01  l1=4.91e-01  l2=0.00e+00  psnr=15.9  cos=0.6589
[epoch 79 step 125]  loss=4.74e-01  l1=4.74e-01  l2=0.00e+00  psnr=16.5  cos=0.6831
[epoch 79 step 150]  loss=4.90e-01  l1=4.90e-01  l2=0.00e+00  psnr=16.0  cos=0.6808
[epoch 79 step 175]  loss=4.98e-01  l1=4.98e-01  l2=0.00e+00  psnr=15.6  cos=0.6791
[epoch 79 step 200]  loss=4.87e-01  l1=4.87e-01  l2=0.00e+00  psnr=16.1  cos=0.6639
[epoch 79 step 225]  loss=5.04e-01  l1=5.04e-01  l2=0.00e+00  psnr=15.8  cos=0.6556
[epoch 79 step 250]  loss=5.05e-01  l1=5.05e-01  l2=0.00e+00  psnr=15.8  cos=0.6607
[epoch 79 step 275]  loss=5.37e-01  l1=5.37e-01  l2=0.00e+00  psnr=15.2  cos=0.6522
[epoch 79 step 300]  loss=4.78e-01  l1=4.78e-01  l2=0.00e+00  psnr=16.2  cos=0.6682
[epoch 79 step 325]  loss=5.42e-01  l1=5.42e-01  l2=0.00e+00  psnr=15.4  cos=0.6425
[epoch 79 step 350]  loss=4.82e-01  l1=4.82e-01  l2=0.00e+00  psnr=16.1  cos=0.6723
[epoch 79 step 375]  loss=5.04e-01  l1=5.04e-01  l2=0.00e+00  psnr=15.7  cos=0.6589
[epoch 79 step 400]  loss=5.13e-01  l1=5.13e-01  l2=0.00e+00  psnr=15.8  cos=0.6445
[epoch 79 step 425]  loss=5.28e-01  l1=5.28e-01  l2=0.00e+00  psnr=15.5  cos=0.6264
[epoch 79 step 450]  loss=5.24e-01  l1=5.24e-01  l2=0.00e+00  psnr=15.7  cos=0.6211
[epoch 79 step 475]  loss=4.72e-01  l1=4.72e-01  l2=0.00e+00  psnr=16.4  cos=0.6802
[epoch 79 step 500]  loss=4.92e-01  l1=4.92e-01  l2=0.00e+00  psnr=15.8  cos=0.6668
[epoch 79 step 525]  loss=5.12e-01  l1=5.12e-01  l2=0.00e+00  psnr=15.7  cos=0.6607
[epoch 79 step 550]  loss=5.15e-01  l1=5.15e-01  l2=0.00e+00  psnr=15.6  cos=0.6531
[epoch 79 step 575]  loss=4.81e-01  l1=4.81e-01  l2=0.00e+00  psnr=16.4  cos=0.6696
[epoch 79 step 600]  loss=4.99e-01  l1=4.99e-01  l2=0.00e+00  psnr=16.0  cos=0.6458
[epoch 79 step 625]  loss=4.75e-01  l1=4.75e-01  l2=0.00e+00  psnr=16.4  cos=0.6724
[epoch 79 step 650]  loss=5.29e-01  l1=5.29e-01  l2=0.00e+00  psnr=15.6  cos=0.6410
[epoch 79 step 675]  loss=4.80e-01  l1=4.80e-01  l2=0.00e+00  psnr=16.2  cos=0.6759
[epoch 79 step 700]  loss=5.09e-01  l1=5.09e-01  l2=0.00e+00  psnr=15.7  cos=0.6547
[epoch 79 step 725]  loss=5.39e-01  l1=5.39e-01  l2=0.00e+00  psnr=15.4  cos=0.6399
[epoch 79 step 750]  loss=5.00e-01  l1=5.00e-01  l2=0.00e+00  psnr=15.9  cos=0.6592
[epoch 79 step 775]  loss=4.91e-01  l1=4.91e-01  l2=0.00e+00  psnr=16.1  cos=0.6577
[epoch 79 step 800]  loss=5.28e-01  l1=5.28e-01  l2=0.00e+00  psnr=15.7  cos=0.6268
[epoch 79 step 825]  loss=4.91e-01  l1=4.91e-01  l2=0.00e+00  psnr=16.0  cos=0.6675
[epoch 79 step 850]  loss=4.99e-01  l1=4.99e-01  l2=0.00e+00  psnr=15.9  cos=0.6577
[epoch 79 step 875]  loss=5.07e-01  l1=5.07e-01  l2=0.00e+00  psnr=15.8  cos=0.6534
[epoch 79 step 900]  loss=5.39e-01  l1=5.39e-01  l2=0.00e+00  psnr=15.5  cos=0.6295
[epoch 79 step 925]  loss=4.95e-01  l1=4.95e-01  l2=0.00e+00  psnr=16.2  cos=0.6554
[epoch 79 step 950]  loss=4.92e-01  l1=4.92e-01  l2=0.00e+00  psnr=16.1  cos=0.6660
[epoch 79 step 975]  loss=4.64e-01  l1=4.64e-01  l2=0.00e+00  psnr=16.1  cos=0.6950
[epoch 79 step 1000]  loss=4.81e-01  l1=4.81e-01  l2=0.00e+00  psnr=16.2  cos=0.6740
[epoch 79 step 1025]  loss=4.96e-01  l1=4.96e-01  l2=0.00e+00  psnr=15.9  cos=0.6679
[epoch 79 step 1050]  loss=4.80e-01  l1=4.80e-01  l2=0.00e+00  psnr=15.8  cos=0.6764
[epoch 79 step 1075]  loss=4.98e-01  l1=4.98e-01  l2=0.00e+00  psnr=15.7  cos=0.6788
[epoch 79 step 1100]  loss=5.36e-01  l1=5.36e-01  l2=0.00e+00  psnr=15.4  cos=0.6471
[epoch 79 step 1125]  loss=5.06e-01  l1=5.06e-01  l2=0.00e+00  psnr=15.7  cos=0.6602
[epoch 79 step 1150]  loss=5.10e-01  l1=5.10e-01  l2=0.00e+00  psnr=15.7  cos=0.6677
[epoch 79 step 1175]  loss=5.05e-01  l1=5.05e-01  l2=0.00e+00  psnr=15.8  cos=0.6619
[epoch 79 step 1200]  loss=5.31e-01  l1=5.31e-01  l2=0.00e+00  psnr=15.3  cos=0.6558
[epoch 79 step 1225]  loss=4.95e-01  l1=4.95e-01  l2=0.00e+00  psnr=16.1  cos=0.6658
[epoch 79 DONE]  final_loss=4.77e-01  psnr=16.10  cos=0.6658
[checkpoint] /workspace/runs/trial_toy_d3t/checkpoints/epoch_0079.pt
[val epoch 79]  latent_l1=0.5011  latent_l2=0.7495  latent_psnr=25.9578
[best] new best latent_psnr=25.9578 (prev=25.9552) -> /workspace/runs/trial_toy_d3t/checkpoints/best.pt
[epoch 80 step 000]  loss=4.88e-01  l1=4.88e-01  l2=0.00e+00  psnr=15.8  cos=0.6646
[epoch 80 step 025]  loss=4.70e-01  l1=4.70e-01  l2=0.00e+00  psnr=16.1  cos=0.6974
[epoch 80 step 050]  loss=5.15e-01  l1=5.15e-01  l2=0.00e+00  psnr=15.7  cos=0.6437
[epoch 80 step 075]  loss=4.96e-01  l1=4.96e-01  l2=0.00e+00  psnr=16.2  cos=0.6583
[epoch 80 step 100]  loss=4.79e-01  l1=4.79e-01  l2=0.00e+00  psnr=16.0  cos=0.6700
[epoch 80 step 125]  loss=4.88e-01  l1=4.88e-01  l2=0.00e+00  psnr=15.9  cos=0.6621
[epoch 80 step 150]  loss=5.17e-01  l1=5.17e-01  l2=0.00e+00  psnr=15.8  cos=0.6381
[epoch 80 step 175]  loss=4.57e-01  l1=4.57e-01  l2=0.00e+00  psnr=16.4  cos=0.6942
[epoch 80 step 200]  loss=5.08e-01  l1=5.08e-01  l2=0.00e+00  psnr=15.9  cos=0.6432
[epoch 80 step 225]  loss=4.81e-01  l1=4.81e-01  l2=0.00e+00  psnr=16.1  cos=0.6888
[epoch 80 step 250]  loss=5.14e-01  l1=5.14e-01  l2=0.00e+00  psnr=16.0  cos=0.6328
[epoch 80 step 275]  loss=5.08e-01  l1=5.08e-01  l2=0.00e+00  psnr=15.5  cos=0.6647
[epoch 80 step 300]  loss=5.10e-01  l1=5.10e-01  l2=0.00e+00  psnr=15.6  cos=0.6621
[epoch 80 step 325]  loss=5.30e-01  l1=5.30e-01  l2=0.00e+00  psnr=15.5  cos=0.6245
[epoch 80 step 350]  loss=5.20e-01  l1=5.20e-01  l2=0.00e+00  psnr=15.8  cos=0.6311
[epoch 80 step 375]  loss=4.90e-01  l1=4.90e-01  l2=0.00e+00  psnr=16.1  cos=0.6743
[epoch 80 step 400]  loss=4.67e-01  l1=4.67e-01  l2=0.00e+00  psnr=16.4  cos=0.6982
[epoch 80 step 425]  loss=5.16e-01  l1=5.16e-01  l2=0.00e+00  psnr=15.9  cos=0.6348
[epoch 80 step 450]  loss=5.00e-01  l1=5.00e-01  l2=0.00e+00  psnr=16.0  cos=0.6535
[epoch 80 step 475]  loss=4.74e-01  l1=4.74e-01  l2=0.00e+00  psnr=16.0  cos=0.6876
[epoch 80 step 500]  loss=5.20e-01  l1=5.20e-01  l2=0.00e+00  psnr=15.8  cos=0.6413
[epoch 80 step 525]  loss=5.04e-01  l1=5.04e-01  l2=0.00e+00  psnr=15.8  cos=0.6634
[epoch 80 step 550]  loss=4.92e-01  l1=4.92e-01  l2=0.00e+00  psnr=16.1  cos=0.6689
[epoch 80 step 575]  loss=4.74e-01  l1=4.74e-01  l2=0.00e+00  psnr=16.4  cos=0.6647
[epoch 80 step 600]  loss=5.41e-01  l1=5.41e-01  l2=0.00e+00  psnr=15.6  cos=0.6143
[epoch 80 step 625]  loss=5.29e-01  l1=5.29e-01  l2=0.00e+00  psnr=15.4  cos=0.6230
[epoch 80 step 650]  loss=5.13e-01  l1=5.13e-01  l2=0.00e+00  psnr=15.8  cos=0.6475
[epoch 80 step 675]  loss=5.16e-01  l1=5.16e-01  l2=0.00e+00  psnr=15.6  cos=0.6502
[epoch 80 step 700]  loss=4.75e-01  l1=4.75e-01  l2=0.00e+00  psnr=16.2  cos=0.6836
[epoch 80 step 725]  loss=5.23e-01  l1=5.23e-01  l2=0.00e+00  psnr=15.7  cos=0.6398
[epoch 80 step 750]  loss=5.21e-01  l1=5.21e-01  l2=0.00e+00  psnr=15.6  cos=0.6545
[epoch 80 step 775]  loss=5.05e-01  l1=5.05e-01  l2=0.00e+00  psnr=15.7  cos=0.6536
[epoch 80 step 800]  loss=5.12e-01  l1=5.12e-01  l2=0.00e+00  psnr=15.8  cos=0.6596
[epoch 80 step 825]  loss=4.85e-01  l1=4.85e-01  l2=0.00e+00  psnr=16.0  cos=0.6815
[epoch 80 step 850]  loss=4.98e-01  l1=4.98e-01  l2=0.00e+00  psnr=15.7  cos=0.6666
[epoch 80 step 875]  loss=5.15e-01  l1=5.15e-01  l2=0.00e+00  psnr=15.7  cos=0.6560
[epoch 80 step 900]  loss=5.25e-01  l1=5.25e-01  l2=0.00e+00  psnr=15.5  cos=0.6431
[epoch 80 step 925]  loss=5.16e-01  l1=5.16e-01  l2=0.00e+00  psnr=16.0  cos=0.6263
[epoch 80 step 950]  loss=4.97e-01  l1=4.97e-01  l2=0.00e+00  psnr=16.0  cos=0.6600
[epoch 80 step 975]  loss=4.98e-01  l1=4.98e-01  l2=0.00e+00  psnr=15.8  cos=0.6503
[epoch 80 step 1000]  loss=5.05e-01  l1=5.05e-01  l2=0.00e+00  psnr=15.8  cos=0.6641
[epoch 80 step 1025]  loss=4.90e-01  l1=4.90e-01  l2=0.00e+00  psnr=16.3  cos=0.6514
[epoch 80 step 1050]  loss=5.20e-01  l1=5.20e-01  l2=0.00e+00  psnr=15.7  cos=0.6492
[epoch 80 step 1075]  loss=5.14e-01  l1=5.14e-01  l2=0.00e+00  psnr=15.8  cos=0.6568
[epoch 80 step 1100]  loss=4.83e-01  l1=4.83e-01  l2=0.00e+00  psnr=16.0  cos=0.6808
[epoch 80 step 1125]  loss=5.20e-01  l1=5.20e-01  l2=0.00e+00  psnr=15.8  cos=0.6361
[epoch 80 step 1150]  loss=5.38e-01  l1=5.38e-01  l2=0.00e+00  psnr=15.2  cos=0.6544
[epoch 80 step 1175]  loss=4.89e-01  l1=4.89e-01  l2=0.00e+00  psnr=16.0  cos=0.6710
[epoch 80 step 1200]  loss=4.91e-01  l1=4.91e-01  l2=0.00e+00  psnr=15.9  cos=0.6478
[epoch 80 step 1225]  loss=4.94e-01  l1=4.94e-01  l2=0.00e+00  psnr=16.1  cos=0.6467
[epoch 80 DONE]  final_loss=5.46e-01  psnr=16.09  cos=0.6467
[checkpoint] /workspace/runs/trial_toy_d3t/checkpoints/epoch_0080.pt
[val epoch 80]  latent_l1=0.5005  latent_l2=0.7495  latent_psnr=25.9590
[best] new best latent_psnr=25.9590 (prev=25.9578) -> /workspace/runs/trial_toy_d3t/checkpoints/best.pt
[epoch 81 step 000]  loss=4.82e-01  l1=4.82e-01  l2=0.00e+00  psnr=16.2  cos=0.6651
[epoch 81 step 025]  loss=4.89e-01  l1=4.89e-01  l2=0.00e+00  psnr=16.0  cos=0.6812
[epoch 81 step 050]  loss=5.65e-01  l1=5.65e-01  l2=0.00e+00  psnr=15.1  cos=0.6178
[epoch 81 step 075]  loss=5.16e-01  l1=5.16e-01  l2=0.00e+00  psnr=15.4  cos=0.6568
[epoch 81 step 100]  loss=5.07e-01  l1=5.07e-01  l2=0.00e+00  psnr=16.0  cos=0.6376
[epoch 81 step 125]  loss=4.93e-01  l1=4.93e-01  l2=0.00e+00  psnr=15.7  cos=0.6713
[epoch 81 step 150]  loss=4.89e-01  l1=4.89e-01  l2=0.00e+00  psnr=16.2  cos=0.6651
[epoch 81 step 175]  loss=4.89e-01  l1=4.89e-01  l2=0.00e+00  psnr=15.9  cos=0.6655
[epoch 81 step 200]  loss=4.96e-01  l1=4.96e-01  l2=0.00e+00  psnr=16.0  cos=0.6572
[epoch 81 step 225]  loss=5.28e-01  l1=5.28e-01  l2=0.00e+00  psnr=15.5  cos=0.6443
[epoch 81 step 250]  loss=5.08e-01  l1=5.08e-01  l2=0.00e+00  psnr=15.8  cos=0.6446
[epoch 81 step 275]  loss=5.13e-01  l1=5.13e-01  l2=0.00e+00  psnr=15.5  cos=0.6443
[epoch 81 step 300]  loss=4.97e-01  l1=4.97e-01  l2=0.00e+00  psnr=16.0  cos=0.6813
[epoch 81 step 325]  loss=4.82e-01  l1=4.82e-01  l2=0.00e+00  psnr=16.0  cos=0.6803
[epoch 81 step 350]  loss=4.89e-01  l1=4.89e-01  l2=0.00e+00  psnr=16.2  cos=0.6532
[epoch 81 step 375]  loss=5.31e-01  l1=5.31e-01  l2=0.00e+00  psnr=15.5  cos=0.6342
[epoch 81 step 400]  loss=5.05e-01  l1=5.05e-01  l2=0.00e+00  psnr=16.0  cos=0.6532
[epoch 81 step 425]  loss=4.69e-01  l1=4.69e-01  l2=0.00e+00  psnr=16.5  cos=0.6837
[epoch 81 step 450]  loss=5.17e-01  l1=5.17e-01  l2=0.00e+00  psnr=15.6  cos=0.6460
[epoch 81 step 475]  loss=4.65e-01  l1=4.65e-01  l2=0.00e+00  psnr=16.7  cos=0.6785
[epoch 81 step 500]  loss=5.26e-01  l1=5.26e-01  l2=0.00e+00  psnr=15.4  cos=0.6506
[epoch 81 step 525]  loss=5.07e-01  l1=5.07e-01  l2=0.00e+00  psnr=15.7  cos=0.6684
[epoch 81 step 550]  loss=5.14e-01  l1=5.14e-01  l2=0.00e+00  psnr=15.7  cos=0.6535
[epoch 81 step 575]  loss=5.08e-01  l1=5.08e-01  l2=0.00e+00  psnr=15.7  cos=0.6612
[epoch 81 step 600]  loss=5.16e-01  l1=5.16e-01  l2=0.00e+00  psnr=15.6  cos=0.6603
[epoch 81 step 625]  loss=4.65e-01  l1=4.65e-01  l2=0.00e+00  psnr=16.6  cos=0.6831
[epoch 81 step 650]  loss=5.03e-01  l1=5.03e-01  l2=0.00e+00  psnr=15.7  cos=0.6661
[epoch 81 step 675]  loss=5.15e-01  l1=5.15e-01  l2=0.00e+00  psnr=15.7  cos=0.6532
[epoch 81 step 700]  loss=4.98e-01  l1=4.98e-01  l2=0.00e+00  psnr=15.9  cos=0.6685
[epoch 81 step 725]  loss=4.82e-01  l1=4.82e-01  l2=0.00e+00  psnr=16.0  cos=0.6765
[epoch 81 step 750]  loss=4.81e-01  l1=4.81e-01  l2=0.00e+00  psnr=16.1  cos=0.6861
[epoch 81 step 775]  loss=4.73e-01  l1=4.73e-01  l2=0.00e+00  psnr=16.5  cos=0.6777
[epoch 81 step 800]  loss=4.92e-01  l1=4.92e-01  l2=0.00e+00  psnr=16.1  cos=0.6729
[epoch 81 step 825]  loss=4.95e-01  l1=4.95e-01  l2=0.00e+00  psnr=15.9  cos=0.6632
[epoch 81 step 850]  loss=5.04e-01  l1=5.04e-01  l2=0.00e+00  psnr=15.8  cos=0.6557
[epoch 81 step 875]  loss=4.92e-01  l1=4.92e-01  l2=0.00e+00  psnr=16.1  cos=0.6572
[epoch 81 step 900]  loss=5.27e-01  l1=5.27e-01  l2=0.00e+00  psnr=15.5  cos=0.6374
[epoch 81 step 925]  loss=4.78e-01  l1=4.78e-01  l2=0.00e+00  psnr=16.1  cos=0.6744
[epoch 81 step 950]  loss=5.05e-01  l1=5.05e-01  l2=0.00e+00  psnr=15.9  cos=0.6402
[epoch 81 step 975]  loss=5.18e-01  l1=5.18e-01  l2=0.00e+00  psnr=15.7  cos=0.6487
[epoch 81 step 1000]  loss=5.44e-01  l1=5.44e-01  l2=0.00e+00  psnr=15.2  cos=0.6366
[epoch 81 step 1025]  loss=5.00e-01  l1=5.00e-01  l2=0.00e+00  psnr=16.0  cos=0.6598
[epoch 81 step 1050]  loss=5.11e-01  l1=5.11e-01  l2=0.00e+00  psnr=15.8  cos=0.6539
[epoch 81 step 1075]  loss=5.33e-01  l1=5.33e-01  l2=0.00e+00  psnr=15.5  cos=0.6263
[epoch 81 step 1100]  loss=5.33e-01  l1=5.33e-01  l2=0.00e+00  psnr=15.3  cos=0.6298
[epoch 81 step 1125]  loss=4.95e-01  l1=4.95e-01  l2=0.00e+00  psnr=16.1  cos=0.6619
[epoch 81 step 1150]  loss=4.66e-01  l1=4.66e-01  l2=0.00e+00  psnr=16.3  cos=0.6969
[epoch 81 step 1175]  loss=4.97e-01  l1=4.97e-01  l2=0.00e+00  psnr=16.3  cos=0.6543
[epoch 81 step 1200]  loss=5.09e-01  l1=5.09e-01  l2=0.00e+00  psnr=15.9  cos=0.6432
[epoch 81 step 1225]  loss=5.47e-01  l1=5.47e-01  l2=0.00e+00  psnr=15.1  cos=0.6401
[epoch 81 DONE]  final_loss=5.19e-01  psnr=15.07  cos=0.6401
[checkpoint] /workspace/runs/trial_toy_d3t/checkpoints/epoch_0081.pt
[val epoch 81]  latent_l1=0.5005  latent_l2=0.7492  latent_psnr=25.9617
[best] new best latent_psnr=25.9617 (prev=25.9590) -> /workspace/runs/trial_toy_d3t/checkpoints/best.pt
[epoch 82 step 000]  loss=4.89e-01  l1=4.89e-01  l2=0.00e+00  psnr=16.1  cos=0.6630
[epoch 82 step 025]  loss=5.23e-01  l1=5.23e-01  l2=0.00e+00  psnr=15.8  cos=0.6347
[epoch 82 step 050]  loss=4.93e-01  l1=4.93e-01  l2=0.00e+00  psnr=16.1  cos=0.6703
[epoch 82 step 075]  loss=5.27e-01  l1=5.27e-01  l2=0.00e+00  psnr=15.4  cos=0.6395
[epoch 82 step 100]  loss=5.15e-01  l1=5.15e-01  l2=0.00e+00  psnr=15.7  cos=0.6480
[epoch 82 step 125]  loss=4.95e-01  l1=4.95e-01  l2=0.00e+00  psnr=16.0  cos=0.6561
[epoch 82 step 150]  loss=5.00e-01  l1=5.00e-01  l2=0.00e+00  psnr=15.9  cos=0.6618
[epoch 82 step 175]  loss=4.98e-01  l1=4.98e-01  l2=0.00e+00  psnr=15.9  cos=0.6674
[epoch 82 step 200]  loss=4.87e-01  l1=4.87e-01  l2=0.00e+00  psnr=16.0  cos=0.6888
[epoch 82 step 225]  loss=5.23e-01  l1=5.23e-01  l2=0.00e+00  psnr=15.6  cos=0.6527
[epoch 82 step 250]  loss=5.30e-01  l1=5.30e-01  l2=0.00e+00  psnr=15.6  cos=0.6434
[epoch 82 step 275]  loss=5.25e-01  l1=5.25e-01  l2=0.00e+00  psnr=15.8  cos=0.6301
[epoch 82 step 300]  loss=4.91e-01  l1=4.91e-01  l2=0.00e+00  psnr=16.0  cos=0.6653
[epoch 82 step 325]  loss=5.09e-01  l1=5.09e-01  l2=0.00e+00  psnr=15.9  cos=0.6657
[epoch 82 step 350]  loss=5.09e-01  l1=5.09e-01  l2=0.00e+00  psnr=15.7  cos=0.6488
[epoch 82 step 375]  loss=5.09e-01  l1=5.09e-01  l2=0.00e+00  psnr=16.0  cos=0.6470
[epoch 82 step 400]  loss=5.04e-01  l1=5.04e-01  l2=0.00e+00  psnr=15.8  cos=0.6597
[epoch 82 step 425]  loss=5.18e-01  l1=5.18e-01  l2=0.00e+00  psnr=15.7  cos=0.6532
[epoch 82 step 450]  loss=4.94e-01  l1=4.94e-01  l2=0.00e+00  psnr=15.9  cos=0.6615
[epoch 82 step 475]  loss=5.35e-01  l1=5.35e-01  l2=0.00e+00  psnr=15.4  cos=0.6360
[epoch 82 step 500]  loss=4.77e-01  l1=4.77e-01  l2=0.00e+00  psnr=16.3  cos=0.6735
[epoch 82 step 525]  loss=5.22e-01  l1=5.22e-01  l2=0.00e+00  psnr=15.7  cos=0.6305
[epoch 82 step 550]  loss=5.10e-01  l1=5.10e-01  l2=0.00e+00  psnr=15.9  cos=0.6424
[epoch 82 step 575]  loss=5.09e-01  l1=5.09e-01  l2=0.00e+00  psnr=16.0  cos=0.6481
[epoch 82 step 600]  loss=4.90e-01  l1=4.90e-01  l2=0.00e+00  psnr=15.9  cos=0.6708
[epoch 82 step 625]  loss=4.62e-01  l1=4.62e-01  l2=0.00e+00  psnr=16.3  cos=0.6976
[epoch 82 step 650]  loss=4.72e-01  l1=4.72e-01  l2=0.00e+00  psnr=16.1  cos=0.6822
[epoch 82 step 675]  loss=4.79e-01  l1=4.79e-01  l2=0.00e+00  psnr=16.1  cos=0.6857
[epoch 82 step 700]  loss=5.09e-01  l1=5.09e-01  l2=0.00e+00  psnr=15.7  cos=0.6641
[epoch 82 step 725]  loss=5.07e-01  l1=5.07e-01  l2=0.00e+00  psnr=15.8  cos=0.6485
[epoch 82 step 750]  loss=5.11e-01  l1=5.11e-01  l2=0.00e+00  psnr=15.8  cos=0.6482
[epoch 82 step 775]  loss=5.02e-01  l1=5.02e-01  l2=0.00e+00  psnr=15.9  cos=0.6674
[epoch 82 step 800]  loss=4.96e-01  l1=4.96e-01  l2=0.00e+00  psnr=16.1  cos=0.6557
[epoch 82 step 825]  loss=4.98e-01  l1=4.98e-01  l2=0.00e+00  psnr=16.1  cos=0.6503
[epoch 82 step 850]  loss=5.01e-01  l1=5.01e-01  l2=0.00e+00  psnr=16.0  cos=0.6524
[epoch 82 step 875]  loss=4.76e-01  l1=4.76e-01  l2=0.00e+00  psnr=16.3  cos=0.6610
[epoch 82 step 900]  loss=5.09e-01  l1=5.09e-01  l2=0.00e+00  psnr=15.7  cos=0.6508
[epoch 82 step 925]  loss=4.78e-01  l1=4.78e-01  l2=0.00e+00  psnr=16.1  cos=0.6872
[epoch 82 step 950]  loss=5.46e-01  l1=5.46e-01  l2=0.00e+00  psnr=15.2  cos=0.6293
[epoch 82 step 975]  loss=5.15e-01  l1=5.15e-01  l2=0.00e+00  psnr=15.9  cos=0.6462
[epoch 82 step 1000]  loss=4.97e-01  l1=4.97e-01  l2=0.00e+00  psnr=15.9  cos=0.6816
[epoch 82 step 1025]  loss=4.87e-01  l1=4.87e-01  l2=0.00e+00  psnr=15.9  cos=0.6906
[epoch 82 step 1050]  loss=4.80e-01  l1=4.80e-01  l2=0.00e+00  psnr=16.3  cos=0.6852
[epoch 82 step 1075]  loss=4.75e-01  l1=4.75e-01  l2=0.00e+00  psnr=16.4  cos=0.6639
[epoch 82 step 1100]  loss=5.67e-01  l1=5.67e-01  l2=0.00e+00  psnr=15.1  cos=0.6118
[epoch 82 step 1125]  loss=5.03e-01  l1=5.03e-01  l2=0.00e+00  psnr=15.9  cos=0.6581
[epoch 82 step 1150]  loss=5.14e-01  l1=5.14e-01  l2=0.00e+00  psnr=15.7  cos=0.6520
[epoch 82 step 1175]  loss=4.87e-01  l1=4.87e-01  l2=0.00e+00  psnr=16.0  cos=0.6778
[epoch 82 step 1200]  loss=5.00e-01  l1=5.00e-01  l2=0.00e+00  psnr=16.1  cos=0.6622
[epoch 82 step 1225]  loss=5.07e-01  l1=5.07e-01  l2=0.00e+00  psnr=15.7  cos=0.6581
[epoch 82 DONE]  final_loss=5.29e-01  psnr=15.71  cos=0.6581
[checkpoint] /workspace/runs/trial_toy_d3t/checkpoints/epoch_0082.pt
[val epoch 82]  latent_l1=0.5012  latent_l2=0.7495  latent_psnr=25.9583
[epoch 83 step 000]  loss=5.01e-01  l1=5.01e-01  l2=0.00e+00  psnr=15.9  cos=0.6678
[epoch 83 step 025]  loss=5.01e-01  l1=5.01e-01  l2=0.00e+00  psnr=16.0  cos=0.6462
[epoch 83 step 050]  loss=4.60e-01  l1=4.60e-01  l2=0.00e+00  psnr=16.7  cos=0.6915
[epoch 83 step 075]  loss=5.25e-01  l1=5.25e-01  l2=0.00e+00  psnr=15.7  cos=0.6564
[epoch 83 step 100]  loss=4.72e-01  l1=4.72e-01  l2=0.00e+00  psnr=16.4  cos=0.6657
[epoch 83 step 125]  loss=4.98e-01  l1=4.98e-01  l2=0.00e+00  psnr=15.8  cos=0.6656
[epoch 83 step 150]  loss=4.80e-01  l1=4.80e-01  l2=0.00e+00  psnr=16.4  cos=0.6651
[epoch 83 step 175]  loss=5.07e-01  l1=5.07e-01  l2=0.00e+00  psnr=15.7  cos=0.6616
[epoch 83 step 200]  loss=5.07e-01  l1=5.07e-01  l2=0.00e+00  psnr=15.8  cos=0.6400
[epoch 83 step 225]  loss=4.91e-01  l1=4.91e-01  l2=0.00e+00  psnr=16.0  cos=0.6605
[epoch 83 step 250]  loss=4.78e-01  l1=4.78e-01  l2=0.00e+00  psnr=16.4  cos=0.6690
[epoch 83 step 275]  loss=4.67e-01  l1=4.67e-01  l2=0.00e+00  psnr=16.5  cos=0.6817
[epoch 83 step 300]  loss=4.95e-01  l1=4.95e-01  l2=0.00e+00  psnr=15.8  cos=0.6753
[epoch 83 step 325]  loss=4.70e-01  l1=4.70e-01  l2=0.00e+00  psnr=16.0  cos=0.6898
[epoch 83 step 350]  loss=5.37e-01  l1=5.37e-01  l2=0.00e+00  psnr=15.3  cos=0.6447
[epoch 83 step 375]  loss=4.89e-01  l1=4.89e-01  l2=0.00e+00  psnr=16.2  cos=0.6683
[epoch 83 step 400]  loss=4.89e-01  l1=4.89e-01  l2=0.00e+00  psnr=16.2  cos=0.6616
[epoch 83 step 425]  loss=5.21e-01  l1=5.21e-01  l2=0.00e+00  psnr=15.7  cos=0.6317
[epoch 83 step 450]  loss=4.85e-01  l1=4.85e-01  l2=0.00e+00  psnr=16.2  cos=0.6638
[epoch 83 step 475]  loss=4.89e-01  l1=4.89e-01  l2=0.00e+00  psnr=16.2  cos=0.6647
[epoch 83 step 500]  loss=5.17e-01  l1=5.17e-01  l2=0.00e+00  psnr=15.8  cos=0.6411
[epoch 83 step 525]  loss=5.45e-01  l1=5.45e-01  l2=0.00e+00  psnr=15.0  cos=0.6535
[epoch 83 step 550]  loss=4.47e-01  l1=4.47e-01  l2=0.00e+00  psnr=16.6  cos=0.6968
[epoch 83 step 575]  loss=4.66e-01  l1=4.66e-01  l2=0.00e+00  psnr=16.3  cos=0.6918
[epoch 83 step 600]  loss=5.38e-01  l1=5.38e-01  l2=0.00e+00  psnr=15.3  cos=0.6304
[epoch 83 step 625]  loss=5.00e-01  l1=5.00e-01  l2=0.00e+00  psnr=15.8  cos=0.6623
[epoch 83 step 650]  loss=5.00e-01  l1=5.00e-01  l2=0.00e+00  psnr=16.0  cos=0.6637
[epoch 83 step 675]  loss=5.08e-01  l1=5.08e-01  l2=0.00e+00  psnr=15.7  cos=0.6543
[epoch 83 step 700]  loss=5.21e-01  l1=5.21e-01  l2=0.00e+00  psnr=15.8  cos=0.6376
[epoch 83 step 725]  loss=5.30e-01  l1=5.30e-01  l2=0.00e+00  psnr=15.4  cos=0.6379
[epoch 83 step 750]  loss=5.37e-01  l1=5.37e-01  l2=0.00e+00  psnr=15.4  cos=0.6318
[epoch 83 step 775]  loss=4.97e-01  l1=4.97e-01  l2=0.00e+00  psnr=15.9  cos=0.6574
[epoch 83 step 800]  loss=5.23e-01  l1=5.23e-01  l2=0.00e+00  psnr=15.6  cos=0.6351
[epoch 83 step 825]  loss=4.73e-01  l1=4.73e-01  l2=0.00e+00  psnr=16.4  cos=0.6772
[epoch 83 step 850]  loss=4.71e-01  l1=4.71e-01  l2=0.00e+00  psnr=16.4  cos=0.6796
[epoch 83 step 875]  loss=4.52e-01  l1=4.52e-01  l2=0.00e+00  psnr=16.6  cos=0.7008
[epoch 83 step 900]  loss=5.28e-01  l1=5.28e-01  l2=0.00e+00  psnr=15.6  cos=0.6464
[epoch 83 step 925]  loss=4.78e-01  l1=4.78e-01  l2=0.00e+00  psnr=16.5  cos=0.6767
[epoch 83 step 950]  loss=4.81e-01  l1=4.81e-01  l2=0.00e+00  psnr=15.9  cos=0.6815
[epoch 83 step 975]  loss=5.30e-01  l1=5.30e-01  l2=0.00e+00  psnr=15.5  cos=0.6400
[epoch 83 step 1000]  loss=5.17e-01  l1=5.17e-01  l2=0.00e+00  psnr=15.7  cos=0.6594
[epoch 83 step 1025]  loss=4.76e-01  l1=4.76e-01  l2=0.00e+00  psnr=16.3  cos=0.6805
[epoch 83 step 1050]  loss=4.82e-01  l1=4.82e-01  l2=0.00e+00  psnr=16.2  cos=0.6813
[epoch 83 step 1075]  loss=4.99e-01  l1=4.99e-01  l2=0.00e+00  psnr=15.9  cos=0.6704
[epoch 83 step 1100]  loss=4.91e-01  l1=4.91e-01  l2=0.00e+00  psnr=16.2  cos=0.6617
[epoch 83 step 1125]  loss=4.82e-01  l1=4.82e-01  l2=0.00e+00  psnr=16.1  cos=0.6669
[epoch 83 step 1150]  loss=4.90e-01  l1=4.90e-01  l2=0.00e+00  psnr=15.7  cos=0.6887
[epoch 83 step 1175]  loss=5.07e-01  l1=5.07e-01  l2=0.00e+00  psnr=15.9  cos=0.6580
[epoch 83 step 1200]  loss=5.15e-01  l1=5.15e-01  l2=0.00e+00  psnr=15.6  cos=0.6637
[epoch 83 step 1225]  loss=5.16e-01  l1=5.16e-01  l2=0.00e+00  psnr=15.7  cos=0.6439
[epoch 83 DONE]  final_loss=4.94e-01  psnr=15.71  cos=0.6439
[checkpoint] /workspace/runs/trial_toy_d3t/checkpoints/epoch_0083.pt
[val epoch 83]  latent_l1=0.4996  latent_l2=0.7479  latent_psnr=25.9766
[best] new best latent_psnr=25.9766 (prev=25.9617) -> /workspace/runs/trial_toy_d3t/checkpoints/best.pt
[epoch 84 step 000]  loss=5.12e-01  l1=5.12e-01  l2=0.00e+00  psnr=15.7  cos=0.6581
[epoch 84 step 025]  loss=5.01e-01  l1=5.01e-01  l2=0.00e+00  psnr=16.0  cos=0.6442
[epoch 84 step 050]  loss=5.23e-01  l1=5.23e-01  l2=0.00e+00  psnr=15.3  cos=0.6598
[epoch 84 step 075]  loss=5.32e-01  l1=5.32e-01  l2=0.00e+00  psnr=15.5  cos=0.6329
[epoch 84 step 100]  loss=5.17e-01  l1=5.17e-01  l2=0.00e+00  psnr=15.6  cos=0.6523
[epoch 84 step 125]  loss=5.10e-01  l1=5.10e-01  l2=0.00e+00  psnr=15.8  cos=0.6491
[epoch 84 step 150]  loss=4.87e-01  l1=4.87e-01  l2=0.00e+00  psnr=16.1  cos=0.6597
[epoch 84 step 175]  loss=5.27e-01  l1=5.27e-01  l2=0.00e+00  psnr=15.6  cos=0.6361
[epoch 84 step 200]  loss=5.36e-01  l1=5.36e-01  l2=0.00e+00  psnr=15.6  cos=0.6425
[epoch 84 step 225]  loss=4.80e-01  l1=4.80e-01  l2=0.00e+00  psnr=15.9  cos=0.6833
[epoch 84 step 250]  loss=4.96e-01  l1=4.96e-01  l2=0.00e+00  psnr=15.8  cos=0.6695
[epoch 84 step 275]  loss=5.01e-01  l1=5.01e-01  l2=0.00e+00  psnr=16.1  cos=0.6427
[epoch 84 step 300]  loss=4.93e-01  l1=4.93e-01  l2=0.00e+00  psnr=15.9  cos=0.6694
[epoch 84 step 325]  loss=5.32e-01  l1=5.32e-01  l2=0.00e+00  psnr=15.4  cos=0.6181
[epoch 84 step 350]  loss=4.32e-01  l1=4.32e-01  l2=0.00e+00  psnr=16.5  cos=0.7244
[epoch 84 step 375]  loss=5.32e-01  l1=5.32e-01  l2=0.00e+00  psnr=15.4  cos=0.6502
[epoch 84 step 400]  loss=4.92e-01  l1=4.92e-01  l2=0.00e+00  psnr=15.7  cos=0.6805
[epoch 84 step 425]  loss=5.35e-01  l1=5.35e-01  l2=0.00e+00  psnr=15.4  cos=0.6249
[epoch 84 step 450]  loss=5.03e-01  l1=5.03e-01  l2=0.00e+00  psnr=15.7  cos=0.6566
[epoch 84 step 475]  loss=4.65e-01  l1=4.65e-01  l2=0.00e+00  psnr=16.2  cos=0.7015
[epoch 84 step 500]  loss=4.81e-01  l1=4.81e-01  l2=0.00e+00  psnr=16.1  cos=0.6880
[epoch 84 step 525]  loss=4.98e-01  l1=4.98e-01  l2=0.00e+00  psnr=16.0  cos=0.6390
[epoch 84 step 550]  loss=5.64e-01  l1=5.64e-01  l2=0.00e+00  psnr=14.9  cos=0.6244
[epoch 84 step 575]  loss=4.94e-01  l1=4.94e-01  l2=0.00e+00  psnr=15.7  cos=0.6616
[epoch 84 step 600]  loss=5.14e-01  l1=5.14e-01  l2=0.00e+00  psnr=15.5  cos=0.6606
[epoch 84 step 625]  loss=5.14e-01  l1=5.14e-01  l2=0.00e+00  psnr=15.9  cos=0.6396
[epoch 84 step 650]  loss=5.29e-01  l1=5.29e-01  l2=0.00e+00  psnr=15.5  cos=0.6523
[epoch 84 step 675]  loss=5.08e-01  l1=5.08e-01  l2=0.00e+00  psnr=15.7  cos=0.6556
[epoch 84 step 700]  loss=4.97e-01  l1=4.97e-01  l2=0.00e+00  psnr=15.7  cos=0.6638
[epoch 84 step 725]  loss=4.81e-01  l1=4.81e-01  l2=0.00e+00  psnr=16.0  cos=0.6858
[epoch 84 step 750]  loss=5.14e-01  l1=5.14e-01  l2=0.00e+00  psnr=15.8  cos=0.6555
[epoch 84 step 775]  loss=5.41e-01  l1=5.41e-01  l2=0.00e+00  psnr=15.3  cos=0.6324
[epoch 84 step 800]  loss=5.01e-01  l1=5.01e-01  l2=0.00e+00  psnr=15.7  cos=0.6694
[epoch 84 step 825]  loss=5.21e-01  l1=5.21e-01  l2=0.00e+00  psnr=15.7  cos=0.6458
[epoch 84 step 850]  loss=5.07e-01  l1=5.07e-01  l2=0.00e+00  psnr=15.9  cos=0.6408
[epoch 84 step 875]  loss=5.05e-01  l1=5.05e-01  l2=0.00e+00  psnr=15.8  cos=0.6499
[epoch 84 step 900]  loss=4.68e-01  l1=4.68e-01  l2=0.00e+00  psnr=16.1  cos=0.6806
[epoch 84 step 925]  loss=5.07e-01  l1=5.07e-01  l2=0.00e+00  psnr=15.6  cos=0.6682
[epoch 84 step 950]  loss=4.77e-01  l1=4.77e-01  l2=0.00e+00  psnr=16.1  cos=0.6927
[epoch 84 step 975]  loss=5.38e-01  l1=5.38e-01  l2=0.00e+00  psnr=15.3  cos=0.6201
[epoch 84 step 1000]  loss=4.97e-01  l1=4.97e-01  l2=0.00e+00  psnr=16.1  cos=0.6666
[epoch 84 step 1025]  loss=5.04e-01  l1=5.04e-01  l2=0.00e+00  psnr=15.8  cos=0.6690
[epoch 84 step 1050]  loss=4.99e-01  l1=4.99e-01  l2=0.00e+00  psnr=16.1  cos=0.6591
[epoch 84 step 1075]  loss=4.68e-01  l1=4.68e-01  l2=0.00e+00  psnr=16.1  cos=0.6999
[epoch 84 step 1100]  loss=5.16e-01  l1=5.16e-01  l2=0.00e+00  psnr=15.7  cos=0.6444
[epoch 84 step 1125]  loss=4.62e-01  l1=4.62e-01  l2=0.00e+00  psnr=16.5  cos=0.6931
[epoch 84 step 1150]  loss=5.18e-01  l1=5.18e-01  l2=0.00e+00  psnr=15.7  cos=0.6536
[epoch 84 step 1175]  loss=4.88e-01  l1=4.88e-01  l2=0.00e+00  psnr=15.8  cos=0.6799
[epoch 84 step 1200]  loss=5.34e-01  l1=5.34e-01  l2=0.00e+00  psnr=15.5  cos=0.6374
[epoch 84 step 1225]  loss=4.86e-01  l1=4.86e-01  l2=0.00e+00  psnr=16.2  cos=0.6712
[epoch 84 DONE]  final_loss=4.93e-01  psnr=16.19  cos=0.6712
[checkpoint] /workspace/runs/trial_toy_d3t/checkpoints/epoch_0084.pt
[val epoch 84]  latent_l1=0.4997  latent_l2=0.7483  latent_psnr=25.9725
[epoch 85 step 000]  loss=4.95e-01  l1=4.95e-01  l2=0.00e+00  psnr=16.2  cos=0.6515
[epoch 85 step 025]  loss=4.95e-01  l1=4.95e-01  l2=0.00e+00  psnr=15.6  cos=0.6893
[epoch 85 step 050]  loss=4.79e-01  l1=4.79e-01  l2=0.00e+00  psnr=16.0  cos=0.6714
[epoch 85 step 075]  loss=4.76e-01  l1=4.76e-01  l2=0.00e+00  psnr=16.5  cos=0.6764
[epoch 85 step 100]  loss=5.36e-01  l1=5.36e-01  l2=0.00e+00  psnr=15.3  cos=0.6405
[epoch 85 step 125]  loss=5.33e-01  l1=5.33e-01  l2=0.00e+00  psnr=15.3  cos=0.6598
[epoch 85 step 150]  loss=4.98e-01  l1=4.98e-01  l2=0.00e+00  psnr=15.8  cos=0.6684
[epoch 85 step 175]  loss=4.63e-01  l1=4.63e-01  l2=0.00e+00  psnr=16.6  cos=0.6889
[epoch 85 step 200]  loss=4.72e-01  l1=4.72e-01  l2=0.00e+00  psnr=16.3  cos=0.6782
[epoch 85 step 225]  loss=5.01e-01  l1=5.01e-01  l2=0.00e+00  psnr=15.8  cos=0.6657
[epoch 85 step 250]  loss=5.12e-01  l1=5.12e-01  l2=0.00e+00  psnr=15.6  cos=0.6753
[epoch 85 step 275]  loss=5.33e-01  l1=5.33e-01  l2=0.00e+00  psnr=15.6  cos=0.6132
[epoch 85 step 300]  loss=5.00e-01  l1=5.00e-01  l2=0.00e+00  psnr=15.9  cos=0.6577
[epoch 85 step 325]  loss=4.98e-01  l1=4.98e-01  l2=0.00e+00  psnr=15.9  cos=0.6718
[epoch 85 step 350]  loss=4.85e-01  l1=4.85e-01  l2=0.00e+00  psnr=16.3  cos=0.6669
[epoch 85 step 375]  loss=5.25e-01  l1=5.25e-01  l2=0.00e+00  psnr=15.6  cos=0.6455
[epoch 85 step 400]  loss=5.39e-01  l1=5.39e-01  l2=0.00e+00  psnr=15.5  cos=0.5978
[epoch 85 step 425]  loss=4.89e-01  l1=4.89e-01  l2=0.00e+00  psnr=16.3  cos=0.6665
[epoch 85 step 450]  loss=4.64e-01  l1=4.64e-01  l2=0.00e+00  psnr=16.4  cos=0.6911
[epoch 85 step 475]  loss=5.51e-01  l1=5.51e-01  l2=0.00e+00  psnr=15.0  cos=0.6424
[epoch 85 step 500]  loss=5.00e-01  l1=5.00e-01  l2=0.00e+00  psnr=15.8  cos=0.6614
[epoch 85 step 525]  loss=4.99e-01  l1=4.99e-01  l2=0.00e+00  psnr=15.6  cos=0.6711
[epoch 85 step 550]  loss=5.36e-01  l1=5.36e-01  l2=0.00e+00  psnr=15.4  cos=0.6474
[epoch 85 step 575]  loss=5.12e-01  l1=5.12e-01  l2=0.00e+00  psnr=15.8  cos=0.6652
[epoch 85 step 600]  loss=5.06e-01  l1=5.06e-01  l2=0.00e+00  psnr=15.9  cos=0.6688
[epoch 85 step 625]  loss=5.21e-01  l1=5.21e-01  l2=0.00e+00  psnr=15.6  cos=0.6407
[epoch 85 step 650]  loss=5.17e-01  l1=5.17e-01  l2=0.00e+00  psnr=15.6  cos=0.6582
[epoch 85 step 675]  loss=5.10e-01  l1=5.10e-01  l2=0.00e+00  psnr=15.7  cos=0.6684
[epoch 85 step 700]  loss=5.06e-01  l1=5.06e-01  l2=0.00e+00  psnr=15.8  cos=0.6606
[epoch 85 step 725]  loss=4.98e-01  l1=4.98e-01  l2=0.00e+00  psnr=16.0  cos=0.6573
[epoch 85 step 750]  loss=4.83e-01  l1=4.83e-01  l2=0.00e+00  psnr=16.1  cos=0.6784
[epoch 85 step 775]  loss=5.01e-01  l1=5.01e-01  l2=0.00e+00  psnr=15.7  cos=0.6738
[epoch 85 step 800]  loss=4.93e-01  l1=4.93e-01  l2=0.00e+00  psnr=16.1  cos=0.6627
[epoch 85 step 825]  loss=5.12e-01  l1=5.12e-01  l2=0.00e+00  psnr=15.7  cos=0.6355
[epoch 85 step 850]  loss=4.97e-01  l1=4.97e-01  l2=0.00e+00  psnr=16.0  cos=0.6608
[epoch 85 step 875]  loss=4.91e-01  l1=4.91e-01  l2=0.00e+00  psnr=16.0  cos=0.6664
[epoch 85 step 900]  loss=5.21e-01  l1=5.21e-01  l2=0.00e+00  psnr=15.6  cos=0.6462
[epoch 85 step 925]  loss=5.04e-01  l1=5.04e-01  l2=0.00e+00  psnr=15.8  cos=0.6670
[epoch 85 step 950]  loss=5.39e-01  l1=5.39e-01  l2=0.00e+00  psnr=15.3  cos=0.6447
[epoch 85 step 975]  loss=4.93e-01  l1=4.93e-01  l2=0.00e+00  psnr=15.8  cos=0.6826
[epoch 85 step 1000]  loss=5.05e-01  l1=5.05e-01  l2=0.00e+00  psnr=15.8  cos=0.6583
[epoch 85 step 1025]  loss=4.88e-01  l1=4.88e-01  l2=0.00e+00  psnr=16.2  cos=0.6664
[epoch 85 step 1050]  loss=5.21e-01  l1=5.21e-01  l2=0.00e+00  psnr=15.5  cos=0.6466
[epoch 85 step 1075]  loss=4.94e-01  l1=4.94e-01  l2=0.00e+00  psnr=16.1  cos=0.6609
[epoch 85 step 1100]  loss=4.65e-01  l1=4.65e-01  l2=0.00e+00  psnr=16.3  cos=0.6883
[epoch 85 step 1125]  loss=4.83e-01  l1=4.83e-01  l2=0.00e+00  psnr=16.2  cos=0.6828
[epoch 85 step 1150]  loss=5.18e-01  l1=5.18e-01  l2=0.00e+00  psnr=15.6  cos=0.6619
[epoch 85 step 1175]  loss=4.99e-01  l1=4.99e-01  l2=0.00e+00  psnr=16.1  cos=0.6381
[epoch 85 step 1200]  loss=5.39e-01  l1=5.39e-01  l2=0.00e+00  psnr=15.3  cos=0.6277
[epoch 85 step 1225]  loss=5.05e-01  l1=5.05e-01  l2=0.00e+00  psnr=15.8  cos=0.6771
[epoch 85 DONE]  final_loss=4.91e-01  psnr=15.77  cos=0.6771
[checkpoint] /workspace/runs/trial_toy_d3t/checkpoints/epoch_0085.pt
[val epoch 85]  latent_l1=0.5009  latent_l2=0.7492  latent_psnr=25.9614
[epoch 86 step 000]  loss=5.06e-01  l1=5.06e-01  l2=0.00e+00  psnr=15.9  cos=0.6553
[epoch 86 step 025]  loss=5.01e-01  l1=5.01e-01  l2=0.00e+00  psnr=16.0  cos=0.6590
[epoch 86 step 050]  loss=4.85e-01  l1=4.85e-01  l2=0.00e+00  psnr=16.4  cos=0.6659
[epoch 86 step 075]  loss=4.97e-01  l1=4.97e-01  l2=0.00e+00  psnr=16.2  cos=0.6543
[epoch 86 step 100]  loss=5.20e-01  l1=5.20e-01  l2=0.00e+00  psnr=15.8  cos=0.6396
[epoch 86 step 125]  loss=4.96e-01  l1=4.96e-01  l2=0.00e+00  psnr=16.0  cos=0.6735
[epoch 86 step 150]  loss=5.09e-01  l1=5.09e-01  l2=0.00e+00  psnr=16.0  cos=0.6526
[epoch 86 step 175]  loss=5.06e-01  l1=5.06e-01  l2=0.00e+00  psnr=15.9  cos=0.6504
[epoch 86 step 200]  loss=4.82e-01  l1=4.82e-01  l2=0.00e+00  psnr=16.0  cos=0.6652
[epoch 86 step 225]  loss=4.95e-01  l1=4.95e-01  l2=0.00e+00  psnr=15.8  cos=0.6778
[epoch 86 step 250]  loss=5.04e-01  l1=5.04e-01  l2=0.00e+00  psnr=15.6  cos=0.6748
[epoch 86 step 275]  loss=5.06e-01  l1=5.06e-01  l2=0.00e+00  psnr=15.8  cos=0.6694
[epoch 86 step 300]  loss=5.09e-01  l1=5.09e-01  l2=0.00e+00  psnr=15.7  cos=0.6665
[epoch 86 step 325]  loss=5.14e-01  l1=5.14e-01  l2=0.00e+00  psnr=15.8  cos=0.6306
[epoch 86 step 350]  loss=4.96e-01  l1=4.96e-01  l2=0.00e+00  psnr=16.0  cos=0.6563
[epoch 86 step 375]  loss=5.25e-01  l1=5.25e-01  l2=0.00e+00  psnr=15.5  cos=0.6498
[epoch 86 step 400]  loss=4.61e-01  l1=4.61e-01  l2=0.00e+00  psnr=16.5  cos=0.6903
[epoch 86 step 425]  loss=4.79e-01  l1=4.79e-01  l2=0.00e+00  psnr=16.1  cos=0.6667
[epoch 86 step 450]  loss=5.21e-01  l1=5.21e-01  l2=0.00e+00  psnr=15.6  cos=0.6503
[epoch 86 step 475]  loss=4.80e-01  l1=4.80e-01  l2=0.00e+00  psnr=16.1  cos=0.6818
[epoch 86 step 500]  loss=5.03e-01  l1=5.03e-01  l2=0.00e+00  psnr=15.7  cos=0.6742
[epoch 86 step 525]  loss=4.96e-01  l1=4.96e-01  l2=0.00e+00  psnr=16.3  cos=0.6617
[epoch 86 step 550]  loss=5.05e-01  l1=5.05e-01  l2=0.00e+00  psnr=16.1  cos=0.6437
[epoch 86 step 575]  loss=5.11e-01  l1=5.11e-01  l2=0.00e+00  psnr=15.7  cos=0.6559
[epoch 86 step 600]  loss=5.07e-01  l1=5.07e-01  l2=0.00e+00  psnr=16.0  cos=0.6462
[epoch 86 step 625]  loss=5.02e-01  l1=5.02e-01  l2=0.00e+00  psnr=15.9  cos=0.6715
[epoch 86 step 650]  loss=4.90e-01  l1=4.90e-01  l2=0.00e+00  psnr=15.8  cos=0.6782
[epoch 86 step 675]  loss=4.95e-01  l1=4.95e-01  l2=0.00e+00  psnr=15.7  cos=0.6754
[epoch 86 step 700]  loss=5.42e-01  l1=5.42e-01  l2=0.00e+00  psnr=15.2  cos=0.6553
[epoch 86 step 725]  loss=4.74e-01  l1=4.74e-01  l2=0.00e+00  psnr=16.4  cos=0.6814
[epoch 86 step 750]  loss=5.02e-01  l1=5.02e-01  l2=0.00e+00  psnr=15.8  cos=0.6628
[epoch 86 step 775]  loss=5.23e-01  l1=5.23e-01  l2=0.00e+00  psnr=15.7  cos=0.6450
[epoch 86 step 800]  loss=5.25e-01  l1=5.25e-01  l2=0.00e+00  psnr=15.5  cos=0.6446
[epoch 86 step 825]  loss=5.00e-01  l1=5.00e-01  l2=0.00e+00  psnr=15.9  cos=0.6631
[epoch 86 step 850]  loss=5.22e-01  l1=5.22e-01  l2=0.00e+00  psnr=15.5  cos=0.6481
[epoch 86 step 875]  loss=5.08e-01  l1=5.08e-01  l2=0.00e+00  psnr=15.8  cos=0.6577
[epoch 86 step 900]  loss=5.07e-01  l1=5.07e-01  l2=0.00e+00  psnr=16.0  cos=0.6601
[epoch 86 step 925]  loss=5.04e-01  l1=5.04e-01  l2=0.00e+00  psnr=15.9  cos=0.6628
[epoch 86 step 950]  loss=5.05e-01  l1=5.05e-01  l2=0.00e+00  psnr=15.6  cos=0.6684
[epoch 86 step 975]  loss=4.94e-01  l1=4.94e-01  l2=0.00e+00  psnr=16.1  cos=0.6632
[epoch 86 step 1000]  loss=5.02e-01  l1=5.02e-01  l2=0.00e+00  psnr=15.9  cos=0.6491
[epoch 86 step 1025]  loss=4.95e-01  l1=4.95e-01  l2=0.00e+00  psnr=16.0  cos=0.6581
[epoch 86 step 1050]  loss=4.74e-01  l1=4.74e-01  l2=0.00e+00  psnr=16.3  cos=0.6858
[epoch 86 step 1075]  loss=5.13e-01  l1=5.13e-01  l2=0.00e+00  psnr=15.8  cos=0.6489
[epoch 86 step 1100]  loss=4.69e-01  l1=4.69e-01  l2=0.00e+00  psnr=16.3  cos=0.6857
[epoch 86 step 1125]  loss=4.91e-01  l1=4.91e-01  l2=0.00e+00  psnr=16.0  cos=0.6649
[epoch 86 step 1150]  loss=4.83e-01  l1=4.83e-01  l2=0.00e+00  psnr=16.0  cos=0.6711
[epoch 86 step 1175]  loss=4.86e-01  l1=4.86e-01  l2=0.00e+00  psnr=16.3  cos=0.6791
[epoch 86 step 1200]  loss=5.28e-01  l1=5.28e-01  l2=0.00e+00  psnr=15.7  cos=0.6256
[epoch 86 step 1225]  loss=4.58e-01  l1=4.58e-01  l2=0.00e+00  psnr=16.7  cos=0.6968
[epoch 86 DONE]  final_loss=5.10e-01  psnr=16.66  cos=0.6968
[checkpoint] /workspace/runs/trial_toy_d3t/checkpoints/epoch_0086.pt
[val epoch 86]  latent_l1=0.4996  latent_l2=0.7479  latent_psnr=25.9768
[best] new best latent_psnr=25.9768 (prev=25.9766) -> /workspace/runs/trial_toy_d3t/checkpoints/best.pt
[epoch 87 step 000]  loss=5.09e-01  l1=5.09e-01  l2=0.00e+00  psnr=15.9  cos=0.6514
[epoch 87 step 025]  loss=4.97e-01  l1=4.97e-01  l2=0.00e+00  psnr=16.2  cos=0.6479
[epoch 87 step 050]  loss=5.42e-01  l1=5.42e-01  l2=0.00e+00  psnr=15.2  cos=0.6455
[epoch 87 step 075]  loss=5.00e-01  l1=5.00e-01  l2=0.00e+00  psnr=15.8  cos=0.6502
[epoch 87 step 100]  loss=4.96e-01  l1=4.96e-01  l2=0.00e+00  psnr=15.7  cos=0.6788
[epoch 87 step 125]  loss=4.98e-01  l1=4.98e-01  l2=0.00e+00  psnr=15.8  cos=0.6616
[epoch 87 step 150]  loss=4.95e-01  l1=4.95e-01  l2=0.00e+00  psnr=16.1  cos=0.6616
[epoch 87 step 175]  loss=4.68e-01  l1=4.68e-01  l2=0.00e+00  psnr=16.0  cos=0.7030
[epoch 87 step 200]  loss=5.03e-01  l1=5.03e-01  l2=0.00e+00  psnr=15.7  cos=0.6750
[epoch 87 step 225]  loss=4.90e-01  l1=4.90e-01  l2=0.00e+00  psnr=15.8  cos=0.6787
[epoch 87 step 250]  loss=5.22e-01  l1=5.22e-01  l2=0.00e+00  psnr=15.7  cos=0.6464
[epoch 87 step 275]  loss=4.65e-01  l1=4.65e-01  l2=0.00e+00  psnr=16.5  cos=0.6781
[epoch 87 step 300]  loss=5.42e-01  l1=5.42e-01  l2=0.00e+00  psnr=15.4  cos=0.6120
[epoch 87 step 325]  loss=4.58e-01  l1=4.58e-01  l2=0.00e+00  psnr=16.5  cos=0.6836
[epoch 87 step 350]  loss=4.96e-01  l1=4.96e-01  l2=0.00e+00  psnr=15.9  cos=0.6550
[epoch 87 step 375]  loss=4.93e-01  l1=4.93e-01  l2=0.00e+00  psnr=15.9  cos=0.6687
[epoch 87 step 400]  loss=4.91e-01  l1=4.91e-01  l2=0.00e+00  psnr=15.8  cos=0.6784
[epoch 87 step 425]  loss=5.01e-01  l1=5.01e-01  l2=0.00e+00  psnr=15.8  cos=0.6732
[epoch 87 step 450]  loss=5.01e-01  l1=5.01e-01  l2=0.00e+00  psnr=16.1  cos=0.6548
[epoch 87 step 475]  loss=5.28e-01  l1=5.28e-01  l2=0.00e+00  psnr=15.6  cos=0.6356
[epoch 87 step 500]  loss=5.20e-01  l1=5.20e-01  l2=0.00e+00  psnr=15.7  cos=0.6492
[epoch 87 step 525]  loss=5.16e-01  l1=5.16e-01  l2=0.00e+00  psnr=15.7  cos=0.6495
[epoch 87 step 550]  loss=5.06e-01  l1=5.06e-01  l2=0.00e+00  psnr=15.8  cos=0.6540
[epoch 87 step 575]  loss=4.99e-01  l1=4.99e-01  l2=0.00e+00  psnr=16.2  cos=0.6573
[epoch 87 step 600]  loss=5.00e-01  l1=5.00e-01  l2=0.00e+00  psnr=15.9  cos=0.6599
[epoch 87 step 625]  loss=5.14e-01  l1=5.14e-01  l2=0.00e+00  psnr=15.7  cos=0.6524
[epoch 87 step 650]  loss=4.92e-01  l1=4.92e-01  l2=0.00e+00  psnr=16.1  cos=0.6710
[epoch 87 step 675]  loss=4.77e-01  l1=4.77e-01  l2=0.00e+00  psnr=16.3  cos=0.6685
[epoch 87 step 700]  loss=5.47e-01  l1=5.47e-01  l2=0.00e+00  psnr=15.3  cos=0.6227
[epoch 87 step 725]  loss=4.86e-01  l1=4.86e-01  l2=0.00e+00  psnr=16.2  cos=0.6658
[epoch 87 step 750]  loss=5.06e-01  l1=5.06e-01  l2=0.00e+00  psnr=15.9  cos=0.6563
[epoch 87 step 775]  loss=5.48e-01  l1=5.48e-01  l2=0.00e+00  psnr=15.1  cos=0.6451
[epoch 87 step 800]  loss=5.03e-01  l1=5.03e-01  l2=0.00e+00  psnr=15.7  cos=0.6453
[epoch 87 step 825]  loss=5.00e-01  l1=5.00e-01  l2=0.00e+00  psnr=15.9  cos=0.6639
[epoch 87 step 850]  loss=4.86e-01  l1=4.86e-01  l2=0.00e+00  psnr=16.1  cos=0.6694
[epoch 87 step 875]  loss=4.85e-01  l1=4.85e-01  l2=0.00e+00  psnr=16.3  cos=0.6657
[epoch 87 step 900]  loss=5.18e-01  l1=5.18e-01  l2=0.00e+00  psnr=15.5  cos=0.6550
[epoch 87 step 925]  loss=5.00e-01  l1=5.00e-01  l2=0.00e+00  psnr=16.0  cos=0.6502
[epoch 87 step 950]  loss=5.07e-01  l1=5.07e-01  l2=0.00e+00  psnr=16.0  cos=0.6507
[epoch 87 step 975]  loss=4.59e-01  l1=4.59e-01  l2=0.00e+00  psnr=16.5  cos=0.6843
[epoch 87 step 1000]  loss=5.68e-01  l1=5.68e-01  l2=0.00e+00  psnr=15.0  cos=0.5947
[epoch 87 step 1025]  loss=4.91e-01  l1=4.91e-01  l2=0.00e+00  psnr=15.9  cos=0.6819
[epoch 87 step 1050]  loss=5.09e-01  l1=5.09e-01  l2=0.00e+00  psnr=15.9  cos=0.6471
[epoch 87 step 1075]  loss=4.88e-01  l1=4.88e-01  l2=0.00e+00  psnr=16.1  cos=0.6653
[epoch 87 step 1100]  loss=4.91e-01  l1=4.91e-01  l2=0.00e+00  psnr=16.2  cos=0.6563
[epoch 87 step 1125]  loss=4.85e-01  l1=4.85e-01  l2=0.00e+00  psnr=16.0  cos=0.6582
[epoch 87 step 1150]  loss=5.05e-01  l1=5.05e-01  l2=0.00e+00  psnr=15.8  cos=0.6594
[epoch 87 step 1175]  loss=5.27e-01  l1=5.27e-01  l2=0.00e+00  psnr=15.5  cos=0.6452
[epoch 87 step 1200]  loss=4.93e-01  l1=4.93e-01  l2=0.00e+00  psnr=16.2  cos=0.6740
[epoch 87 step 1225]  loss=4.61e-01  l1=4.61e-01  l2=0.00e+00  psnr=16.7  cos=0.6878
[epoch 87 DONE]  final_loss=4.96e-01  psnr=16.65  cos=0.6878
[checkpoint] /workspace/runs/trial_toy_d3t/checkpoints/epoch_0087.pt
[val epoch 87]  latent_l1=0.4993  latent_l2=0.7476  latent_psnr=25.9813
[best] new best latent_psnr=25.9813 (prev=25.9768) -> /workspace/runs/trial_toy_d3t/checkpoints/best.pt
[epoch 88 step 000]  loss=4.51e-01  l1=4.51e-01  l2=0.00e+00  psnr=16.3  cos=0.7020
[epoch 88 step 025]  loss=5.27e-01  l1=5.27e-01  l2=0.00e+00  psnr=15.6  cos=0.6442
[epoch 88 step 050]  loss=5.08e-01  l1=5.08e-01  l2=0.00e+00  psnr=15.8  cos=0.6545
[epoch 88 step 075]  loss=4.93e-01  l1=4.93e-01  l2=0.00e+00  psnr=15.9  cos=0.6702
[epoch 88 step 100]  loss=4.97e-01  l1=4.97e-01  l2=0.00e+00  psnr=16.1  cos=0.6678
[epoch 88 step 125]  loss=4.79e-01  l1=4.79e-01  l2=0.00e+00  psnr=16.4  cos=0.6703
[epoch 88 step 150]  loss=5.01e-01  l1=5.01e-01  l2=0.00e+00  psnr=15.8  cos=0.6756
[epoch 88 step 175]  loss=4.97e-01  l1=4.97e-01  l2=0.00e+00  psnr=16.1  cos=0.6514
[epoch 88 step 200]  loss=4.73e-01  l1=4.73e-01  l2=0.00e+00  psnr=16.4  cos=0.6761
[epoch 88 step 225]  loss=4.86e-01  l1=4.86e-01  l2=0.00e+00  psnr=16.0  cos=0.6687
[epoch 88 step 250]  loss=5.06e-01  l1=5.06e-01  l2=0.00e+00  psnr=15.9  cos=0.6637
[epoch 88 step 275]  loss=5.08e-01  l1=5.08e-01  l2=0.00e+00  psnr=15.9  cos=0.6514
[epoch 88 step 300]  loss=5.19e-01  l1=5.19e-01  l2=0.00e+00  psnr=15.5  cos=0.6459
[epoch 88 step 325]  loss=5.16e-01  l1=5.16e-01  l2=0.00e+00  psnr=15.9  cos=0.6341
[epoch 88 step 350]  loss=4.94e-01  l1=4.94e-01  l2=0.00e+00  psnr=16.0  cos=0.6759
[epoch 88 step 375]  loss=4.72e-01  l1=4.72e-01  l2=0.00e+00  psnr=16.4  cos=0.6779
[epoch 88 step 400]  loss=5.34e-01  l1=5.34e-01  l2=0.00e+00  psnr=15.4  cos=0.6465
[epoch 88 step 425]  loss=4.61e-01  l1=4.61e-01  l2=0.00e+00  psnr=16.6  cos=0.6715
[epoch 88 step 450]  loss=5.21e-01  l1=5.21e-01  l2=0.00e+00  psnr=15.5  cos=0.6504
[epoch 88 step 475]  loss=5.05e-01  l1=5.05e-01  l2=0.00e+00  psnr=15.7  cos=0.6658
[epoch 88 step 500]  loss=5.28e-01  l1=5.28e-01  l2=0.00e+00  psnr=15.9  cos=0.6185
[epoch 88 step 525]  loss=4.66e-01  l1=4.66e-01  l2=0.00e+00  psnr=16.4  cos=0.6758
[epoch 88 step 550]  loss=4.99e-01  l1=4.99e-01  l2=0.00e+00  psnr=15.8  cos=0.6706
[epoch 88 step 575]  loss=5.24e-01  l1=5.24e-01  l2=0.00e+00  psnr=15.6  cos=0.6401
[epoch 88 step 600]  loss=4.56e-01  l1=4.56e-01  l2=0.00e+00  psnr=16.6  cos=0.7016
[epoch 88 step 625]  loss=4.82e-01  l1=4.82e-01  l2=0.00e+00  psnr=16.2  cos=0.6834
[epoch 88 step 650]  loss=4.97e-01  l1=4.97e-01  l2=0.00e+00  psnr=15.9  cos=0.6579
[epoch 88 step 675]  loss=5.20e-01  l1=5.20e-01  l2=0.00e+00  psnr=15.5  cos=0.6586
[epoch 88 step 700]  loss=5.00e-01  l1=5.00e-01  l2=0.00e+00  psnr=15.6  cos=0.6713
[epoch 88 step 725]  loss=4.85e-01  l1=4.85e-01  l2=0.00e+00  psnr=16.3  cos=0.6671
[epoch 88 step 750]  loss=4.81e-01  l1=4.81e-01  l2=0.00e+00  psnr=16.1  cos=0.6753
[epoch 88 step 775]  loss=5.15e-01  l1=5.15e-01  l2=0.00e+00  psnr=15.6  cos=0.6495
[epoch 88 step 800]  loss=5.37e-01  l1=5.37e-01  l2=0.00e+00  psnr=15.2  cos=0.6507
[epoch 88 step 825]  loss=4.99e-01  l1=4.99e-01  l2=0.00e+00  psnr=15.8  cos=0.6483
[epoch 88 step 850]  loss=4.97e-01  l1=4.97e-01  l2=0.00e+00  psnr=15.8  cos=0.6609
[epoch 88 step 875]  loss=5.12e-01  l1=5.12e-01  l2=0.00e+00  psnr=15.8  cos=0.6527
[epoch 88 step 900]  loss=4.87e-01  l1=4.87e-01  l2=0.00e+00  psnr=16.2  cos=0.6775
[epoch 88 step 925]  loss=5.16e-01  l1=5.16e-01  l2=0.00e+00  psnr=15.7  cos=0.6495
[epoch 88 step 950]  loss=4.38e-01  l1=4.38e-01  l2=0.00e+00  psnr=16.6  cos=0.7082
[epoch 88 step 975]  loss=5.09e-01  l1=5.09e-01  l2=0.00e+00  psnr=15.7  cos=0.6651
[epoch 88 step 1000]  loss=4.90e-01  l1=4.90e-01  l2=0.00e+00  psnr=15.9  cos=0.6712
[epoch 88 step 1025]  loss=5.19e-01  l1=5.19e-01  l2=0.00e+00  psnr=15.7  cos=0.6346
[epoch 88 step 1050]  loss=5.40e-01  l1=5.40e-01  l2=0.00e+00  psnr=15.3  cos=0.6381
[epoch 88 step 1075]  loss=5.12e-01  l1=5.12e-01  l2=0.00e+00  psnr=15.7  cos=0.6621
[epoch 88 step 1100]  loss=5.23e-01  l1=5.23e-01  l2=0.00e+00  psnr=15.6  cos=0.6474
[epoch 88 step 1125]  loss=5.08e-01  l1=5.08e-01  l2=0.00e+00  psnr=15.5  cos=0.6758
[epoch 88 step 1150]  loss=4.48e-01  l1=4.48e-01  l2=0.00e+00  psnr=16.8  cos=0.7150
[epoch 88 step 1175]  loss=4.86e-01  l1=4.86e-01  l2=0.00e+00  psnr=16.1  cos=0.6719
[epoch 88 step 1200]  loss=4.64e-01  l1=4.64e-01  l2=0.00e+00  psnr=16.3  cos=0.7014
[epoch 88 step 1225]  loss=5.54e-01  l1=5.54e-01  l2=0.00e+00  psnr=15.4  cos=0.6268
[epoch 88 DONE]  final_loss=4.75e-01  psnr=15.37  cos=0.6268
[checkpoint] /workspace/runs/trial_toy_d3t/checkpoints/epoch_0088.pt
[val epoch 88]  latent_l1=0.4994  latent_l2=0.7483  latent_psnr=25.9725
[epoch 89 step 000]  loss=5.15e-01  l1=5.15e-01  l2=0.00e+00  psnr=15.5  cos=0.6591
[epoch 89 step 025]  loss=4.86e-01  l1=4.86e-01  l2=0.00e+00  psnr=16.0  cos=0.6721
[epoch 89 step 050]  loss=5.26e-01  l1=5.26e-01  l2=0.00e+00  psnr=15.5  cos=0.6566
[epoch 89 step 075]  loss=5.04e-01  l1=5.04e-01  l2=0.00e+00  psnr=15.9  cos=0.6565
[epoch 89 step 100]  loss=5.14e-01  l1=5.14e-01  l2=0.00e+00  psnr=15.7  cos=0.6680
[epoch 89 step 125]  loss=5.24e-01  l1=5.24e-01  l2=0.00e+00  psnr=15.6  cos=0.6336
[epoch 89 step 150]  loss=4.88e-01  l1=4.88e-01  l2=0.00e+00  psnr=16.2  cos=0.6693
[epoch 89 step 175]  loss=5.14e-01  l1=5.14e-01  l2=0.00e+00  psnr=15.7  cos=0.6378
[epoch 89 step 200]  loss=5.29e-01  l1=5.29e-01  l2=0.00e+00  psnr=15.5  cos=0.6370
[epoch 89 step 225]  loss=4.89e-01  l1=4.89e-01  l2=0.00e+00  psnr=16.0  cos=0.6710
[epoch 89 step 250]  loss=4.99e-01  l1=4.99e-01  l2=0.00e+00  psnr=15.8  cos=0.6686
[epoch 89 step 275]  loss=5.15e-01  l1=5.15e-01  l2=0.00e+00  psnr=15.5  cos=0.6629
[epoch 89 step 300]  loss=4.74e-01  l1=4.74e-01  l2=0.00e+00  psnr=16.5  cos=0.6872
[epoch 89 step 325]  loss=5.08e-01  l1=5.08e-01  l2=0.00e+00  psnr=15.9  cos=0.6449
[epoch 89 step 350]  loss=5.09e-01  l1=5.09e-01  l2=0.00e+00  psnr=15.7  cos=0.6674
[epoch 89 step 375]  loss=5.08e-01  l1=5.08e-01  l2=0.00e+00  psnr=16.0  cos=0.6430
[epoch 89 step 400]  loss=4.97e-01  l1=4.97e-01  l2=0.00e+00  psnr=15.8  cos=0.6822
[epoch 89 step 425]  loss=5.27e-01  l1=5.27e-01  l2=0.00e+00  psnr=15.7  cos=0.6368
[epoch 89 step 450]  loss=4.81e-01  l1=4.81e-01  l2=0.00e+00  psnr=16.3  cos=0.6674
[epoch 89 step 475]  loss=5.17e-01  l1=5.17e-01  l2=0.00e+00  psnr=15.8  cos=0.6488
[epoch 89 step 500]  loss=5.18e-01  l1=5.18e-01  l2=0.00e+00  psnr=15.6  cos=0.6529
[epoch 89 step 525]  loss=5.21e-01  l1=5.21e-01  l2=0.00e+00  psnr=15.7  cos=0.6421
[epoch 89 step 550]  loss=5.00e-01  l1=5.00e-01  l2=0.00e+00  psnr=15.8  cos=0.6676
[epoch 89 step 575]  loss=5.16e-01  l1=5.16e-01  l2=0.00e+00  psnr=15.6  cos=0.6516
[epoch 89 step 600]  loss=5.11e-01  l1=5.11e-01  l2=0.00e+00  psnr=15.6  cos=0.6637
[epoch 89 step 625]  loss=4.75e-01  l1=4.75e-01  l2=0.00e+00  psnr=16.4  cos=0.6661
[epoch 89 step 650]  loss=5.01e-01  l1=5.01e-01  l2=0.00e+00  psnr=16.0  cos=0.6664
[epoch 89 step 675]  loss=4.87e-01  l1=4.87e-01  l2=0.00e+00  psnr=16.3  cos=0.6661
[epoch 89 step 700]  loss=4.86e-01  l1=4.86e-01  l2=0.00e+00  psnr=16.1  cos=0.6597
[epoch 89 step 725]  loss=5.14e-01  l1=5.14e-01  l2=0.00e+00  psnr=15.6  cos=0.6551
[epoch 89 step 750]  loss=5.22e-01  l1=5.22e-01  l2=0.00e+00  psnr=15.7  cos=0.6429
[epoch 89 step 775]  loss=5.35e-01  l1=5.35e-01  l2=0.00e+00  psnr=15.3  cos=0.6408
[epoch 89 step 800]  loss=4.85e-01  l1=4.85e-01  l2=0.00e+00  psnr=16.2  cos=0.6694
[epoch 89 step 825]  loss=4.84e-01  l1=4.84e-01  l2=0.00e+00  psnr=16.0  cos=0.6794
[epoch 89 step 850]  loss=4.85e-01  l1=4.85e-01  l2=0.00e+00  psnr=16.0  cos=0.6700
[epoch 89 step 875]  loss=4.99e-01  l1=4.99e-01  l2=0.00e+00  psnr=15.8  cos=0.6736
[epoch 89 step 900]  loss=5.21e-01  l1=5.21e-01  l2=0.00e+00  psnr=15.6  cos=0.6455
[epoch 89 step 925]  loss=4.70e-01  l1=4.70e-01  l2=0.00e+00  psnr=16.2  cos=0.6920
[epoch 89 step 950]  loss=5.54e-01  l1=5.54e-01  l2=0.00e+00  psnr=15.2  cos=0.6155
[epoch 89 step 975]  loss=5.20e-01  l1=5.20e-01  l2=0.00e+00  psnr=15.6  cos=0.6580
[epoch 89 step 1000]  loss=4.89e-01  l1=4.89e-01  l2=0.00e+00  psnr=16.2  cos=0.6620
[epoch 89 step 1025]  loss=5.00e-01  l1=5.00e-01  l2=0.00e+00  psnr=15.8  cos=0.6678
[epoch 89 step 1050]  loss=4.96e-01  l1=4.96e-01  l2=0.00e+00  psnr=16.1  cos=0.6513
[epoch 89 step 1075]  loss=5.25e-01  l1=5.25e-01  l2=0.00e+00  psnr=15.6  cos=0.6530
[epoch 89 step 1100]  loss=5.64e-01  l1=5.64e-01  l2=0.00e+00  psnr=14.8  cos=0.6395
[epoch 89 step 1125]  loss=5.08e-01  l1=5.08e-01  l2=0.00e+00  psnr=15.8  cos=0.6595
[epoch 89 step 1150]  loss=4.78e-01  l1=4.78e-01  l2=0.00e+00  psnr=16.4  cos=0.6805
[epoch 89 step 1175]  loss=5.09e-01  l1=5.09e-01  l2=0.00e+00  psnr=15.7  cos=0.6607
[epoch 89 step 1200]  loss=5.36e-01  l1=5.36e-01  l2=0.00e+00  psnr=15.4  cos=0.6368
[epoch 89 step 1225]  loss=5.08e-01  l1=5.08e-01  l2=0.00e+00  psnr=15.9  cos=0.6519
[epoch 89 DONE]  final_loss=5.11e-01  psnr=15.87  cos=0.6519
[checkpoint] /workspace/runs/trial_toy_d3t/checkpoints/epoch_0089.pt
[val epoch 89]  latent_l1=0.4990  latent_l2=0.7473  latent_psnr=25.9841
[best] new best latent_psnr=25.9841 (prev=25.9813) -> /workspace/runs/trial_toy_d3t/checkpoints/best.pt
[epoch 90 step 000]  loss=4.73e-01  l1=4.73e-01  l2=0.00e+00  psnr=16.4  cos=0.6854
[epoch 90 step 025]  loss=4.88e-01  l1=4.88e-01  l2=0.00e+00  psnr=15.9  cos=0.6814
[epoch 90 step 050]  loss=4.78e-01  l1=4.78e-01  l2=0.00e+00  psnr=16.0  cos=0.6904
[epoch 90 step 075]  loss=5.06e-01  l1=5.06e-01  l2=0.00e+00  psnr=15.9  cos=0.6547
[epoch 90 step 100]  loss=5.41e-01  l1=5.41e-01  l2=0.00e+00  psnr=15.2  cos=0.6383
[epoch 90 step 125]  loss=5.21e-01  l1=5.21e-01  l2=0.00e+00  psnr=15.4  cos=0.6543
[epoch 90 step 150]  loss=5.05e-01  l1=5.05e-01  l2=0.00e+00  psnr=16.0  cos=0.6544
[epoch 90 step 175]  loss=4.89e-01  l1=4.89e-01  l2=0.00e+00  psnr=15.9  cos=0.6850
[epoch 90 step 200]  loss=4.81e-01  l1=4.81e-01  l2=0.00e+00  psnr=16.3  cos=0.6665
[epoch 90 step 225]  loss=4.70e-01  l1=4.70e-01  l2=0.00e+00  psnr=16.2  cos=0.6864
[epoch 90 step 250]  loss=4.81e-01  l1=4.81e-01  l2=0.00e+00  psnr=16.3  cos=0.6633
[epoch 90 step 275]  loss=5.22e-01  l1=5.22e-01  l2=0.00e+00  psnr=15.5  cos=0.6323
[epoch 90 step 300]  loss=5.03e-01  l1=5.03e-01  l2=0.00e+00  psnr=15.9  cos=0.6602
[epoch 90 step 325]  loss=5.07e-01  l1=5.07e-01  l2=0.00e+00  psnr=15.8  cos=0.6527
[epoch 90 step 350]  loss=5.12e-01  l1=5.12e-01  l2=0.00e+00  psnr=15.7  cos=0.6592
[epoch 90 step 375]  loss=5.37e-01  l1=5.37e-01  l2=0.00e+00  psnr=15.3  cos=0.6313
[epoch 90 step 400]  loss=4.65e-01  l1=4.65e-01  l2=0.00e+00  psnr=16.4  cos=0.6945
[epoch 90 step 425]  loss=5.30e-01  l1=5.30e-01  l2=0.00e+00  psnr=15.5  cos=0.6475
[epoch 90 step 450]  loss=5.06e-01  l1=5.06e-01  l2=0.00e+00  psnr=15.9  cos=0.6687
[epoch 90 step 475]  loss=4.91e-01  l1=4.91e-01  l2=0.00e+00  psnr=15.9  cos=0.6658
[epoch 90 step 500]  loss=4.93e-01  l1=4.93e-01  l2=0.00e+00  psnr=16.0  cos=0.6712
[epoch 90 step 525]  loss=5.48e-01  l1=5.48e-01  l2=0.00e+00  psnr=15.4  cos=0.6363
[epoch 90 step 550]  loss=4.73e-01  l1=4.73e-01  l2=0.00e+00  psnr=16.1  cos=0.6972
[epoch 90 step 575]  loss=4.83e-01  l1=4.83e-01  l2=0.00e+00  psnr=15.9  cos=0.6863
[epoch 90 step 600]  loss=4.68e-01  l1=4.68e-01  l2=0.00e+00  psnr=16.4  cos=0.6799
[epoch 90 step 625]  loss=5.15e-01  l1=5.15e-01  l2=0.00e+00  psnr=15.6  cos=0.6648
[epoch 90 step 650]  loss=5.00e-01  l1=5.00e-01  l2=0.00e+00  psnr=15.7  cos=0.6660
[epoch 90 step 675]  loss=5.02e-01  l1=5.02e-01  l2=0.00e+00  psnr=16.0  cos=0.6473
[epoch 90 step 700]  loss=4.90e-01  l1=4.90e-01  l2=0.00e+00  psnr=15.9  cos=0.6645
[epoch 90 step 725]  loss=5.47e-01  l1=5.47e-01  l2=0.00e+00  psnr=15.3  cos=0.6131
[epoch 90 step 750]  loss=5.01e-01  l1=5.01e-01  l2=0.00e+00  psnr=16.0  cos=0.6571
[epoch 90 step 775]  loss=4.86e-01  l1=4.86e-01  l2=0.00e+00  psnr=16.1  cos=0.6680
[epoch 90 step 800]  loss=4.89e-01  l1=4.89e-01  l2=0.00e+00  psnr=16.2  cos=0.6760
[epoch 90 step 825]  loss=5.03e-01  l1=5.03e-01  l2=0.00e+00  psnr=15.6  cos=0.6712
[epoch 90 step 850]  loss=5.07e-01  l1=5.07e-01  l2=0.00e+00  psnr=15.8  cos=0.6421
[epoch 90 step 875]  loss=5.15e-01  l1=5.15e-01  l2=0.00e+00  psnr=15.5  cos=0.6622
[epoch 90 step 900]  loss=5.31e-01  l1=5.31e-01  l2=0.00e+00  psnr=15.4  cos=0.6413
[epoch 90 step 925]  loss=5.21e-01  l1=5.21e-01  l2=0.00e+00  psnr=15.5  cos=0.6293
[epoch 90 step 950]  loss=4.52e-01  l1=4.52e-01  l2=0.00e+00  psnr=16.5  cos=0.7019
[epoch 90 step 975]  loss=5.78e-01  l1=5.78e-01  l2=0.00e+00  psnr=14.9  cos=0.6157
[epoch 90 step 1000]  loss=5.14e-01  l1=5.14e-01  l2=0.00e+00  psnr=15.8  cos=0.6472
[epoch 90 step 1025]  loss=5.02e-01  l1=5.02e-01  l2=0.00e+00  psnr=16.0  cos=0.6617
[epoch 90 step 1050]  loss=4.85e-01  l1=4.85e-01  l2=0.00e+00  psnr=16.2  cos=0.6712
[epoch 90 step 1075]  loss=4.91e-01  l1=4.91e-01  l2=0.00e+00  psnr=16.1  cos=0.6687
[epoch 90 step 1100]  loss=5.14e-01  l1=5.14e-01  l2=0.00e+00  psnr=15.9  cos=0.6487
[epoch 90 step 1125]  loss=4.99e-01  l1=4.99e-01  l2=0.00e+00  psnr=16.0  cos=0.6584
[epoch 90 step 1150]  loss=4.77e-01  l1=4.77e-01  l2=0.00e+00  psnr=16.5  cos=0.6731
[epoch 90 step 1175]  loss=5.12e-01  l1=5.12e-01  l2=0.00e+00  psnr=15.7  cos=0.6614
[epoch 90 step 1200]  loss=4.90e-01  l1=4.90e-01  l2=0.00e+00  psnr=15.9  cos=0.6694
[epoch 90 step 1225]  loss=5.20e-01  l1=5.20e-01  l2=0.00e+00  psnr=15.7  cos=0.6426
[epoch 90 DONE]  final_loss=5.10e-01  psnr=15.68  cos=0.6426
[checkpoint] /workspace/runs/trial_toy_d3t/checkpoints/epoch_0090.pt
[val epoch 90]  latent_l1=0.4986  latent_l2=0.7469  latent_psnr=25.9890
[best] new best latent_psnr=25.9890 (prev=25.9841) -> /workspace/runs/trial_toy_d3t/checkpoints/best.pt
[epoch 91 step 000]  loss=4.93e-01  l1=4.93e-01  l2=0.00e+00  psnr=16.0  cos=0.6671
[epoch 91 step 025]  loss=4.93e-01  l1=4.93e-01  l2=0.00e+00  psnr=15.9  cos=0.6651
[epoch 91 step 050]  loss=4.95e-01  l1=4.95e-01  l2=0.00e+00  psnr=15.9  cos=0.6810
[epoch 91 step 075]  loss=4.90e-01  l1=4.90e-01  l2=0.00e+00  psnr=15.9  cos=0.6771
[epoch 91 step 100]  loss=5.07e-01  l1=5.07e-01  l2=0.00e+00  psnr=15.8  cos=0.6536
[epoch 91 step 125]  loss=5.03e-01  l1=5.03e-01  l2=0.00e+00  psnr=15.8  cos=0.6758
[epoch 91 step 150]  loss=5.22e-01  l1=5.22e-01  l2=0.00e+00  psnr=15.7  cos=0.6419
[epoch 91 step 175]  loss=4.86e-01  l1=4.86e-01  l2=0.00e+00  psnr=16.1  cos=0.6673
[epoch 91 step 200]  loss=4.93e-01  l1=4.93e-01  l2=0.00e+00  psnr=16.3  cos=0.6643
[epoch 91 step 225]  loss=4.98e-01  l1=4.98e-01  l2=0.00e+00  psnr=16.0  cos=0.6593
[epoch 91 step 250]  loss=4.82e-01  l1=4.82e-01  l2=0.00e+00  psnr=16.1  cos=0.6810
[epoch 91 step 275]  loss=4.91e-01  l1=4.91e-01  l2=0.00e+00  psnr=16.0  cos=0.6716
[epoch 91 step 300]  loss=4.90e-01  l1=4.90e-01  l2=0.00e+00  psnr=16.0  cos=0.6753
[epoch 91 step 325]  loss=5.00e-01  l1=5.00e-01  l2=0.00e+00  psnr=15.8  cos=0.6841
[epoch 91 step 350]  loss=4.85e-01  l1=4.85e-01  l2=0.00e+00  psnr=16.2  cos=0.6569
[epoch 91 step 375]  loss=5.03e-01  l1=5.03e-01  l2=0.00e+00  psnr=15.8  cos=0.6666
[epoch 91 step 400]  loss=5.21e-01  l1=5.21e-01  l2=0.00e+00  psnr=15.7  cos=0.6473
[epoch 91 step 425]  loss=4.92e-01  l1=4.92e-01  l2=0.00e+00  psnr=16.2  cos=0.6506
[epoch 91 step 450]  loss=4.57e-01  l1=4.57e-01  l2=0.00e+00  psnr=16.5  cos=0.6938
[epoch 91 step 475]  loss=5.21e-01  l1=5.21e-01  l2=0.00e+00  psnr=15.4  cos=0.6479
[epoch 91 step 500]  loss=5.16e-01  l1=5.16e-01  l2=0.00e+00  psnr=15.4  cos=0.6532
[epoch 91 step 525]  loss=4.91e-01  l1=4.91e-01  l2=0.00e+00  psnr=16.2  cos=0.6716
[epoch 91 step 550]  loss=4.87e-01  l1=4.87e-01  l2=0.00e+00  psnr=15.9  cos=0.6840
[epoch 91 step 575]  loss=4.72e-01  l1=4.72e-01  l2=0.00e+00  psnr=16.1  cos=0.6824
[epoch 91 step 600]  loss=5.02e-01  l1=5.02e-01  l2=0.00e+00  psnr=15.8  cos=0.6680
[epoch 91 step 625]  loss=5.14e-01  l1=5.14e-01  l2=0.00e+00  psnr=15.7  cos=0.6504
[epoch 91 step 650]  loss=5.01e-01  l1=5.01e-01  l2=0.00e+00  psnr=15.6  cos=0.6830
[epoch 91 step 675]  loss=5.26e-01  l1=5.26e-01  l2=0.00e+00  psnr=15.5  cos=0.6520
[epoch 91 step 700]  loss=5.14e-01  l1=5.14e-01  l2=0.00e+00  psnr=15.5  cos=0.6742
[epoch 91 step 725]  loss=4.75e-01  l1=4.75e-01  l2=0.00e+00  psnr=16.3  cos=0.6782
[epoch 91 step 750]  loss=4.68e-01  l1=4.68e-01  l2=0.00e+00  psnr=16.2  cos=0.6887
[epoch 91 step 775]  loss=5.16e-01  l1=5.16e-01  l2=0.00e+00  psnr=15.7  cos=0.6400
[epoch 91 step 800]  loss=4.83e-01  l1=4.83e-01  l2=0.00e+00  psnr=16.1  cos=0.6795
[epoch 91 step 825]  loss=4.96e-01  l1=4.96e-01  l2=0.00e+00  psnr=15.9  cos=0.6622
[epoch 91 step 850]  loss=5.05e-01  l1=5.05e-01  l2=0.00e+00  psnr=16.0  cos=0.6520
[epoch 91 step 875]  loss=4.85e-01  l1=4.85e-01  l2=0.00e+00  psnr=16.0  cos=0.6708
[epoch 91 step 900]  loss=4.93e-01  l1=4.93e-01  l2=0.00e+00  psnr=16.1  cos=0.6563
[epoch 91 step 925]  loss=4.96e-01  l1=4.96e-01  l2=0.00e+00  psnr=16.1  cos=0.6409
[epoch 91 step 950]  loss=4.97e-01  l1=4.97e-01  l2=0.00e+00  psnr=16.0  cos=0.6582
[epoch 91 step 975]  loss=4.87e-01  l1=4.87e-01  l2=0.00e+00  psnr=16.3  cos=0.6587
[epoch 91 step 1000]  loss=4.92e-01  l1=4.92e-01  l2=0.00e+00  psnr=16.1  cos=0.6696
[epoch 91 step 1025]  loss=4.95e-01  l1=4.95e-01  l2=0.00e+00  psnr=16.2  cos=0.6619
[epoch 91 step 1050]  loss=4.82e-01  l1=4.82e-01  l2=0.00e+00  psnr=16.3  cos=0.6675
[epoch 91 step 1075]  loss=5.28e-01  l1=5.28e-01  l2=0.00e+00  psnr=15.5  cos=0.6442
[epoch 91 step 1100]  loss=5.10e-01  l1=5.10e-01  l2=0.00e+00  psnr=15.9  cos=0.6572
[epoch 91 step 1125]  loss=5.15e-01  l1=5.15e-01  l2=0.00e+00  psnr=15.8  cos=0.6389
[epoch 91 step 1150]  loss=5.11e-01  l1=5.11e-01  l2=0.00e+00  psnr=15.9  cos=0.6451
[epoch 91 step 1175]  loss=5.00e-01  l1=5.00e-01  l2=0.00e+00  psnr=16.0  cos=0.6682
[epoch 91 step 1200]  loss=4.61e-01  l1=4.61e-01  l2=0.00e+00  psnr=16.7  cos=0.6820
[epoch 91 step 1225]  loss=4.86e-01  l1=4.86e-01  l2=0.00e+00  psnr=16.4  cos=0.6741
[epoch 91 DONE]  final_loss=4.92e-01  psnr=16.39  cos=0.6741
[checkpoint] /workspace/runs/trial_toy_d3t/checkpoints/epoch_0091.pt
[val epoch 91]  latent_l1=0.4981  latent_l2=0.7463  latent_psnr=25.9954
[best] new best latent_psnr=25.9954 (prev=25.9890) -> /workspace/runs/trial_toy_d3t/checkpoints/best.pt
[epoch 92 step 000]  loss=5.06e-01  l1=5.06e-01  l2=0.00e+00  psnr=15.8  cos=0.6539
[epoch 92 step 025]  loss=4.75e-01  l1=4.75e-01  l2=0.00e+00  psnr=16.3  cos=0.6685
[epoch 92 step 050]  loss=4.95e-01  l1=4.95e-01  l2=0.00e+00  psnr=16.2  cos=0.6651
[epoch 92 step 075]  loss=5.16e-01  l1=5.16e-01  l2=0.00e+00  psnr=15.7  cos=0.6379
[epoch 92 step 100]  loss=5.28e-01  l1=5.28e-01  l2=0.00e+00  psnr=15.6  cos=0.6431
[epoch 92 step 125]  loss=4.82e-01  l1=4.82e-01  l2=0.00e+00  psnr=16.4  cos=0.6708
[epoch 92 step 150]  loss=5.12e-01  l1=5.12e-01  l2=0.00e+00  psnr=15.9  cos=0.6439
[epoch 92 step 175]  loss=5.15e-01  l1=5.15e-01  l2=0.00e+00  psnr=15.8  cos=0.6383
[epoch 92 step 200]  loss=5.00e-01  l1=5.00e-01  l2=0.00e+00  psnr=15.5  cos=0.6848
[epoch 92 step 225]  loss=4.86e-01  l1=4.86e-01  l2=0.00e+00  psnr=16.2  cos=0.6657
[epoch 92 step 250]  loss=4.96e-01  l1=4.96e-01  l2=0.00e+00  psnr=15.9  cos=0.6734
[epoch 92 step 275]  loss=5.00e-01  l1=5.00e-01  l2=0.00e+00  psnr=15.9  cos=0.6640
[epoch 92 step 300]  loss=4.76e-01  l1=4.76e-01  l2=0.00e+00  psnr=16.1  cos=0.6728
[epoch 92 step 325]  loss=5.02e-01  l1=5.02e-01  l2=0.00e+00  psnr=15.7  cos=0.6840
[epoch 92 step 350]  loss=5.23e-01  l1=5.23e-01  l2=0.00e+00  psnr=15.4  cos=0.6589
[epoch 92 step 375]  loss=5.21e-01  l1=5.21e-01  l2=0.00e+00  psnr=15.3  cos=0.6587
[epoch 92 step 400]  loss=4.85e-01  l1=4.85e-01  l2=0.00e+00  psnr=16.1  cos=0.6805
[epoch 92 step 425]  loss=4.95e-01  l1=4.95e-01  l2=0.00e+00  psnr=15.9  cos=0.6701
[epoch 92 step 450]  loss=5.24e-01  l1=5.24e-01  l2=0.00e+00  psnr=15.5  cos=0.6385
[epoch 92 step 475]  loss=5.39e-01  l1=5.39e-01  l2=0.00e+00  psnr=15.6  cos=0.6161
[epoch 92 step 500]  loss=4.67e-01  l1=4.67e-01  l2=0.00e+00  psnr=16.4  cos=0.6908
[epoch 92 step 525]  loss=5.03e-01  l1=5.03e-01  l2=0.00e+00  psnr=15.7  cos=0.6440
[epoch 92 step 550]  loss=4.96e-01  l1=4.96e-01  l2=0.00e+00  psnr=15.9  cos=0.6685
[epoch 92 step 575]  loss=4.88e-01  l1=4.88e-01  l2=0.00e+00  psnr=15.9  cos=0.6779
[epoch 92 step 600]  loss=4.74e-01  l1=4.74e-01  l2=0.00e+00  psnr=16.2  cos=0.6892
[epoch 92 step 625]  loss=5.18e-01  l1=5.18e-01  l2=0.00e+00  psnr=15.4  cos=0.6584
[epoch 92 step 650]  loss=5.20e-01  l1=5.20e-01  l2=0.00e+00  psnr=15.4  cos=0.6657
[epoch 92 step 675]  loss=4.44e-01  l1=4.44e-01  l2=0.00e+00  psnr=16.5  cos=0.7131
[epoch 92 step 700]  loss=5.04e-01  l1=5.04e-01  l2=0.00e+00  psnr=15.8  cos=0.6689
[epoch 92 step 725]  loss=5.35e-01  l1=5.35e-01  l2=0.00e+00  psnr=15.3  cos=0.6401
[epoch 92 step 750]  loss=5.08e-01  l1=5.08e-01  l2=0.00e+00  psnr=15.7  cos=0.6574
[epoch 92 step 775]  loss=4.68e-01  l1=4.68e-01  l2=0.00e+00  psnr=16.4  cos=0.6850
[epoch 92 step 800]  loss=5.57e-01  l1=5.57e-01  l2=0.00e+00  psnr=15.1  cos=0.6135
[epoch 92 step 825]  loss=4.88e-01  l1=4.88e-01  l2=0.00e+00  psnr=16.2  cos=0.6693
[epoch 92 step 850]  loss=5.25e-01  l1=5.25e-01  l2=0.00e+00  psnr=15.5  cos=0.6422
[epoch 92 step 875]  loss=4.92e-01  l1=4.92e-01  l2=0.00e+00  psnr=16.1  cos=0.6725
[epoch 92 step 900]  loss=5.19e-01  l1=5.19e-01  l2=0.00e+00  psnr=15.7  cos=0.6642
[epoch 92 step 925]  loss=5.17e-01  l1=5.17e-01  l2=0.00e+00  psnr=15.8  cos=0.6419
[epoch 92 step 950]  loss=4.81e-01  l1=4.81e-01  l2=0.00e+00  psnr=16.1  cos=0.6817
[epoch 92 step 975]  loss=4.85e-01  l1=4.85e-01  l2=0.00e+00  psnr=16.1  cos=0.6754
[epoch 92 step 1000]  loss=4.97e-01  l1=4.97e-01  l2=0.00e+00  psnr=15.9  cos=0.6597
[epoch 92 step 1025]  loss=5.05e-01  l1=5.05e-01  l2=0.00e+00  psnr=15.7  cos=0.6524
[epoch 92 step 1050]  loss=5.16e-01  l1=5.16e-01  l2=0.00e+00  psnr=15.6  cos=0.6452
[epoch 92 step 1075]  loss=5.26e-01  l1=5.26e-01  l2=0.00e+00  psnr=15.7  cos=0.6428
[epoch 92 step 1100]  loss=5.26e-01  l1=5.26e-01  l2=0.00e+00  psnr=15.4  cos=0.6430
[epoch 92 step 1125]  loss=4.80e-01  l1=4.80e-01  l2=0.00e+00  psnr=16.0  cos=0.6927
[epoch 92 step 1150]  loss=4.91e-01  l1=4.91e-01  l2=0.00e+00  psnr=16.1  cos=0.6798
[epoch 92 step 1175]  loss=5.05e-01  l1=5.05e-01  l2=0.00e+00  psnr=15.9  cos=0.6632
[epoch 92 step 1200]  loss=5.04e-01  l1=5.04e-01  l2=0.00e+00  psnr=15.7  cos=0.6657
[epoch 92 step 1225]  loss=4.96e-01  l1=4.96e-01  l2=0.00e+00  psnr=16.0  cos=0.6776
[epoch 92 DONE]  final_loss=5.10e-01  psnr=16.00  cos=0.6776
[checkpoint] /workspace/runs/trial_toy_d3t/checkpoints/epoch_0092.pt
[val epoch 92]  latent_l1=0.4990  latent_l2=0.7467  latent_psnr=25.9916
[epoch 93 step 000]  loss=4.89e-01  l1=4.89e-01  l2=0.00e+00  psnr=16.0  cos=0.6859
[epoch 93 step 025]  loss=4.81e-01  l1=4.81e-01  l2=0.00e+00  psnr=16.1  cos=0.6688
[epoch 93 step 050]  loss=5.19e-01  l1=5.19e-01  l2=0.00e+00  psnr=15.6  cos=0.6363
[epoch 93 step 075]  loss=5.02e-01  l1=5.02e-01  l2=0.00e+00  psnr=16.0  cos=0.6558
[epoch 93 step 100]  loss=4.97e-01  l1=4.97e-01  l2=0.00e+00  psnr=15.7  cos=0.6684
[epoch 93 step 125]  loss=5.07e-01  l1=5.07e-01  l2=0.00e+00  psnr=15.8  cos=0.6422
[epoch 93 step 150]  loss=4.97e-01  l1=4.97e-01  l2=0.00e+00  psnr=15.8  cos=0.6676
[epoch 93 step 175]  loss=4.44e-01  l1=4.44e-01  l2=0.00e+00  psnr=16.7  cos=0.6915
[epoch 93 step 200]  loss=5.06e-01  l1=5.06e-01  l2=0.00e+00  psnr=15.9  cos=0.6651
[epoch 93 step 225]  loss=4.84e-01  l1=4.84e-01  l2=0.00e+00  psnr=15.9  cos=0.6735
[epoch 93 step 250]  loss=5.05e-01  l1=5.05e-01  l2=0.00e+00  psnr=16.0  cos=0.6539
[epoch 93 step 275]  loss=4.97e-01  l1=4.97e-01  l2=0.00e+00  psnr=15.9  cos=0.6657
[epoch 93 step 300]  loss=4.95e-01  l1=4.95e-01  l2=0.00e+00  psnr=16.0  cos=0.6690
[epoch 93 step 325]  loss=4.79e-01  l1=4.79e-01  l2=0.00e+00  psnr=16.3  cos=0.6756
[epoch 93 step 350]  loss=5.01e-01  l1=5.01e-01  l2=0.00e+00  psnr=16.1  cos=0.6524
[epoch 93 step 375]  loss=4.82e-01  l1=4.82e-01  l2=0.00e+00  psnr=16.2  cos=0.6728
[epoch 93 step 400]  loss=4.84e-01  l1=4.84e-01  l2=0.00e+00  psnr=16.2  cos=0.6752
[epoch 93 step 425]  loss=5.19e-01  l1=5.19e-01  l2=0.00e+00  psnr=15.7  cos=0.6511
[epoch 93 step 450]  loss=4.88e-01  l1=4.88e-01  l2=0.00e+00  psnr=15.9  cos=0.6794
[epoch 93 step 475]  loss=5.00e-01  l1=5.00e-01  l2=0.00e+00  psnr=16.1  cos=0.6543
[epoch 93 step 500]  loss=4.84e-01  l1=4.84e-01  l2=0.00e+00  psnr=15.9  cos=0.6766
[epoch 93 step 525]  loss=4.82e-01  l1=4.82e-01  l2=0.00e+00  psnr=16.1  cos=0.6799
[epoch 93 step 550]  loss=4.89e-01  l1=4.89e-01  l2=0.00e+00  psnr=16.0  cos=0.6845
[epoch 93 step 575]  loss=5.52e-01  l1=5.52e-01  l2=0.00e+00  psnr=15.2  cos=0.5971
[epoch 93 step 600]  loss=5.06e-01  l1=5.06e-01  l2=0.00e+00  psnr=15.9  cos=0.6590
[epoch 93 step 625]  loss=4.95e-01  l1=4.95e-01  l2=0.00e+00  psnr=16.2  cos=0.6636
[epoch 93 step 650]  loss=5.05e-01  l1=5.05e-01  l2=0.00e+00  psnr=16.0  cos=0.6450
[epoch 93 step 675]  loss=5.08e-01  l1=5.08e-01  l2=0.00e+00  psnr=15.9  cos=0.6506
[epoch 93 step 700]  loss=5.10e-01  l1=5.10e-01  l2=0.00e+00  psnr=15.8  cos=0.6583
[epoch 93 step 725]  loss=4.75e-01  l1=4.75e-01  l2=0.00e+00  psnr=16.3  cos=0.6875
[epoch 93 step 750]  loss=5.01e-01  l1=5.01e-01  l2=0.00e+00  psnr=15.8  cos=0.6617
[epoch 93 step 775]  loss=5.20e-01  l1=5.20e-01  l2=0.00e+00  psnr=15.5  cos=0.6453
[epoch 93 step 800]  loss=5.08e-01  l1=5.08e-01  l2=0.00e+00  psnr=15.6  cos=0.6724
[epoch 93 step 825]  loss=5.32e-01  l1=5.32e-01  l2=0.00e+00  psnr=15.6  cos=0.6449
[epoch 93 step 850]  loss=4.75e-01  l1=4.75e-01  l2=0.00e+00  psnr=16.3  cos=0.6800
[epoch 93 step 875]  loss=4.67e-01  l1=4.67e-01  l2=0.00e+00  psnr=16.2  cos=0.6786
[epoch 93 step 900]  loss=4.75e-01  l1=4.75e-01  l2=0.00e+00  psnr=16.2  cos=0.6830
[epoch 93 step 925]  loss=5.26e-01  l1=5.26e-01  l2=0.00e+00  psnr=15.4  cos=0.6514
[epoch 93 step 950]  loss=5.04e-01  l1=5.04e-01  l2=0.00e+00  psnr=16.0  cos=0.6593
[epoch 93 step 975]  loss=5.15e-01  l1=5.15e-01  l2=0.00e+00  psnr=15.7  cos=0.6576
[epoch 93 step 1000]  loss=4.77e-01  l1=4.77e-01  l2=0.00e+00  psnr=16.4  cos=0.6677
[epoch 93 step 1025]  loss=4.71e-01  l1=4.71e-01  l2=0.00e+00  psnr=16.2  cos=0.6786
[epoch 93 step 1050]  loss=4.77e-01  l1=4.77e-01  l2=0.00e+00  psnr=16.1  cos=0.6880
[epoch 93 step 1075]  loss=4.85e-01  l1=4.85e-01  l2=0.00e+00  psnr=16.1  cos=0.6740
[epoch 93 step 1100]  loss=5.05e-01  l1=5.05e-01  l2=0.00e+00  psnr=15.9  cos=0.6633
[epoch 93 step 1125]  loss=5.22e-01  l1=5.22e-01  l2=0.00e+00  psnr=15.4  cos=0.6606
[epoch 93 step 1150]  loss=5.33e-01  l1=5.33e-01  l2=0.00e+00  psnr=15.4  cos=0.6359
[epoch 93 step 1175]  loss=4.86e-01  l1=4.86e-01  l2=0.00e+00  psnr=16.0  cos=0.6784
[epoch 93 step 1200]  loss=5.01e-01  l1=5.01e-01  l2=0.00e+00  psnr=16.0  cos=0.6757
[epoch 93 step 1225]  loss=5.13e-01  l1=5.13e-01  l2=0.00e+00  psnr=15.7  cos=0.6626
[epoch 93 DONE]  final_loss=5.00e-01  psnr=15.65  cos=0.6626
[checkpoint] /workspace/runs/trial_toy_d3t/checkpoints/epoch_0093.pt
[val epoch 93]  latent_l1=0.4977  latent_l2=0.7457  latent_psnr=26.0024
[best] new best latent_psnr=26.0024 (prev=25.9954) -> /workspace/runs/trial_toy_d3t/checkpoints/best.pt
[epoch 94 step 000]  loss=4.76e-01  l1=4.76e-01  l2=0.00e+00  psnr=16.2  cos=0.6712
[epoch 94 step 025]  loss=5.35e-01  l1=5.35e-01  l2=0.00e+00  psnr=15.5  cos=0.6530
[epoch 94 step 050]  loss=5.31e-01  l1=5.31e-01  l2=0.00e+00  psnr=15.6  cos=0.6510
[epoch 94 step 075]  loss=4.94e-01  l1=4.94e-01  l2=0.00e+00  psnr=16.0  cos=0.6782
[epoch 94 step 100]  loss=4.86e-01  l1=4.86e-01  l2=0.00e+00  psnr=16.1  cos=0.6736
[epoch 94 step 125]  loss=5.18e-01  l1=5.18e-01  l2=0.00e+00  psnr=15.8  cos=0.6586
[epoch 94 step 150]  loss=4.79e-01  l1=4.79e-01  l2=0.00e+00  psnr=15.9  cos=0.6881
[epoch 94 step 175]  loss=5.11e-01  l1=5.11e-01  l2=0.00e+00  psnr=15.9  cos=0.6428
[epoch 94 step 200]  loss=4.93e-01  l1=4.93e-01  l2=0.00e+00  psnr=15.9  cos=0.6683
[epoch 94 step 225]  loss=5.28e-01  l1=5.28e-01  l2=0.00e+00  psnr=15.5  cos=0.6475
[epoch 94 step 250]  loss=4.92e-01  l1=4.92e-01  l2=0.00e+00  psnr=16.2  cos=0.6634
[epoch 94 step 275]  loss=4.98e-01  l1=4.98e-01  l2=0.00e+00  psnr=15.8  cos=0.6799
[epoch 94 step 300]  loss=4.98e-01  l1=4.98e-01  l2=0.00e+00  psnr=16.0  cos=0.6679
[epoch 94 step 325]  loss=5.11e-01  l1=5.11e-01  l2=0.00e+00  psnr=16.0  cos=0.6544
[epoch 94 step 350]  loss=5.44e-01  l1=5.44e-01  l2=0.00e+00  psnr=15.2  cos=0.6297
[epoch 94 step 375]  loss=4.76e-01  l1=4.76e-01  l2=0.00e+00  psnr=16.2  cos=0.6785
[epoch 94 step 400]  loss=5.01e-01  l1=5.01e-01  l2=0.00e+00  psnr=15.7  cos=0.6764
[epoch 94 step 425]  loss=4.49e-01  l1=4.49e-01  l2=0.00e+00  psnr=16.8  cos=0.7091
[epoch 94 step 450]  loss=4.62e-01  l1=4.62e-01  l2=0.00e+00  psnr=16.7  cos=0.6862
[epoch 94 step 475]  loss=4.85e-01  l1=4.85e-01  l2=0.00e+00  psnr=16.3  cos=0.6615
[epoch 94 step 500]  loss=5.17e-01  l1=5.17e-01  l2=0.00e+00  psnr=15.9  cos=0.6501
[epoch 94 step 525]  loss=5.02e-01  l1=5.02e-01  l2=0.00e+00  psnr=16.1  cos=0.6652
[epoch 94 step 550]  loss=4.95e-01  l1=4.95e-01  l2=0.00e+00  psnr=15.8  cos=0.6717
[epoch 94 step 575]  loss=5.43e-01  l1=5.43e-01  l2=0.00e+00  psnr=15.2  cos=0.6296
[epoch 94 step 600]  loss=4.75e-01  l1=4.75e-01  l2=0.00e+00  psnr=16.2  cos=0.6809
[epoch 94 step 625]  loss=5.38e-01  l1=5.38e-01  l2=0.00e+00  psnr=15.3  cos=0.6380
[epoch 94 step 650]  loss=4.96e-01  l1=4.96e-01  l2=0.00e+00  psnr=16.1  cos=0.6685
[epoch 94 step 675]  loss=4.63e-01  l1=4.63e-01  l2=0.00e+00  psnr=16.4  cos=0.6797
[epoch 94 step 700]  loss=5.17e-01  l1=5.17e-01  l2=0.00e+00  psnr=15.5  cos=0.6482
[epoch 94 step 725]  loss=4.81e-01  l1=4.81e-01  l2=0.00e+00  psnr=16.1  cos=0.6908
[epoch 94 step 750]  loss=4.70e-01  l1=4.70e-01  l2=0.00e+00  psnr=16.3  cos=0.6789
[epoch 94 step 775]  loss=4.95e-01  l1=4.95e-01  l2=0.00e+00  psnr=15.9  cos=0.6714
[epoch 94 step 800]  loss=5.23e-01  l1=5.23e-01  l2=0.00e+00  psnr=15.5  cos=0.6598
[epoch 94 step 825]  loss=5.30e-01  l1=5.30e-01  l2=0.00e+00  psnr=15.6  cos=0.6266
[epoch 94 step 850]  loss=5.19e-01  l1=5.19e-01  l2=0.00e+00  psnr=15.7  cos=0.6436
[epoch 94 step 875]  loss=4.81e-01  l1=4.81e-01  l2=0.00e+00  psnr=16.2  cos=0.6808
[epoch 94 step 900]  loss=5.05e-01  l1=5.05e-01  l2=0.00e+00  psnr=15.8  cos=0.6478
[epoch 94 step 925]  loss=4.94e-01  l1=4.94e-01  l2=0.00e+00  psnr=15.9  cos=0.6739
[epoch 94 step 950]  loss=4.98e-01  l1=4.98e-01  l2=0.00e+00  psnr=15.8  cos=0.6793
[epoch 94 step 975]  loss=5.54e-01  l1=5.54e-01  l2=0.00e+00  psnr=15.0  cos=0.6408
[epoch 94 step 1000]  loss=5.23e-01  l1=5.23e-01  l2=0.00e+00  psnr=15.7  cos=0.6549
[epoch 94 step 1025]  loss=5.10e-01  l1=5.10e-01  l2=0.00e+00  psnr=15.5  cos=0.6498
[epoch 94 step 1050]  loss=5.21e-01  l1=5.21e-01  l2=0.00e+00  psnr=15.6  cos=0.6469
[epoch 94 step 1075]  loss=5.06e-01  l1=5.06e-01  l2=0.00e+00  psnr=15.9  cos=0.6608
[epoch 94 step 1100]  loss=5.11e-01  l1=5.11e-01  l2=0.00e+00  psnr=15.7  cos=0.6510
[epoch 94 step 1125]  loss=5.05e-01  l1=5.05e-01  l2=0.00e+00  psnr=15.7  cos=0.6551
[epoch 94 step 1150]  loss=5.28e-01  l1=5.28e-01  l2=0.00e+00  psnr=15.4  cos=0.6566
[epoch 94 step 1175]  loss=4.80e-01  l1=4.80e-01  l2=0.00e+00  psnr=16.2  cos=0.6808
[epoch 94 step 1200]  loss=5.12e-01  l1=5.12e-01  l2=0.00e+00  psnr=15.8  cos=0.6601
[epoch 94 step 1225]  loss=5.26e-01  l1=5.26e-01  l2=0.00e+00  psnr=15.5  cos=0.6422
[epoch 94 DONE]  final_loss=4.96e-01  psnr=15.53  cos=0.6422
[checkpoint] /workspace/runs/trial_toy_d3t/checkpoints/epoch_0094.pt
[val epoch 94]  latent_l1=0.4978  latent_l2=0.7456  latent_psnr=26.0043
[best] new best latent_psnr=26.0043 (prev=26.0024) -> /workspace/runs/trial_toy_d3t/checkpoints/best.pt
[epoch 95 step 000]  loss=5.26e-01  l1=5.26e-01  l2=0.00e+00  psnr=15.5  cos=0.6377
[epoch 95 step 025]  loss=4.98e-01  l1=4.98e-01  l2=0.00e+00  psnr=16.2  cos=0.6464
[epoch 95 step 050]  loss=5.12e-01  l1=5.12e-01  l2=0.00e+00  psnr=15.8  cos=0.6542
[epoch 95 step 075]  loss=4.98e-01  l1=4.98e-01  l2=0.00e+00  psnr=15.9  cos=0.6530
[epoch 95 step 100]  loss=4.75e-01  l1=4.75e-01  l2=0.00e+00  psnr=16.4  cos=0.6765
[epoch 95 step 125]  loss=4.69e-01  l1=4.69e-01  l2=0.00e+00  psnr=16.3  cos=0.6963
[epoch 95 step 150]  loss=5.02e-01  l1=5.02e-01  l2=0.00e+00  psnr=15.8  cos=0.6541
[epoch 95 step 175]  loss=4.63e-01  l1=4.63e-01  l2=0.00e+00  psnr=16.3  cos=0.6714
[epoch 95 step 200]  loss=4.60e-01  l1=4.60e-01  l2=0.00e+00  psnr=16.7  cos=0.6862
[epoch 95 step 225]  loss=4.71e-01  l1=4.71e-01  l2=0.00e+00  psnr=15.8  cos=0.7043
[epoch 95 step 250]  loss=4.93e-01  l1=4.93e-01  l2=0.00e+00  psnr=16.1  cos=0.6776
[epoch 95 step 275]  loss=5.19e-01  l1=5.19e-01  l2=0.00e+00  psnr=15.7  cos=0.6511
[epoch 95 step 300]  loss=5.23e-01  l1=5.23e-01  l2=0.00e+00  psnr=15.6  cos=0.6484
[epoch 95 step 325]  loss=5.14e-01  l1=5.14e-01  l2=0.00e+00  psnr=15.7  cos=0.6500
[epoch 95 step 350]  loss=5.50e-01  l1=5.50e-01  l2=0.00e+00  psnr=15.3  cos=0.6137
[epoch 95 step 375]  loss=4.84e-01  l1=4.84e-01  l2=0.00e+00  psnr=15.9  cos=0.6803
[epoch 95 step 400]  loss=4.93e-01  l1=4.93e-01  l2=0.00e+00  psnr=15.8  cos=0.6699
[epoch 95 step 425]  loss=4.83e-01  l1=4.83e-01  l2=0.00e+00  psnr=16.1  cos=0.6747
[epoch 95 step 450]  loss=4.92e-01  l1=4.92e-01  l2=0.00e+00  psnr=16.0  cos=0.6740
[epoch 95 step 475]  loss=5.06e-01  l1=5.06e-01  l2=0.00e+00  psnr=15.9  cos=0.6473
[epoch 95 step 500]  loss=4.79e-01  l1=4.79e-01  l2=0.00e+00  psnr=16.0  cos=0.6939
[epoch 95 step 525]  loss=5.06e-01  l1=5.06e-01  l2=0.00e+00  psnr=15.6  cos=0.6542
[epoch 95 step 550]  loss=5.10e-01  l1=5.10e-01  l2=0.00e+00  psnr=15.6  cos=0.6565
[epoch 95 step 575]  loss=5.02e-01  l1=5.02e-01  l2=0.00e+00  psnr=15.9  cos=0.6532
[epoch 95 step 600]  loss=5.14e-01  l1=5.14e-01  l2=0.00e+00  psnr=15.9  cos=0.6542
[epoch 95 step 625]  loss=5.10e-01  l1=5.10e-01  l2=0.00e+00  psnr=15.9  cos=0.6473
[epoch 95 step 650]  loss=5.22e-01  l1=5.22e-01  l2=0.00e+00  psnr=15.6  cos=0.6522
[epoch 95 step 675]  loss=4.99e-01  l1=4.99e-01  l2=0.00e+00  psnr=15.9  cos=0.6757
[epoch 95 step 700]  loss=5.00e-01  l1=5.00e-01  l2=0.00e+00  psnr=16.0  cos=0.6680
[epoch 95 step 725]  loss=4.92e-01  l1=4.92e-01  l2=0.00e+00  psnr=16.0  cos=0.6566
[epoch 95 step 750]  loss=4.83e-01  l1=4.83e-01  l2=0.00e+00  psnr=16.0  cos=0.6644
[epoch 95 step 775]  loss=5.11e-01  l1=5.11e-01  l2=0.00e+00  psnr=15.7  cos=0.6515
[epoch 95 step 800]  loss=5.00e-01  l1=5.00e-01  l2=0.00e+00  psnr=16.0  cos=0.6561
[epoch 95 step 825]  loss=5.08e-01  l1=5.08e-01  l2=0.00e+00  psnr=15.9  cos=0.6451
[epoch 95 step 850]  loss=5.07e-01  l1=5.07e-01  l2=0.00e+00  psnr=16.0  cos=0.6534
[epoch 95 step 875]  loss=5.00e-01  l1=5.00e-01  l2=0.00e+00  psnr=15.9  cos=0.6476
[epoch 95 step 900]  loss=4.51e-01  l1=4.51e-01  l2=0.00e+00  psnr=16.6  cos=0.6916
[epoch 95 step 925]  loss=4.88e-01  l1=4.88e-01  l2=0.00e+00  psnr=16.0  cos=0.6591
[epoch 95 step 950]  loss=5.24e-01  l1=5.24e-01  l2=0.00e+00  psnr=15.5  cos=0.6591
[epoch 95 step 975]  loss=4.86e-01  l1=4.86e-01  l2=0.00e+00  psnr=16.1  cos=0.6741
[epoch 95 step 1000]  loss=4.74e-01  l1=4.74e-01  l2=0.00e+00  psnr=16.0  cos=0.6751
[epoch 95 step 1025]  loss=4.72e-01  l1=4.72e-01  l2=0.00e+00  psnr=16.3  cos=0.6836
[epoch 95 step 1050]  loss=4.66e-01  l1=4.66e-01  l2=0.00e+00  psnr=16.1  cos=0.7017
[epoch 95 step 1075]  loss=5.07e-01  l1=5.07e-01  l2=0.00e+00  psnr=15.8  cos=0.6480
[epoch 95 step 1100]  loss=4.80e-01  l1=4.80e-01  l2=0.00e+00  psnr=16.1  cos=0.6813
[epoch 95 step 1125]  loss=5.16e-01  l1=5.16e-01  l2=0.00e+00  psnr=15.4  cos=0.6662
[epoch 95 step 1150]  loss=4.57e-01  l1=4.57e-01  l2=0.00e+00  psnr=16.5  cos=0.7060
[epoch 95 step 1175]  loss=4.98e-01  l1=4.98e-01  l2=0.00e+00  psnr=15.9  cos=0.6656
[epoch 95 step 1200]  loss=4.83e-01  l1=4.83e-01  l2=0.00e+00  psnr=16.4  cos=0.6661
[epoch 95 step 1225]  loss=5.16e-01  l1=5.16e-01  l2=0.00e+00  psnr=15.7  cos=0.6488
[epoch 95 DONE]  final_loss=4.89e-01  psnr=15.68  cos=0.6488
[checkpoint] /workspace/runs/trial_toy_d3t/checkpoints/epoch_0095.pt
[val epoch 95]  latent_l1=0.4984  latent_l2=0.7469  latent_psnr=25.9892
[epoch 96 step 000]  loss=5.06e-01  l1=5.06e-01  l2=0.00e+00  psnr=16.0  cos=0.6564
[epoch 96 step 025]  loss=5.05e-01  l1=5.05e-01  l2=0.00e+00  psnr=15.9  cos=0.6610
[epoch 96 step 050]  loss=4.99e-01  l1=4.99e-01  l2=0.00e+00  psnr=15.7  cos=0.6743
[epoch 96 step 075]  loss=4.73e-01  l1=4.73e-01  l2=0.00e+00  psnr=16.3  cos=0.6746
[epoch 96 step 100]  loss=5.01e-01  l1=5.01e-01  l2=0.00e+00  psnr=15.8  cos=0.6621
[epoch 96 step 125]  loss=4.86e-01  l1=4.86e-01  l2=0.00e+00  psnr=16.1  cos=0.6602
[epoch 96 step 150]  loss=5.00e-01  l1=5.00e-01  l2=0.00e+00  psnr=15.9  cos=0.6690
[epoch 96 step 175]  loss=4.90e-01  l1=4.90e-01  l2=0.00e+00  psnr=16.1  cos=0.6463
[epoch 96 step 200]  loss=5.02e-01  l1=5.02e-01  l2=0.00e+00  psnr=16.0  cos=0.6525
[epoch 96 step 225]  loss=5.31e-01  l1=5.31e-01  l2=0.00e+00  psnr=15.7  cos=0.6358
[epoch 96 step 250]  loss=5.08e-01  l1=5.08e-01  l2=0.00e+00  psnr=15.7  cos=0.6511
[epoch 96 step 275]  loss=4.79e-01  l1=4.79e-01  l2=0.00e+00  psnr=16.2  cos=0.6837
[epoch 96 step 300]  loss=5.13e-01  l1=5.13e-01  l2=0.00e+00  psnr=15.6  cos=0.6465
[epoch 96 step 325]  loss=4.76e-01  l1=4.76e-01  l2=0.00e+00  psnr=16.1  cos=0.6850
[epoch 96 step 350]  loss=4.82e-01  l1=4.82e-01  l2=0.00e+00  psnr=16.3  cos=0.6726
[epoch 96 step 375]  loss=4.87e-01  l1=4.87e-01  l2=0.00e+00  psnr=16.3  cos=0.6571
[epoch 96 step 400]  loss=4.60e-01  l1=4.60e-01  l2=0.00e+00  psnr=16.5  cos=0.6935
[epoch 96 step 425]  loss=4.99e-01  l1=4.99e-01  l2=0.00e+00  psnr=16.0  cos=0.6520
[epoch 96 step 450]  loss=4.70e-01  l1=4.70e-01  l2=0.00e+00  psnr=16.3  cos=0.6906
[epoch 96 step 475]  loss=4.91e-01  l1=4.91e-01  l2=0.00e+00  psnr=16.2  cos=0.6685
[epoch 96 step 500]  loss=4.82e-01  l1=4.82e-01  l2=0.00e+00  psnr=16.2  cos=0.6769
[epoch 96 step 525]  loss=5.03e-01  l1=5.03e-01  l2=0.00e+00  psnr=15.8  cos=0.6560
[epoch 96 step 550]  loss=4.53e-01  l1=4.53e-01  l2=0.00e+00  psnr=16.2  cos=0.6974
[epoch 96 step 575]  loss=4.72e-01  l1=4.72e-01  l2=0.00e+00  psnr=16.4  cos=0.6961
[epoch 96 step 600]  loss=4.84e-01  l1=4.84e-01  l2=0.00e+00  psnr=16.0  cos=0.6725
[epoch 96 step 625]  loss=4.86e-01  l1=4.86e-01  l2=0.00e+00  psnr=16.2  cos=0.6602
[epoch 96 step 650]  loss=5.03e-01  l1=5.03e-01  l2=0.00e+00  psnr=15.6  cos=0.6795
[epoch 96 step 675]  loss=4.86e-01  l1=4.86e-01  l2=0.00e+00  psnr=16.1  cos=0.6640
[epoch 96 step 700]  loss=4.93e-01  l1=4.93e-01  l2=0.00e+00  psnr=15.8  cos=0.6634
[epoch 96 step 725]  loss=4.94e-01  l1=4.94e-01  l2=0.00e+00  psnr=16.0  cos=0.6520
[epoch 96 step 750]  loss=4.96e-01  l1=4.96e-01  l2=0.00e+00  psnr=16.0  cos=0.6622
[epoch 96 step 775]  loss=4.95e-01  l1=4.95e-01  l2=0.00e+00  psnr=15.7  cos=0.6881
[epoch 96 step 800]  loss=5.43e-01  l1=5.43e-01  l2=0.00e+00  psnr=15.0  cos=0.6534
[epoch 96 step 825]  loss=4.83e-01  l1=4.83e-01  l2=0.00e+00  psnr=16.2  cos=0.6806
[epoch 96 step 850]  loss=4.81e-01  l1=4.81e-01  l2=0.00e+00  psnr=16.2  cos=0.6869
[epoch 96 step 875]  loss=4.89e-01  l1=4.89e-01  l2=0.00e+00  psnr=16.0  cos=0.6658
[epoch 96 step 900]  loss=5.09e-01  l1=5.09e-01  l2=0.00e+00  psnr=15.7  cos=0.6508
[epoch 96 step 925]  loss=4.86e-01  l1=4.86e-01  l2=0.00e+00  psnr=15.9  cos=0.6807
[epoch 96 step 950]  loss=4.88e-01  l1=4.88e-01  l2=0.00e+00  psnr=15.9  cos=0.6862
[epoch 96 step 975]  loss=5.00e-01  l1=5.00e-01  l2=0.00e+00  psnr=15.7  cos=0.6677
[epoch 96 step 1000]  loss=4.92e-01  l1=4.92e-01  l2=0.00e+00  psnr=15.9  cos=0.6650
[epoch 96 step 1025]  loss=5.31e-01  l1=5.31e-01  l2=0.00e+00  psnr=15.5  cos=0.6449
[epoch 96 step 1050]  loss=4.62e-01  l1=4.62e-01  l2=0.00e+00  psnr=16.4  cos=0.6869
[epoch 96 step 1075]  loss=4.88e-01  l1=4.88e-01  l2=0.00e+00  psnr=16.1  cos=0.6732
[epoch 96 step 1100]  loss=4.85e-01  l1=4.85e-01  l2=0.00e+00  psnr=16.1  cos=0.6728
[epoch 96 step 1125]  loss=4.40e-01  l1=4.40e-01  l2=0.00e+00  psnr=16.7  cos=0.7072
[epoch 96 step 1150]  loss=5.42e-01  l1=5.42e-01  l2=0.00e+00  psnr=15.2  cos=0.6368
[epoch 96 step 1175]  loss=4.80e-01  l1=4.80e-01  l2=0.00e+00  psnr=16.1  cos=0.6824
[epoch 96 step 1200]  loss=5.04e-01  l1=5.04e-01  l2=0.00e+00  psnr=15.7  cos=0.6756
[epoch 96 step 1225]  loss=4.61e-01  l1=4.61e-01  l2=0.00e+00  psnr=16.7  cos=0.6898
[epoch 96 DONE]  final_loss=5.02e-01  psnr=16.70  cos=0.6898
[checkpoint] /workspace/runs/trial_toy_d3t/checkpoints/epoch_0096.pt
[val epoch 96]  latent_l1=0.4980  latent_l2=0.7462  latent_psnr=25.9972
[epoch 97 step 000]  loss=4.80e-01  l1=4.80e-01  l2=0.00e+00  psnr=16.2  cos=0.6797
[epoch 97 step 025]  loss=4.87e-01  l1=4.87e-01  l2=0.00e+00  psnr=15.9  cos=0.6739
[epoch 97 step 050]  loss=5.20e-01  l1=5.20e-01  l2=0.00e+00  psnr=15.8  cos=0.6480
[epoch 97 step 075]  loss=4.89e-01  l1=4.89e-01  l2=0.00e+00  psnr=16.2  cos=0.6687
[epoch 97 step 100]  loss=4.84e-01  l1=4.84e-01  l2=0.00e+00  psnr=15.8  cos=0.6753
[epoch 97 step 125]  loss=5.36e-01  l1=5.36e-01  l2=0.00e+00  psnr=15.5  cos=0.6502
[epoch 97 step 150]  loss=4.96e-01  l1=4.96e-01  l2=0.00e+00  psnr=16.0  cos=0.6716
[epoch 97 step 175]  loss=5.14e-01  l1=5.14e-01  l2=0.00e+00  psnr=15.7  cos=0.6651
[epoch 97 step 200]  loss=4.94e-01  l1=4.94e-01  l2=0.00e+00  psnr=15.8  cos=0.6736
[epoch 97 step 225]  loss=4.70e-01  l1=4.70e-01  l2=0.00e+00  psnr=16.0  cos=0.6931
[epoch 97 step 250]  loss=5.09e-01  l1=5.09e-01  l2=0.00e+00  psnr=15.6  cos=0.6591
[epoch 97 step 275]  loss=5.18e-01  l1=5.18e-01  l2=0.00e+00  psnr=15.7  cos=0.6313
[epoch 97 step 300]  loss=5.44e-01  l1=5.44e-01  l2=0.00e+00  psnr=15.5  cos=0.6144
[epoch 97 step 325]  loss=5.38e-01  l1=5.38e-01  l2=0.00e+00  psnr=15.5  cos=0.6455
[epoch 97 step 350]  loss=5.12e-01  l1=5.12e-01  l2=0.00e+00  psnr=15.7  cos=0.6619
[epoch 97 step 375]  loss=5.16e-01  l1=5.16e-01  l2=0.00e+00  psnr=15.4  cos=0.6629
[epoch 97 step 400]  loss=5.17e-01  l1=5.17e-01  l2=0.00e+00  psnr=15.7  cos=0.6463
[epoch 97 step 425]  loss=5.23e-01  l1=5.23e-01  l2=0.00e+00  psnr=15.5  cos=0.6375
[epoch 97 step 450]  loss=5.20e-01  l1=5.20e-01  l2=0.00e+00  psnr=15.8  cos=0.6523
[epoch 97 step 475]  loss=4.98e-01  l1=4.98e-01  l2=0.00e+00  psnr=15.9  cos=0.6672
[epoch 97 step 500]  loss=5.22e-01  l1=5.22e-01  l2=0.00e+00  psnr=15.7  cos=0.6463
[epoch 97 step 525]  loss=5.11e-01  l1=5.11e-01  l2=0.00e+00  psnr=15.9  cos=0.6469
[epoch 97 step 550]  loss=5.16e-01  l1=5.16e-01  l2=0.00e+00  psnr=15.6  cos=0.6446
[epoch 97 step 575]  loss=5.03e-01  l1=5.03e-01  l2=0.00e+00  psnr=15.8  cos=0.6686
[epoch 97 step 600]  loss=4.73e-01  l1=4.73e-01  l2=0.00e+00  psnr=16.5  cos=0.6838
[epoch 97 step 625]  loss=4.74e-01  l1=4.74e-01  l2=0.00e+00  psnr=16.2  cos=0.6830
[epoch 97 step 650]  loss=4.81e-01  l1=4.81e-01  l2=0.00e+00  psnr=16.2  cos=0.6852
[epoch 97 step 675]  loss=4.79e-01  l1=4.79e-01  l2=0.00e+00  psnr=16.1  cos=0.6991
[epoch 97 step 700]  loss=5.38e-01  l1=5.38e-01  l2=0.00e+00  psnr=15.4  cos=0.6231
[epoch 97 step 725]  loss=5.53e-01  l1=5.53e-01  l2=0.00e+00  psnr=15.1  cos=0.6222
[epoch 97 step 750]  loss=5.24e-01  l1=5.24e-01  l2=0.00e+00  psnr=15.5  cos=0.6484
[epoch 97 step 775]  loss=4.95e-01  l1=4.95e-01  l2=0.00e+00  psnr=16.0  cos=0.6601
[epoch 97 step 800]  loss=4.76e-01  l1=4.76e-01  l2=0.00e+00  psnr=16.1  cos=0.6882
[epoch 97 step 825]  loss=5.19e-01  l1=5.19e-01  l2=0.00e+00  psnr=15.6  cos=0.6475
[epoch 97 step 850]  loss=5.38e-01  l1=5.38e-01  l2=0.00e+00  psnr=15.4  cos=0.6388
[epoch 97 step 875]  loss=5.18e-01  l1=5.18e-01  l2=0.00e+00  psnr=15.8  cos=0.6465
[epoch 97 step 900]  loss=5.02e-01  l1=5.02e-01  l2=0.00e+00  psnr=15.9  cos=0.6728
[epoch 97 step 925]  loss=4.95e-01  l1=4.95e-01  l2=0.00e+00  psnr=15.9  cos=0.6833
[epoch 97 step 950]  loss=4.98e-01  l1=4.98e-01  l2=0.00e+00  psnr=15.9  cos=0.6725
[epoch 97 step 975]  loss=4.84e-01  l1=4.84e-01  l2=0.00e+00  psnr=16.2  cos=0.6705
[epoch 97 step 1000]  loss=5.25e-01  l1=5.25e-01  l2=0.00e+00  psnr=15.5  cos=0.6408
[epoch 97 step 1025]  loss=5.29e-01  l1=5.29e-01  l2=0.00e+00  psnr=15.6  cos=0.6276
[epoch 97 step 1050]  loss=4.97e-01  l1=4.97e-01  l2=0.00e+00  psnr=16.0  cos=0.6618
[epoch 97 step 1075]  loss=4.85e-01  l1=4.85e-01  l2=0.00e+00  psnr=16.0  cos=0.6823
[epoch 97 step 1100]  loss=4.89e-01  l1=4.89e-01  l2=0.00e+00  psnr=16.3  cos=0.6603
[epoch 97 step 1125]  loss=5.07e-01  l1=5.07e-01  l2=0.00e+00  psnr=15.7  cos=0.6666
[epoch 97 step 1150]  loss=4.87e-01  l1=4.87e-01  l2=0.00e+00  psnr=16.1  cos=0.6752
[epoch 97 step 1175]  loss=5.05e-01  l1=5.05e-01  l2=0.00e+00  psnr=16.0  cos=0.6572
[epoch 97 step 1200]  loss=5.08e-01  l1=5.08e-01  l2=0.00e+00  psnr=15.7  cos=0.6520
[epoch 97 step 1225]  loss=5.16e-01  l1=5.16e-01  l2=0.00e+00  psnr=15.6  cos=0.6525
[epoch 97 DONE]  final_loss=5.39e-01  psnr=15.60  cos=0.6525
[checkpoint] /workspace/runs/trial_toy_d3t/checkpoints/epoch_0097.pt
[val epoch 97]  latent_l1=0.4971  latent_l2=0.7451  latent_psnr=26.0093
[best] new best latent_psnr=26.0093 (prev=26.0043) -> /workspace/runs/trial_toy_d3t/checkpoints/best.pt
[epoch 98 step 000]  loss=5.11e-01  l1=5.11e-01  l2=0.00e+00  psnr=15.5  cos=0.6609
[epoch 98 step 025]  loss=4.86e-01  l1=4.86e-01  l2=0.00e+00  psnr=16.2  cos=0.6639
[epoch 98 step 050]  loss=4.97e-01  l1=4.97e-01  l2=0.00e+00  psnr=15.8  cos=0.6769
[epoch 98 step 075]  loss=5.03e-01  l1=5.03e-01  l2=0.00e+00  psnr=15.8  cos=0.6635
[epoch 98 step 100]  loss=5.21e-01  l1=5.21e-01  l2=0.00e+00  psnr=15.6  cos=0.6395
[epoch 98 step 125]  loss=4.89e-01  l1=4.89e-01  l2=0.00e+00  psnr=16.0  cos=0.6633
[epoch 98 step 150]  loss=5.41e-01  l1=5.41e-01  l2=0.00e+00  psnr=15.3  cos=0.6319
[epoch 98 step 175]  loss=5.12e-01  l1=5.12e-01  l2=0.00e+00  psnr=15.8  cos=0.6629
[epoch 98 step 200]  loss=4.70e-01  l1=4.70e-01  l2=0.00e+00  psnr=16.3  cos=0.6920
[epoch 98 step 225]  loss=5.13e-01  l1=5.13e-01  l2=0.00e+00  psnr=15.7  cos=0.6651
[epoch 98 step 250]  loss=4.97e-01  l1=4.97e-01  l2=0.00e+00  psnr=15.9  cos=0.6673
[epoch 98 step 275]  loss=4.90e-01  l1=4.90e-01  l2=0.00e+00  psnr=16.1  cos=0.6613
[epoch 98 step 300]  loss=4.81e-01  l1=4.81e-01  l2=0.00e+00  psnr=15.9  cos=0.6912
[epoch 98 step 325]  loss=5.23e-01  l1=5.23e-01  l2=0.00e+00  psnr=15.6  cos=0.6470
[epoch 98 step 350]  loss=5.11e-01  l1=5.11e-01  l2=0.00e+00  psnr=15.9  cos=0.6451
[epoch 98 step 375]  loss=4.96e-01  l1=4.96e-01  l2=0.00e+00  psnr=15.8  cos=0.6701
[epoch 98 step 400]  loss=5.18e-01  l1=5.18e-01  l2=0.00e+00  psnr=15.6  cos=0.6529
[epoch 98 step 425]  loss=4.67e-01  l1=4.67e-01  l2=0.00e+00  psnr=16.2  cos=0.6974
[epoch 98 step 450]  loss=4.84e-01  l1=4.84e-01  l2=0.00e+00  psnr=16.2  cos=0.6770
[epoch 98 step 475]  loss=4.97e-01  l1=4.97e-01  l2=0.00e+00  psnr=15.9  cos=0.6683
[epoch 98 step 500]  loss=4.59e-01  l1=4.59e-01  l2=0.00e+00  psnr=16.5  cos=0.6884
[epoch 98 step 525]  loss=5.04e-01  l1=5.04e-01  l2=0.00e+00  psnr=15.6  cos=0.6831
[epoch 98 step 550]  loss=5.17e-01  l1=5.17e-01  l2=0.00e+00  psnr=15.6  cos=0.6461
[epoch 98 step 575]  loss=5.29e-01  l1=5.29e-01  l2=0.00e+00  psnr=15.7  cos=0.6401
[epoch 98 step 600]  loss=5.31e-01  l1=5.31e-01  l2=0.00e+00  psnr=15.5  cos=0.6378
[epoch 98 step 625]  loss=4.67e-01  l1=4.67e-01  l2=0.00e+00  psnr=16.5  cos=0.6957
[epoch 98 step 650]  loss=5.00e-01  l1=5.00e-01  l2=0.00e+00  psnr=15.8  cos=0.6646
[epoch 98 step 675]  loss=5.12e-01  l1=5.12e-01  l2=0.00e+00  psnr=15.5  cos=0.6488
[epoch 98 step 700]  loss=4.94e-01  l1=4.94e-01  l2=0.00e+00  psnr=16.1  cos=0.6494
[epoch 98 step 725]  loss=4.80e-01  l1=4.80e-01  l2=0.00e+00  psnr=15.8  cos=0.6762
[epoch 98 step 750]  loss=4.94e-01  l1=4.94e-01  l2=0.00e+00  psnr=16.0  cos=0.6607
[epoch 98 step 775]  loss=5.04e-01  l1=5.04e-01  l2=0.00e+00  psnr=15.9  cos=0.6493
[epoch 98 step 800]  loss=4.99e-01  l1=4.99e-01  l2=0.00e+00  psnr=15.8  cos=0.6819
[epoch 98 step 825]  loss=5.15e-01  l1=5.15e-01  l2=0.00e+00  psnr=15.5  cos=0.6625
[epoch 98 step 850]  loss=4.62e-01  l1=4.62e-01  l2=0.00e+00  psnr=16.1  cos=0.7081
[epoch 98 step 875]  loss=5.01e-01  l1=5.01e-01  l2=0.00e+00  psnr=15.9  cos=0.6644
[epoch 98 step 900]  loss=4.93e-01  l1=4.93e-01  l2=0.00e+00  psnr=15.9  cos=0.6848
[epoch 98 step 925]  loss=5.13e-01  l1=5.13e-01  l2=0.00e+00  psnr=15.6  cos=0.6729
[epoch 98 step 950]  loss=5.01e-01  l1=5.01e-01  l2=0.00e+00  psnr=15.8  cos=0.6519
[epoch 98 step 975]  loss=4.90e-01  l1=4.90e-01  l2=0.00e+00  psnr=16.0  cos=0.6589
[epoch 98 step 1000]  loss=5.12e-01  l1=5.12e-01  l2=0.00e+00  psnr=15.8  cos=0.6578
[epoch 98 step 1025]  loss=5.00e-01  l1=5.00e-01  l2=0.00e+00  psnr=15.9  cos=0.6627
[epoch 98 step 1050]  loss=4.57e-01  l1=4.57e-01  l2=0.00e+00  psnr=16.3  cos=0.7001
[epoch 98 step 1075]  loss=4.90e-01  l1=4.90e-01  l2=0.00e+00  psnr=16.1  cos=0.6605
[epoch 98 step 1100]  loss=5.66e-01  l1=5.66e-01  l2=0.00e+00  psnr=15.2  cos=0.5970
[epoch 98 step 1125]  loss=5.04e-01  l1=5.04e-01  l2=0.00e+00  psnr=15.8  cos=0.6490
[epoch 98 step 1150]  loss=4.91e-01  l1=4.91e-01  l2=0.00e+00  psnr=16.1  cos=0.6671
[epoch 98 step 1175]  loss=5.20e-01  l1=5.20e-01  l2=0.00e+00  psnr=15.5  cos=0.6454
[epoch 98 step 1200]  loss=5.10e-01  l1=5.10e-01  l2=0.00e+00  psnr=16.0  cos=0.6325
[epoch 98 step 1225]  loss=4.98e-01  l1=4.98e-01  l2=0.00e+00  psnr=15.8  cos=0.6791
[epoch 98 DONE]  final_loss=4.94e-01  psnr=15.78  cos=0.6791
[checkpoint] /workspace/runs/trial_toy_d3t/checkpoints/epoch_0098.pt
[val epoch 98]  latent_l1=0.4976  latent_l2=0.7452  latent_psnr=26.0090
[epoch 99 step 000]  loss=5.30e-01  l1=5.30e-01  l2=0.00e+00  psnr=15.5  cos=0.6290
[epoch 99 step 025]  loss=4.91e-01  l1=4.91e-01  l2=0.00e+00  psnr=16.0  cos=0.6807
[epoch 99 step 050]  loss=5.16e-01  l1=5.16e-01  l2=0.00e+00  psnr=15.9  cos=0.6448
[epoch 99 step 075]  loss=4.69e-01  l1=4.69e-01  l2=0.00e+00  psnr=16.3  cos=0.6828
[epoch 99 step 100]  loss=5.24e-01  l1=5.24e-01  l2=0.00e+00  psnr=15.8  cos=0.6412
[epoch 99 step 125]  loss=4.96e-01  l1=4.96e-01  l2=0.00e+00  psnr=16.1  cos=0.6633
[epoch 99 step 150]  loss=4.95e-01  l1=4.95e-01  l2=0.00e+00  psnr=15.9  cos=0.6586
[epoch 99 step 175]  loss=4.84e-01  l1=4.84e-01  l2=0.00e+00  psnr=16.1  cos=0.6852
[epoch 99 step 200]  loss=4.44e-01  l1=4.44e-01  l2=0.00e+00  psnr=16.6  cos=0.7092
[epoch 99 step 225]  loss=4.88e-01  l1=4.88e-01  l2=0.00e+00  psnr=15.7  cos=0.6670
[epoch 99 step 250]  loss=5.04e-01  l1=5.04e-01  l2=0.00e+00  psnr=16.0  cos=0.6659
[epoch 99 step 275]  loss=5.28e-01  l1=5.28e-01  l2=0.00e+00  psnr=15.6  cos=0.6554
[epoch 99 step 300]  loss=5.16e-01  l1=5.16e-01  l2=0.00e+00  psnr=15.5  cos=0.6531
[epoch 99 step 325]  loss=5.18e-01  l1=5.18e-01  l2=0.00e+00  psnr=15.9  cos=0.6269
[epoch 99 step 350]  loss=4.80e-01  l1=4.80e-01  l2=0.00e+00  psnr=16.0  cos=0.6834
[epoch 99 step 375]  loss=4.91e-01  l1=4.91e-01  l2=0.00e+00  psnr=16.2  cos=0.6724
[epoch 99 step 400]  loss=4.78e-01  l1=4.78e-01  l2=0.00e+00  psnr=16.4  cos=0.6806
[epoch 99 step 425]  loss=5.05e-01  l1=5.05e-01  l2=0.00e+00  psnr=15.9  cos=0.6438
[epoch 99 step 450]  loss=4.86e-01  l1=4.86e-01  l2=0.00e+00  psnr=16.1  cos=0.6638
[epoch 99 step 475]  loss=4.84e-01  l1=4.84e-01  l2=0.00e+00  psnr=16.2  cos=0.6648
[epoch 99 step 500]  loss=5.52e-01  l1=5.52e-01  l2=0.00e+00  psnr=14.9  cos=0.6391
[epoch 99 step 525]  loss=4.80e-01  l1=4.80e-01  l2=0.00e+00  psnr=16.1  cos=0.6665
[epoch 99 step 550]  loss=4.87e-01  l1=4.87e-01  l2=0.00e+00  psnr=16.1  cos=0.6712
[epoch 99 step 575]  loss=4.96e-01  l1=4.96e-01  l2=0.00e+00  psnr=16.0  cos=0.6645
[epoch 99 step 600]  loss=4.62e-01  l1=4.62e-01  l2=0.00e+00  psnr=16.5  cos=0.6860
[epoch 99 step 625]  loss=5.17e-01  l1=5.17e-01  l2=0.00e+00  psnr=15.7  cos=0.6501
[epoch 99 step 650]  loss=4.74e-01  l1=4.74e-01  l2=0.00e+00  psnr=16.0  cos=0.6872
[epoch 99 step 675]  loss=5.25e-01  l1=5.25e-01  l2=0.00e+00  psnr=15.1  cos=0.6623
[epoch 99 step 700]  loss=4.89e-01  l1=4.89e-01  l2=0.00e+00  psnr=16.0  cos=0.6645
[epoch 99 step 725]  loss=5.09e-01  l1=5.09e-01  l2=0.00e+00  psnr=15.6  cos=0.6729
[epoch 99 step 750]  loss=4.82e-01  l1=4.82e-01  l2=0.00e+00  psnr=16.3  cos=0.6706
[epoch 99 step 775]  loss=4.90e-01  l1=4.90e-01  l2=0.00e+00  psnr=16.1  cos=0.6648
[epoch 99 step 800]  loss=4.84e-01  l1=4.84e-01  l2=0.00e+00  psnr=16.3  cos=0.6801
[epoch 99 step 825]  loss=5.29e-01  l1=5.29e-01  l2=0.00e+00  psnr=15.6  cos=0.6267
[epoch 99 step 850]  loss=4.90e-01  l1=4.90e-01  l2=0.00e+00  psnr=16.1  cos=0.6622
[epoch 99 step 875]  loss=5.23e-01  l1=5.23e-01  l2=0.00e+00  psnr=15.3  cos=0.6600
[epoch 99 step 900]  loss=4.98e-01  l1=4.98e-01  l2=0.00e+00  psnr=16.1  cos=0.6569
[epoch 99 step 925]  loss=4.88e-01  l1=4.88e-01  l2=0.00e+00  psnr=16.1  cos=0.6727
[epoch 99 step 950]  loss=4.88e-01  l1=4.88e-01  l2=0.00e+00  psnr=15.8  cos=0.6960
[epoch 99 step 975]  loss=4.73e-01  l1=4.73e-01  l2=0.00e+00  psnr=16.1  cos=0.6861
[epoch 99 step 1000]  loss=4.83e-01  l1=4.83e-01  l2=0.00e+00  psnr=16.2  cos=0.6739
[epoch 99 step 1025]  loss=4.72e-01  l1=4.72e-01  l2=0.00e+00  psnr=16.3  cos=0.6877
[epoch 99 step 1050]  loss=5.07e-01  l1=5.07e-01  l2=0.00e+00  psnr=15.9  cos=0.6414
[epoch 99 step 1075]  loss=5.34e-01  l1=5.34e-01  l2=0.00e+00  psnr=15.5  cos=0.6192
[epoch 99 step 1100]  loss=4.66e-01  l1=4.66e-01  l2=0.00e+00  psnr=16.2  cos=0.7042
[epoch 99 step 1125]  loss=4.78e-01  l1=4.78e-01  l2=0.00e+00  psnr=16.4  cos=0.6863
[epoch 99 step 1150]  loss=4.60e-01  l1=4.60e-01  l2=0.00e+00  psnr=16.5  cos=0.6951
[epoch 99 step 1175]  loss=4.96e-01  l1=4.96e-01  l2=0.00e+00  psnr=15.8  cos=0.6743
[epoch 99 step 1200]  loss=5.17e-01  l1=5.17e-01  l2=0.00e+00  psnr=15.8  cos=0.6377
[epoch 99 step 1225]  loss=5.07e-01  l1=5.07e-01  l2=0.00e+00  psnr=15.8  cos=0.6596
[epoch 99 DONE]  final_loss=5.07e-01  psnr=15.77  cos=0.6596
[checkpoint] /workspace/runs/trial_toy_d3t/checkpoints/epoch_0099.pt
[val epoch 99]  latent_l1=0.4969  latent_l2=0.7449  latent_psnr=26.0120
[best] new best latent_psnr=26.0120 (prev=26.0093) -> /workspace/runs/trial_toy_d3t/checkpoints/best.pt
[epoch 100 step 000]  loss=5.06e-01  l1=5.06e-01  l2=0.00e+00  psnr=15.7  cos=0.6620
[epoch 100 step 025]  loss=4.85e-01  l1=4.85e-01  l2=0.00e+00  psnr=16.3  cos=0.6702
[epoch 100 step 050]  loss=5.20e-01  l1=5.20e-01  l2=0.00e+00  psnr=15.9  cos=0.6541
[epoch 100 step 075]  loss=4.92e-01  l1=4.92e-01  l2=0.00e+00  psnr=15.9  cos=0.6809
[epoch 100 step 100]  loss=5.05e-01  l1=5.05e-01  l2=0.00e+00  psnr=15.9  cos=0.6595
[epoch 100 step 125]  loss=4.93e-01  l1=4.93e-01  l2=0.00e+00  psnr=16.0  cos=0.6758
[epoch 100 step 150]  loss=5.05e-01  l1=5.05e-01  l2=0.00e+00  psnr=15.9  cos=0.6628
[epoch 100 step 175]  loss=5.33e-01  l1=5.33e-01  l2=0.00e+00  psnr=15.4  cos=0.6288
[epoch 100 step 200]  loss=4.84e-01  l1=4.84e-01  l2=0.00e+00  psnr=16.2  cos=0.6755
[epoch 100 step 225]  loss=4.91e-01  l1=4.91e-01  l2=0.00e+00  psnr=16.1  cos=0.6619
[epoch 100 step 250]  loss=5.18e-01  l1=5.18e-01  l2=0.00e+00  psnr=15.8  cos=0.6521
[epoch 100 step 275]  loss=5.14e-01  l1=5.14e-01  l2=0.00e+00  psnr=15.8  cos=0.6571
[epoch 100 step 300]  loss=5.21e-01  l1=5.21e-01  l2=0.00e+00  psnr=15.5  cos=0.6439
[epoch 100 step 325]  loss=4.92e-01  l1=4.92e-01  l2=0.00e+00  psnr=16.1  cos=0.6711
[epoch 100 step 350]  loss=5.12e-01  l1=5.12e-01  l2=0.00e+00  psnr=15.7  cos=0.6453
[epoch 100 step 375]  loss=4.92e-01  l1=4.92e-01  l2=0.00e+00  psnr=16.0  cos=0.6646
[epoch 100 step 400]  loss=5.10e-01  l1=5.10e-01  l2=0.00e+00  psnr=15.8  cos=0.6654
[epoch 100 step 425]  loss=4.99e-01  l1=4.99e-01  l2=0.00e+00  psnr=16.0  cos=0.6362
[epoch 100 step 450]  loss=4.89e-01  l1=4.89e-01  l2=0.00e+00  psnr=16.0  cos=0.6763
[epoch 100 step 475]  loss=4.90e-01  l1=4.90e-01  l2=0.00e+00  psnr=16.2  cos=0.6759
[epoch 100 step 500]  loss=5.37e-01  l1=5.37e-01  l2=0.00e+00  psnr=15.4  cos=0.6407
[epoch 100 step 525]  loss=4.44e-01  l1=4.44e-01  l2=0.00e+00  psnr=16.6  cos=0.7038
[epoch 100 step 550]  loss=5.05e-01  l1=5.05e-01  l2=0.00e+00  psnr=16.1  cos=0.6566
[epoch 100 step 575]  loss=4.79e-01  l1=4.79e-01  l2=0.00e+00  psnr=16.3  cos=0.6707
[epoch 100 step 600]  loss=4.98e-01  l1=4.98e-01  l2=0.00e+00  psnr=15.8  cos=0.6653
[epoch 100 step 625]  loss=4.49e-01  l1=4.49e-01  l2=0.00e+00  psnr=16.6  cos=0.7021
[epoch 100 step 650]  loss=4.94e-01  l1=4.94e-01  l2=0.00e+00  psnr=15.8  cos=0.6757
[epoch 100 step 675]  loss=4.85e-01  l1=4.85e-01  l2=0.00e+00  psnr=16.3  cos=0.6700
[epoch 100 step 700]  loss=5.33e-01  l1=5.33e-01  l2=0.00e+00  psnr=15.6  cos=0.6185
[epoch 100 step 725]  loss=4.65e-01  l1=4.65e-01  l2=0.00e+00  psnr=16.0  cos=0.7042
[epoch 100 step 750]  loss=4.90e-01  l1=4.90e-01  l2=0.00e+00  psnr=16.0  cos=0.6827
[epoch 100 step 775]  loss=5.27e-01  l1=5.27e-01  l2=0.00e+00  psnr=15.4  cos=0.6620
[epoch 100 step 800]  loss=4.84e-01  l1=4.84e-01  l2=0.00e+00  psnr=16.1  cos=0.6808
[epoch 100 step 825]  loss=4.85e-01  l1=4.85e-01  l2=0.00e+00  psnr=16.2  cos=0.6675
[epoch 100 step 850]  loss=4.87e-01  l1=4.87e-01  l2=0.00e+00  psnr=16.0  cos=0.6849
[epoch 100 step 875]  loss=5.42e-01  l1=5.42e-01  l2=0.00e+00  psnr=15.3  cos=0.6307
[epoch 100 step 900]  loss=4.94e-01  l1=4.94e-01  l2=0.00e+00  psnr=15.9  cos=0.6772
[epoch 100 step 925]  loss=4.99e-01  l1=4.99e-01  l2=0.00e+00  psnr=16.0  cos=0.6605
[epoch 100 step 950]  loss=5.03e-01  l1=5.03e-01  l2=0.00e+00  psnr=15.9  cos=0.6623
[epoch 100 step 975]  loss=4.95e-01  l1=4.95e-01  l2=0.00e+00  psnr=16.1  cos=0.6665
[epoch 100 step 1000]  loss=5.12e-01  l1=5.12e-01  l2=0.00e+00  psnr=15.6  cos=0.6696
[epoch 100 step 1025]  loss=4.97e-01  l1=4.97e-01  l2=0.00e+00  psnr=15.9  cos=0.6661
[epoch 100 step 1050]  loss=4.99e-01  l1=4.99e-01  l2=0.00e+00  psnr=15.9  cos=0.6529
[epoch 100 step 1075]  loss=5.10e-01  l1=5.10e-01  l2=0.00e+00  psnr=16.0  cos=0.6416
[epoch 100 step 1100]  loss=5.16e-01  l1=5.16e-01  l2=0.00e+00  psnr=15.6  cos=0.6547
[epoch 100 step 1125]  loss=4.61e-01  l1=4.61e-01  l2=0.00e+00  psnr=16.6  cos=0.6960
[epoch 100 step 1150]  loss=4.95e-01  l1=4.95e-01  l2=0.00e+00  psnr=15.8  cos=0.6707
[epoch 100 step 1175]  loss=4.96e-01  l1=4.96e-01  l2=0.00e+00  psnr=15.9  cos=0.6639
[epoch 100 step 1200]  loss=5.01e-01  l1=5.01e-01  l2=0.00e+00  psnr=15.9  cos=0.6659
[epoch 100 step 1225]  loss=4.69e-01  l1=4.69e-01  l2=0.00e+00  psnr=16.6  cos=0.6812
[epoch 100 DONE]  final_loss=5.08e-01  psnr=16.58  cos=0.6812
[checkpoint] /workspace/runs/trial_toy_d3t/checkpoints/epoch_0100.pt
[val epoch 100]  latent_l1=0.4961  latent_l2=0.7438  latent_psnr=26.0248
[best] new best latent_psnr=26.0248 (prev=26.0120) -> /workspace/runs/trial_toy_d3t/checkpoints/best.pt
wandb: updating run metadata
wandb: uploading output.log; uploading wandb-summary.json; uploading config.yaml
wandb: uploading output.log; uploading wandb-summary.json
wandb: 
wandb: Run history:
wandb:         loss/l1 ▇▅█▇▄▇▅▅▅▃▄▅▄▆▃▅▂▅▃▄▃▁▄▄▄▃▃▃▃▃▆▃▂▂▅▄▄▃▅▄
wandb:         loss/l2 ▁▁▁▁▁▁▁▁▁▁▁▁▁▁▁▁▁▁▁▁▁▁▁▁▁▁▁▁▁▁▁▁▁▁▁▁▁▁▁▁
wandb:      loss/total █▄▆▅▆▅▄▇▅▆▄▄▅▅▄▄▆▃▃▁▅▃▃▄▃▃▃▃▃▂▃▂▁▁▂▃▃▁▂▂
wandb:  metrics/cosine ▁▂▂▃▄▄▂▄▅▄▄▃▄▅▅▅▅▆▅▆▆▆▆▆▆▅▅▆▆▅▆▆▇▅▆▆▅█▆▇
wandb:      metrics/l1 ▇█▇█▃▅▅▆▂▅▄▅▇▆▄▂▅▂▁▂▃▂▁▅▂▂▃▄▃▂▄▃▃▂▃▃▃▂▃▂
wandb:    metrics/psnr ▁▁▂▄▃▃▄▅▆▃▇█▄▅▆▅▇▅▇▄▇▆▄▇▆▆▆▄▅▇▅▇▇▄▆▄▆▅▇█
wandb:            step ▁▁▁▁▁▂▂▂▃▃▃▃▃▃▃▃▃▄▄▄▄▅▅▅▅▅▆▆▆▆▆▇▇▇▇▇▇███
wandb:   val/latent_l1 █▇▇▇▆▆▅▅▅▅▄▄▃▃▃▃▃▃▃▃▂▂▂▂▂▂▂▂▂▁▁▁▁▁▁▁▁▁▁▁
wandb:   val/latent_l2 █▇▇▆▆▅▅▄▄▄▄▄▄▃▃▃▃▃▃▃▂▂▂▂▂▂▂▂▂▂▂▂▁▁▁▁▁▁▁▁
wandb: val/latent_psnr ▁▂▃▃▄▄▅▅▅▅▆▆▆▆▆▆▇▇▇▇▇▇▇▇▇▇▇█████████████
wandb:              +1 ...
wandb: 
wandb: Run summary:
wandb:         loss/l1 0.50808
wandb:         loss/l2 0
wandb:      loss/total 0.50808
wandb:  metrics/cosine 0.68122
wandb:      metrics/l1 0.46947
wandb:    metrics/psnr 16.58445
wandb:            step 124999
wandb:   val/latent_l1 0.49607
wandb:   val/latent_l2 0.74382
wandb: val/latent_psnr 26.02483
wandb:              +1 ...
wandb: 
wandb: 🚀 View run trial_toy_d3t at: https://wandb.ai/jasonna24-/triplane-ae/runs/kp4260wc
wandb: ⭐️ View project at: https://wandb.ai/jasonna24-/triplane-ae
wandb: Synced 5 W&B file(s), 0 media file(s), 0 artifact file(s) and 0 other file(s)
wandb: Find logs at: ./wandb/run-20260517_183220-kp4260wc/logs
[wandb] run URL: https://wandb.ai/jasonna24-/triplane-ae/runs/kp4260wc
[run_tier] <- END    tier1/d3t  exit=0  elapsed=56.8 min

[run_tier] summary:
  OK   tier1/d3t                 56.8 min
