[resume] loading snapshot: /workspace/runs/trial5/checkpoints/latest.pt
[resume]   epoch=6  global_step=26500  completed_in_epoch=1500  epoch_done=False
[wandb] resuming run id=9huu4ggg
wandb: [wandb.login()] Loaded credentials for https://api.wandb.ai from /root/.netrc.
wandb: Currently logged in as: jasonna24 (jasonna24-) to https://api.wandb.ai. Use `wandb login --relogin` to force relogin
wandb: setting up run 9huu4ggg
wandb: Tracking run with wandb version 0.26.1
wandb: Run data is saved locally in /workspace/wandb/run-20260514_072109-9huu4ggg
wandb: Run `wandb offline` to turn off syncing.
wandb: Resuming run trial5
wandb: ⭐️ View project at https://wandb.ai/jasonna24-/triplane-ae
wandb: 🚀 View run at https://wandb.ai/jasonna24-/triplane-ae/runs/9huu4ggg
[train] latent data_range from snapshot = 4.6084
/opt/conda/lib/python3.11/site-packages/torch/nn/modules/transformer.py:382: UserWarning: enable_nested_tensor is True, but self.use_nested_tensor is False because encoder_layer.norm_first was True
  warnings.warn(
[train] exp=trial5  model=TriplaneAE  device=cuda
[train] batches=5000  batch_size=1  epochs=100
[resume] continuing at epoch=6 skip_first_steps_in_epoch=1500 global_step=26500
[eval] Loading MAISI decoder for image-domain validation...
[load_state] missing=0 unexpected=0
[eval] torch.compile disabled (eval.compile_maisi=false).
[eval] MAISI decoder ready.
[train] AMP mode: bfloat16 autocast (no GradScaler needed)
[best] existing best.pt: latent_psnr=26.4933
[resume] epoch 6: skipping first 1500 batches
[epoch 6 step 1500]  loss=5.66e-01  l1=5.66e-01  l2=0.00e+00  psnr=15.2  cos=0.5350
wandb: WARNING Tried to log to step 26500 that is less than the current step 26974. Steps must be monotonically increasing, so this data will be ignored. See https://wandb.me/define-metric to log data out of order.
wandb: WARNING Tried to log to step 26501 that is less than the current step 26974. Steps must be monotonically increasing, so this data will be ignored. See https://wandb.me/define-metric to log data out of order.
wandb: WARNING Tried to log to step 26502 that is less than the current step 26974. Steps must be monotonically increasing, so this data will be ignored. See https://wandb.me/define-metric to log data out of order.
wandb: WARNING Tried to log to step 26503 that is less than the current step 26974. Steps must be monotonically increasing, so this data will be ignored. See https://wandb.me/define-metric to log data out of order.
wandb: WARNING Tried to log to step 26504 that is less than the current step 26974. Steps must be monotonically increasing, so this data will be ignored. See https://wandb.me/define-metric to log data out of order.
wandb: WARNING Tried to log to step 26505 that is less than the current step 26974. Steps must be monotonically increasing, so this data will be ignored. See https://wandb.me/define-metric to log data out of order.
wandb: WARNING Tried to log to step 26506 that is less than the current step 26974. Steps must be monotonically increasing, so this data will be ignored. See https://wandb.me/define-metric to log data out of order.
wandb: WARNING Tried to log to step 26507 that is less than the current step 26974. Steps must be monotonically increasing, so this data will be ignored. See https://wandb.me/define-metric to log data out of order.
wandb: WARNING Tried to log to step 26508 that is less than the current step 26974. Steps must be monotonically increasing, so this data will be ignored. See https://wandb.me/define-metric to log data out of order.
wandb: WARNING Tried to log to step 26509 that is less than the current step 26974. Steps must be monotonically increasing, so this data will be ignored. See https://wandb.me/define-metric to log data out of order.
wandb: WARNING Tried to log to step 26510 that is less than the current step 26974. Steps must be monotonically increasing, so this data will be ignored. See https://wandb.me/define-metric to log data out of order.
wandb: WARNING Tried to log to step 26511 that is less than the current step 26974. Steps must be monotonically increasing, so this data will be ignored. See https://wandb.me/define-metric to log data out of order.
wandb: WARNING Tried to log to step 26512 that is less than the current step 26974. Steps must be monotonically increasing, so this data will be ignored. See https://wandb.me/define-metric to log data out of order.
wandb: WARNING Tried to log to step 26513 that is less than the current step 26974. Steps must be monotonically increasing, so this data will be ignored. See https://wandb.me/define-metric to log data out of order.
wandb: WARNING Tried to log to step 26514 that is less than the current step 26974. Steps must be monotonically increasing, so this data will be ignored. See https://wandb.me/define-metric to log data out of order.
wandb: WARNING Tried to log to step 26515 that is less than the current step 26974. Steps must be monotonically increasing, so this data will be ignored. See https://wandb.me/define-metric to log data out of order.
wandb: WARNING Tried to log to step 26516 that is less than the current step 26974. Steps must be monotonically increasing, so this data will be ignored. See https://wandb.me/define-metric to log data out of order.
wandb: WARNING Tried to log to step 26517 that is less than the current step 26974. Steps must be monotonically increasing, so this data will be ignored. See https://wandb.me/define-metric to log data out of order.
wandb: WARNING Tried to log to step 26518 that is less than the current step 26974. Steps must be monotonically increasing, so this data will be ignored. See https://wandb.me/define-metric to log data out of order.
wandb: WARNING Tried to log to step 26519 that is less than the current step 26974. Steps must be monotonically increasing, so this data will be ignored. See https://wandb.me/define-metric to log data out of order.
wandb: WARNING Tried to log to step 26520 that is less than the current step 26974. Steps must be monotonically increasing, so this data will be ignored. See https://wandb.me/define-metric to log data out of order.
wandb: WARNING Tried to log to step 26521 that is less than the current step 26974. Steps must be monotonically increasing, so this data will be ignored. See https://wandb.me/define-metric to log data out of order.
wandb: WARNING Tried to log to step 26522 that is less than the current step 26974. Steps must be monotonically increasing, so this data will be ignored. See https://wandb.me/define-metric to log data out of order.
wandb: WARNING Tried to log to step 26523 that is less than the current step 26974. Steps must be monotonically increasing, so this data will be ignored. See https://wandb.me/define-metric to log data out of order.
wandb: WARNING Tried to log to step 26524 that is less than the current step 26974. Steps must be monotonically increasing, so this data will be ignored. See https://wandb.me/define-metric to log data out of order.
wandb: WARNING Tried to log to step 26525 that is less than the current step 26974. Steps must be monotonically increasing, so this data will be ignored. See https://wandb.me/define-metric to log data out of order.
wandb: WARNING Tried to log to step 26526 that is less than the current step 26974. Steps must be monotonically increasing, so this data will be ignored. See https://wandb.me/define-metric to log data out of order.
wandb: WARNING Tried to log to step 26527 that is less than the current step 26974. Steps must be monotonically increasing, so this data will be ignored. See https://wandb.me/define-metric to log data out of order.
wandb: WARNING Tried to log to step 26528 that is less than the current step 26974. Steps must be monotonically increasing, so this data will be ignored. See https://wandb.me/define-metric to log data out of order.
wandb: WARNING Tried to log to step 26529 that is less than the current step 26974. Steps must be monotonically increasing, so this data will be ignored. See https://wandb.me/define-metric to log data out of order.
[epoch 6 step 1550]  loss=6.19e-01  l1=6.19e-01  l2=0.00e+00  psnr=14.6  cos=0.5528
wandb: WARNING Tried to log to step 26530 that is less than the current step 26974. Steps must be monotonically increasing, so this data will be ignored. See https://wandb.me/define-metric to log data out of order.
wandb: WARNING Tried to log to step 26531 that is less than the current step 26974. Steps must be monotonically increasing, so this data will be ignored. See https://wandb.me/define-metric to log data out of order.
wandb: WARNING Tried to log to step 26532 that is less than the current step 26974. Steps must be monotonically increasing, so this data will be ignored. See https://wandb.me/define-metric to log data out of order.
wandb: WARNING Tried to log to step 26533 that is less than the current step 26974. Steps must be monotonically increasing, so this data will be ignored. See https://wandb.me/define-metric to log data out of order.
wandb: WARNING Tried to log to step 26534 that is less than the current step 26974. Steps must be monotonically increasing, so this data will be ignored. See https://wandb.me/define-metric to log data out of order.
wandb: WARNING Tried to log to step 26535 that is less than the current step 26974. Steps must be monotonically increasing, so this data will be ignored. See https://wandb.me/define-metric to log data out of order.
wandb: WARNING Tried to log to step 26536 that is less than the current step 26974. Steps must be monotonically increasing, so this data will be ignored. See https://wandb.me/define-metric to log data out of order.
wandb: WARNING Tried to log to step 26537 that is less than the current step 26974. Steps must be monotonically increasing, so this data will be ignored. See https://wandb.me/define-metric to log data out of order.
wandb: WARNING Tried to log to step 26538 that is less than the current step 26974. Steps must be monotonically increasing, so this data will be ignored. See https://wandb.me/define-metric to log data out of order.
wandb: WARNING Tried to log to step 26539 that is less than the current step 26974. Steps must be monotonically increasing, so this data will be ignored. See https://wandb.me/define-metric to log data out of order.
wandb: WARNING Tried to log to step 26540 that is less than the current step 26974. Steps must be monotonically increasing, so this data will be ignored. See https://wandb.me/define-metric to log data out of order.
wandb: WARNING Tried to log to step 26541 that is less than the current step 26974. Steps must be monotonically increasing, so this data will be ignored. See https://wandb.me/define-metric to log data out of order.
wandb: WARNING Tried to log to step 26542 that is less than the current step 26974. Steps must be monotonically increasing, so this data will be ignored. See https://wandb.me/define-metric to log data out of order.
wandb: WARNING Tried to log to step 26543 that is less than the current step 26974. Steps must be monotonically increasing, so this data will be ignored. See https://wandb.me/define-metric to log data out of order.
wandb: WARNING Tried to log to step 26544 that is less than the current step 26974. Steps must be monotonically increasing, so this data will be ignored. See https://wandb.me/define-metric to log data out of order.
wandb: WARNING Tried to log to step 26545 that is less than the current step 26974. Steps must be monotonically increasing, so this data will be ignored. See https://wandb.me/define-metric to log data out of order.
wandb: WARNING Tried to log to step 26546 that is less than the current step 26974. Steps must be monotonically increasing, so this data will be ignored. See https://wandb.me/define-metric to log data out of order.
wandb: WARNING Tried to log to step 26547 that is less than the current step 26974. Steps must be monotonically increasing, so this data will be ignored. See https://wandb.me/define-metric to log data out of order.
wandb: WARNING Tried to log to step 26548 that is less than the current step 26974. Steps must be monotonically increasing, so this data will be ignored. See https://wandb.me/define-metric to log data out of order.
wandb: WARNING Tried to log to step 26549 that is less than the current step 26974. Steps must be monotonically increasing, so this data will be ignored. See https://wandb.me/define-metric to log data out of order.
wandb: WARNING Tried to log to step 26550 that is less than the current step 26974. Steps must be monotonically increasing, so this data will be ignored. See https://wandb.me/define-metric to log data out of order.
wandb: WARNING Tried to log to step 26551 that is less than the current step 26974. Steps must be monotonically increasing, so this data will be ignored. See https://wandb.me/define-metric to log data out of order.
wandb: WARNING Tried to log to step 26552 that is less than the current step 26974. Steps must be monotonically increasing, so this data will be ignored. See https://wandb.me/define-metric to log data out of order.
wandb: WARNING Tried to log to step 26553 that is less than the current step 26974. Steps must be monotonically increasing, so this data will be ignored. See https://wandb.me/define-metric to log data out of order.
wandb: WARNING Tried to log to step 26554 that is less than the current step 26974. Steps must be monotonically increasing, so this data will be ignored. See https://wandb.me/define-metric to log data out of order.
wandb: WARNING Tried to log to step 26555 that is less than the current step 26974. Steps must be monotonically increasing, so this data will be ignored. See https://wandb.me/define-metric to log data out of order.
wandb: WARNING Tried to log to step 26556 that is less than the current step 26974. Steps must be monotonically increasing, so this data will be ignored. See https://wandb.me/define-metric to log data out of order.
wandb: WARNING Tried to log to step 26557 that is less than the current step 26974. Steps must be monotonically increasing, so this data will be ignored. See https://wandb.me/define-metric to log data out of order.
wandb: WARNING Tried to log to step 26558 that is less than the current step 26974. Steps must be monotonically increasing, so this data will be ignored. See https://wandb.me/define-metric to log data out of order.
wandb: WARNING Tried to log to step 26559 that is less than the current step 26974. Steps must be monotonically increasing, so this data will be ignored. See https://wandb.me/define-metric to log data out of order.
wandb: WARNING Tried to log to step 26560 that is less than the current step 26974. Steps must be monotonically increasing, so this data will be ignored. See https://wandb.me/define-metric to log data out of order.
wandb: WARNING Tried to log to step 26561 that is less than the current step 26974. Steps must be monotonically increasing, so this data will be ignored. See https://wandb.me/define-metric to log data out of order.
wandb: WARNING Tried to log to step 26562 that is less than the current step 26974. Steps must be monotonically increasing, so this data will be ignored. See https://wandb.me/define-metric to log data out of order.
wandb: WARNING Tried to log to step 26563 that is less than the current step 26974. Steps must be monotonically increasing, so this data will be ignored. See https://wandb.me/define-metric to log data out of order.
wandb: WARNING Tried to log to step 26564 that is less than the current step 26974. Steps must be monotonically increasing, so this data will be ignored. See https://wandb.me/define-metric to log data out of order.
wandb: WARNING Tried to log to step 26565 that is less than the current step 26974. Steps must be monotonically increasing, so this data will be ignored. See https://wandb.me/define-metric to log data out of order.
wandb: WARNING Tried to log to step 26566 that is less than the current step 26974. Steps must be monotonically increasing, so this data will be ignored. See https://wandb.me/define-metric to log data out of order.
wandb: WARNING Tried to log to step 26567 that is less than the current step 26974. Steps must be monotonically increasing, so this data will be ignored. See https://wandb.me/define-metric to log data out of order.
wandb: WARNING Tried to log to step 26568 that is less than the current step 26974. Steps must be monotonically increasing, so this data will be ignored. See https://wandb.me/define-metric to log data out of order.
wandb: WARNING Tried to log to step 26569 that is less than the current step 26974. Steps must be monotonically increasing, so this data will be ignored. See https://wandb.me/define-metric to log data out of order.
wandb: WARNING Tried to log to step 26570 that is less than the current step 26974. Steps must be monotonically increasing, so this data will be ignored. See https://wandb.me/define-metric to log data out of order.
wandb: WARNING Tried to log to step 26571 that is less than the current step 26974. Steps must be monotonically increasing, so this data will be ignored. See https://wandb.me/define-metric to log data out of order.
wandb: WARNING Tried to log to step 26572 that is less than the current step 26974. Steps must be monotonically increasing, so this data will be ignored. See https://wandb.me/define-metric to log data out of order.
wandb: WARNING Tried to log to step 26573 that is less than the current step 26974. Steps must be monotonically increasing, so this data will be ignored. See https://wandb.me/define-metric to log data out of order.
wandb: WARNING Tried to log to step 26574 that is less than the current step 26974. Steps must be monotonically increasing, so this data will be ignored. See https://wandb.me/define-metric to log data out of order.
wandb: WARNING Tried to log to step 26575 that is less than the current step 26974. Steps must be monotonically increasing, so this data will be ignored. See https://wandb.me/define-metric to log data out of order.
wandb: WARNING Tried to log to step 26576 that is less than the current step 26974. Steps must be monotonically increasing, so this data will be ignored. See https://wandb.me/define-metric to log data out of order.
wandb: WARNING Tried to log to step 26577 that is less than the current step 26974. Steps must be monotonically increasing, so this data will be ignored. See https://wandb.me/define-metric to log data out of order.
wandb: WARNING Tried to log to step 26578 that is less than the current step 26974. Steps must be monotonically increasing, so this data will be ignored. See https://wandb.me/define-metric to log data out of order.
wandb: WARNING Tried to log to step 26579 that is less than the current step 26974. Steps must be monotonically increasing, so this data will be ignored. See https://wandb.me/define-metric to log data out of order.
wandb: WARNING Tried to log to step 26580 that is less than the current step 26974. Steps must be monotonically increasing, so this data will be ignored. See https://wandb.me/define-metric to log data out of order.
wandb: WARNING Tried to log to step 26581 that is less than the current step 26974. Steps must be monotonically increasing, so this data will be ignored. See https://wandb.me/define-metric to log data out of order.
wandb: WARNING Tried to log to step 26582 that is less than the current step 26974. Steps must be monotonically increasing, so this data will be ignored. See https://wandb.me/define-metric to log data out of order.
wandb: WARNING Tried to log to step 26583 that is less than the current step 26974. Steps must be monotonically increasing, so this data will be ignored. See https://wandb.me/define-metric to log data out of order.
wandb: WARNING Tried to log to step 26584 that is less than the current step 26974. Steps must be monotonically increasing, so this data will be ignored. See https://wandb.me/define-metric to log data out of order.
wandb: WARNING Tried to log to step 26585 that is less than the current step 26974. Steps must be monotonically increasing, so this data will be ignored. See https://wandb.me/define-metric to log data out of order.
wandb: WARNING Tried to log to step 26586 that is less than the current step 26974. Steps must be monotonically increasing, so this data will be ignored. See https://wandb.me/define-metric to log data out of order.
wandb: WARNING Tried to log to step 26587 that is less than the current step 26974. Steps must be monotonically increasing, so this data will be ignored. See https://wandb.me/define-metric to log data out of order.
wandb: WARNING Tried to log to step 26588 that is less than the current step 26974. Steps must be monotonically increasing, so this data will be ignored. See https://wandb.me/define-metric to log data out of order.
wandb: WARNING Tried to log to step 26589 that is less than the current step 26974. Steps must be monotonically increasing, so this data will be ignored. See https://wandb.me/define-metric to log data out of order.
wandb: WARNING Tried to log to step 26590 that is less than the current step 26974. Steps must be monotonically increasing, so this data will be ignored. See https://wandb.me/define-metric to log data out of order.
wandb: WARNING Tried to log to step 26591 that is less than the current step 26974. Steps must be monotonically increasing, so this data will be ignored. See https://wandb.me/define-metric to log data out of order.
wandb: WARNING Tried to log to step 26592 that is less than the current step 26974. Steps must be monotonically increasing, so this data will be ignored. See https://wandb.me/define-metric to log data out of order.
wandb: WARNING Tried to log to step 26593 that is less than the current step 26974. Steps must be monotonically increasing, so this data will be ignored. See https://wandb.me/define-metric to log data out of order.
wandb: WARNING Tried to log to step 26594 that is less than the current step 26974. Steps must be monotonically increasing, so this data will be ignored. See https://wandb.me/define-metric to log data out of order.
wandb: WARNING Tried to log to step 26595 that is less than the current step 26974. Steps must be monotonically increasing, so this data will be ignored. See https://wandb.me/define-metric to log data out of order.
wandb: WARNING Tried to log to step 26596 that is less than the current step 26974. Steps must be monotonically increasing, so this data will be ignored. See https://wandb.me/define-metric to log data out of order.
wandb: WARNING Tried to log to step 26597 that is less than the current step 26974. Steps must be monotonically increasing, so this data will be ignored. See https://wandb.me/define-metric to log data out of order.
wandb: WARNING Tried to log to step 26598 that is less than the current step 26974. Steps must be monotonically increasing, so this data will be ignored. See https://wandb.me/define-metric to log data out of order.
wandb: WARNING Tried to log to step 26599 that is less than the current step 26974. Steps must be monotonically increasing, so this data will be ignored. See https://wandb.me/define-metric to log data out of order.
[epoch 6 step 1600]  loss=6.06e-01  l1=6.06e-01  l2=0.00e+00  psnr=14.6  cos=0.5771
wandb: WARNING Tried to log to step 26600 that is less than the current step 26974. Steps must be monotonically increasing, so this data will be ignored. See https://wandb.me/define-metric to log data out of order.
wandb: WARNING Tried to log to step 26601 that is less than the current step 26974. Steps must be monotonically increasing, so this data will be ignored. See https://wandb.me/define-metric to log data out of order.
wandb: WARNING Tried to log to step 26602 that is less than the current step 26974. Steps must be monotonically increasing, so this data will be ignored. See https://wandb.me/define-metric to log data out of order.
wandb: WARNING Tried to log to step 26603 that is less than the current step 26974. Steps must be monotonically increasing, so this data will be ignored. See https://wandb.me/define-metric to log data out of order.
wandb: WARNING Tried to log to step 26604 that is less than the current step 26974. Steps must be monotonically increasing, so this data will be ignored. See https://wandb.me/define-metric to log data out of order.
wandb: WARNING Tried to log to step 26605 that is less than the current step 26974. Steps must be monotonically increasing, so this data will be ignored. See https://wandb.me/define-metric to log data out of order.
wandb: WARNING Tried to log to step 26606 that is less than the current step 26974. Steps must be monotonically increasing, so this data will be ignored. See https://wandb.me/define-metric to log data out of order.
wandb: WARNING Tried to log to step 26607 that is less than the current step 26974. Steps must be monotonically increasing, so this data will be ignored. See https://wandb.me/define-metric to log data out of order.
wandb: WARNING Tried to log to step 26608 that is less than the current step 26974. Steps must be monotonically increasing, so this data will be ignored. See https://wandb.me/define-metric to log data out of order.
wandb: WARNING Tried to log to step 26609 that is less than the current step 26974. Steps must be monotonically increasing, so this data will be ignored. See https://wandb.me/define-metric to log data out of order.
wandb: WARNING Tried to log to step 26610 that is less than the current step 26974. Steps must be monotonically increasing, so this data will be ignored. See https://wandb.me/define-metric to log data out of order.
wandb: WARNING Tried to log to step 26611 that is less than the current step 26974. Steps must be monotonically increasing, so this data will be ignored. See https://wandb.me/define-metric to log data out of order.
wandb: WARNING Tried to log to step 26612 that is less than the current step 26974. Steps must be monotonically increasing, so this data will be ignored. See https://wandb.me/define-metric to log data out of order.
wandb: WARNING Tried to log to step 26613 that is less than the current step 26974. Steps must be monotonically increasing, so this data will be ignored. See https://wandb.me/define-metric to log data out of order.
wandb: WARNING Tried to log to step 26614 that is less than the current step 26974. Steps must be monotonically increasing, so this data will be ignored. See https://wandb.me/define-metric to log data out of order.
wandb: WARNING Tried to log to step 26615 that is less than the current step 26974. Steps must be monotonically increasing, so this data will be ignored. See https://wandb.me/define-metric to log data out of order.
wandb: WARNING Tried to log to step 26616 that is less than the current step 26974. Steps must be monotonically increasing, so this data will be ignored. See https://wandb.me/define-metric to log data out of order.
wandb: WARNING Tried to log to step 26617 that is less than the current step 26974. Steps must be monotonically increasing, so this data will be ignored. See https://wandb.me/define-metric to log data out of order.
wandb: WARNING Tried to log to step 26618 that is less than the current step 26974. Steps must be monotonically increasing, so this data will be ignored. See https://wandb.me/define-metric to log data out of order.
wandb: WARNING Tried to log to step 26619 that is less than the current step 26974. Steps must be monotonically increasing, so this data will be ignored. See https://wandb.me/define-metric to log data out of order.
wandb: WARNING Tried to log to step 26620 that is less than the current step 26974. Steps must be monotonically increasing, so this data will be ignored. See https://wandb.me/define-metric to log data out of order.
wandb: WARNING Tried to log to step 26621 that is less than the current step 26974. Steps must be monotonically increasing, so this data will be ignored. See https://wandb.me/define-metric to log data out of order.
wandb: WARNING Tried to log to step 26622 that is less than the current step 26974. Steps must be monotonically increasing, so this data will be ignored. See https://wandb.me/define-metric to log data out of order.
wandb: WARNING Tried to log to step 26623 that is less than the current step 26974. Steps must be monotonically increasing, so this data will be ignored. See https://wandb.me/define-metric to log data out of order.
wandb: WARNING Tried to log to step 26624 that is less than the current step 26974. Steps must be monotonically increasing, so this data will be ignored. See https://wandb.me/define-metric to log data out of order.
wandb: WARNING Tried to log to step 26625 that is less than the current step 26974. Steps must be monotonically increasing, so this data will be ignored. See https://wandb.me/define-metric to log data out of order.
wandb: WARNING Tried to log to step 26626 that is less than the current step 26974. Steps must be monotonically increasing, so this data will be ignored. See https://wandb.me/define-metric to log data out of order.
wandb: WARNING Tried to log to step 26627 that is less than the current step 26974. Steps must be monotonically increasing, so this data will be ignored. See https://wandb.me/define-metric to log data out of order.
wandb: WARNING Tried to log to step 26628 that is less than the current step 26974. Steps must be monotonically increasing, so this data will be ignored. See https://wandb.me/define-metric to log data out of order.
wandb: WARNING Tried to log to step 26629 that is less than the current step 26974. Steps must be monotonically increasing, so this data will be ignored. See https://wandb.me/define-metric to log data out of order.
wandb: WARNING Tried to log to step 26630 that is less than the current step 26974. Steps must be monotonically increasing, so this data will be ignored. See https://wandb.me/define-metric to log data out of order.
wandb: WARNING Tried to log to step 26631 that is less than the current step 26974. Steps must be monotonically increasing, so this data will be ignored. See https://wandb.me/define-metric to log data out of order.
wandb: WARNING Tried to log to step 26632 that is less than the current step 26974. Steps must be monotonically increasing, so this data will be ignored. See https://wandb.me/define-metric to log data out of order.
wandb: WARNING Tried to log to step 26633 that is less than the current step 26974. Steps must be monotonically increasing, so this data will be ignored. See https://wandb.me/define-metric to log data out of order.
wandb: WARNING Tried to log to step 26634 that is less than the current step 26974. Steps must be monotonically increasing, so this data will be ignored. See https://wandb.me/define-metric to log data out of order.
[epoch 6 step 1650]  loss=6.03e-01  l1=6.03e-01  l2=0.00e+00  psnr=14.7  cos=0.4887
wandb: WARNING Tried to log to step 26635 that is less than the current step 26974. Steps must be monotonically increasing, so this data will be ignored. See https://wandb.me/define-metric to log data out of order.
wandb: WARNING Tried to log to step 26636 that is less than the current step 26974. Steps must be monotonically increasing, so this data will be ignored. See https://wandb.me/define-metric to log data out of order.
wandb: WARNING Tried to log to step 26637 that is less than the current step 26974. Steps must be monotonically increasing, so this data will be ignored. See https://wandb.me/define-metric to log data out of order.
wandb: WARNING Tried to log to step 26638 that is less than the current step 26974. Steps must be monotonically increasing, so this data will be ignored. See https://wandb.me/define-metric to log data out of order.
wandb: WARNING Tried to log to step 26639 that is less than the current step 26974. Steps must be monotonically increasing, so this data will be ignored. See https://wandb.me/define-metric to log data out of order.
wandb: WARNING Tried to log to step 26640 that is less than the current step 26974. Steps must be monotonically increasing, so this data will be ignored. See https://wandb.me/define-metric to log data out of order.
wandb: WARNING Tried to log to step 26641 that is less than the current step 26974. Steps must be monotonically increasing, so this data will be ignored. See https://wandb.me/define-metric to log data out of order.
wandb: WARNING Tried to log to step 26642 that is less than the current step 26974. Steps must be monotonically increasing, so this data will be ignored. See https://wandb.me/define-metric to log data out of order.
wandb: WARNING Tried to log to step 26643 that is less than the current step 26974. Steps must be monotonically increasing, so this data will be ignored. See https://wandb.me/define-metric to log data out of order.
wandb: WARNING Tried to log to step 26644 that is less than the current step 26974. Steps must be monotonically increasing, so this data will be ignored. See https://wandb.me/define-metric to log data out of order.
wandb: WARNING Tried to log to step 26645 that is less than the current step 26974. Steps must be monotonically increasing, so this data will be ignored. See https://wandb.me/define-metric to log data out of order.
wandb: WARNING Tried to log to step 26646 that is less than the current step 26974. Steps must be monotonically increasing, so this data will be ignored. See https://wandb.me/define-metric to log data out of order.
wandb: WARNING Tried to log to step 26647 that is less than the current step 26974. Steps must be monotonically increasing, so this data will be ignored. See https://wandb.me/define-metric to log data out of order.
wandb: WARNING Tried to log to step 26648 that is less than the current step 26974. Steps must be monotonically increasing, so this data will be ignored. See https://wandb.me/define-metric to log data out of order.
wandb: WARNING Tried to log to step 26649 that is less than the current step 26974. Steps must be monotonically increasing, so this data will be ignored. See https://wandb.me/define-metric to log data out of order.
wandb: WARNING Tried to log to step 26650 that is less than the current step 26974. Steps must be monotonically increasing, so this data will be ignored. See https://wandb.me/define-metric to log data out of order.
wandb: WARNING Tried to log to step 26651 that is less than the current step 26974. Steps must be monotonically increasing, so this data will be ignored. See https://wandb.me/define-metric to log data out of order.
wandb: WARNING Tried to log to step 26652 that is less than the current step 26974. Steps must be monotonically increasing, so this data will be ignored. See https://wandb.me/define-metric to log data out of order.
wandb: WARNING Tried to log to step 26653 that is less than the current step 26974. Steps must be monotonically increasing, so this data will be ignored. See https://wandb.me/define-metric to log data out of order.
wandb: WARNING Tried to log to step 26654 that is less than the current step 26974. Steps must be monotonically increasing, so this data will be ignored. See https://wandb.me/define-metric to log data out of order.
wandb: WARNING Tried to log to step 26655 that is less than the current step 26974. Steps must be monotonically increasing, so this data will be ignored. See https://wandb.me/define-metric to log data out of order.
wandb: WARNING Tried to log to step 26656 that is less than the current step 26974. Steps must be monotonically increasing, so this data will be ignored. See https://wandb.me/define-metric to log data out of order.
wandb: WARNING Tried to log to step 26657 that is less than the current step 26974. Steps must be monotonically increasing, so this data will be ignored. See https://wandb.me/define-metric to log data out of order.
wandb: WARNING Tried to log to step 26658 that is less than the current step 26974. Steps must be monotonically increasing, so this data will be ignored. See https://wandb.me/define-metric to log data out of order.
wandb: WARNING Tried to log to step 26659 that is less than the current step 26974. Steps must be monotonically increasing, so this data will be ignored. See https://wandb.me/define-metric to log data out of order.
wandb: WARNING Tried to log to step 26660 that is less than the current step 26974. Steps must be monotonically increasing, so this data will be ignored. See https://wandb.me/define-metric to log data out of order.
wandb: WARNING Tried to log to step 26661 that is less than the current step 26974. Steps must be monotonically increasing, so this data will be ignored. See https://wandb.me/define-metric to log data out of order.
wandb: WARNING Tried to log to step 26662 that is less than the current step 26974. Steps must be monotonically increasing, so this data will be ignored. See https://wandb.me/define-metric to log data out of order.
wandb: WARNING Tried to log to step 26663 that is less than the current step 26974. Steps must be monotonically increasing, so this data will be ignored. See https://wandb.me/define-metric to log data out of order.
wandb: WARNING Tried to log to step 26664 that is less than the current step 26974. Steps must be monotonically increasing, so this data will be ignored. See https://wandb.me/define-metric to log data out of order.
wandb: WARNING Tried to log to step 26665 that is less than the current step 26974. Steps must be monotonically increasing, so this data will be ignored. See https://wandb.me/define-metric to log data out of order.
wandb: WARNING Tried to log to step 26666 that is less than the current step 26974. Steps must be monotonically increasing, so this data will be ignored. See https://wandb.me/define-metric to log data out of order.
wandb: WARNING Tried to log to step 26667 that is less than the current step 26974. Steps must be monotonically increasing, so this data will be ignored. See https://wandb.me/define-metric to log data out of order.
wandb: WARNING Tried to log to step 26668 that is less than the current step 26974. Steps must be monotonically increasing, so this data will be ignored. See https://wandb.me/define-metric to log data out of order.
wandb: WARNING Tried to log to step 26669 that is less than the current step 26974. Steps must be monotonically increasing, so this data will be ignored. See https://wandb.me/define-metric to log data out of order.
wandb: WARNING Tried to log to step 26670 that is less than the current step 26974. Steps must be monotonically increasing, so this data will be ignored. See https://wandb.me/define-metric to log data out of order.
[epoch 6 step 1700]  loss=5.23e-01  l1=5.23e-01  l2=0.00e+00  psnr=15.7  cos=0.6178
wandb: WARNING Tried to log to step 26671 that is less than the current step 26974. Steps must be monotonically increasing, so this data will be ignored. See https://wandb.me/define-metric to log data out of order.
wandb: WARNING Tried to log to step 26672 that is less than the current step 26974. Steps must be monotonically increasing, so this data will be ignored. See https://wandb.me/define-metric to log data out of order.
wandb: WARNING Tried to log to step 26673 that is less than the current step 26974. Steps must be monotonically increasing, so this data will be ignored. See https://wandb.me/define-metric to log data out of order.
wandb: WARNING Tried to log to step 26674 that is less than the current step 26974. Steps must be monotonically increasing, so this data will be ignored. See https://wandb.me/define-metric to log data out of order.
wandb: WARNING Tried to log to step 26675 that is less than the current step 26974. Steps must be monotonically increasing, so this data will be ignored. See https://wandb.me/define-metric to log data out of order.
wandb: WARNING Tried to log to step 26676 that is less than the current step 26974. Steps must be monotonically increasing, so this data will be ignored. See https://wandb.me/define-metric to log data out of order.
wandb: WARNING Tried to log to step 26677 that is less than the current step 26974. Steps must be monotonically increasing, so this data will be ignored. See https://wandb.me/define-metric to log data out of order.
wandb: WARNING Tried to log to step 26678 that is less than the current step 26974. Steps must be monotonically increasing, so this data will be ignored. See https://wandb.me/define-metric to log data out of order.
wandb: WARNING Tried to log to step 26679 that is less than the current step 26974. Steps must be monotonically increasing, so this data will be ignored. See https://wandb.me/define-metric to log data out of order.
wandb: WARNING Tried to log to step 26680 that is less than the current step 26974. Steps must be monotonically increasing, so this data will be ignored. See https://wandb.me/define-metric to log data out of order.
wandb: WARNING Tried to log to step 26681 that is less than the current step 26974. Steps must be monotonically increasing, so this data will be ignored. See https://wandb.me/define-metric to log data out of order.
wandb: WARNING Tried to log to step 26682 that is less than the current step 26974. Steps must be monotonically increasing, so this data will be ignored. See https://wandb.me/define-metric to log data out of order.
wandb: WARNING Tried to log to step 26683 that is less than the current step 26974. Steps must be monotonically increasing, so this data will be ignored. See https://wandb.me/define-metric to log data out of order.
wandb: WARNING Tried to log to step 26684 that is less than the current step 26974. Steps must be monotonically increasing, so this data will be ignored. See https://wandb.me/define-metric to log data out of order.
wandb: WARNING Tried to log to step 26685 that is less than the current step 26974. Steps must be monotonically increasing, so this data will be ignored. See https://wandb.me/define-metric to log data out of order.
wandb: WARNING Tried to log to step 26686 that is less than the current step 26974. Steps must be monotonically increasing, so this data will be ignored. See https://wandb.me/define-metric to log data out of order.
wandb: WARNING Tried to log to step 26687 that is less than the current step 26974. Steps must be monotonically increasing, so this data will be ignored. See https://wandb.me/define-metric to log data out of order.
wandb: WARNING Tried to log to step 26688 that is less than the current step 26974. Steps must be monotonically increasing, so this data will be ignored. See https://wandb.me/define-metric to log data out of order.
wandb: WARNING Tried to log to step 26689 that is less than the current step 26974. Steps must be monotonically increasing, so this data will be ignored. See https://wandb.me/define-metric to log data out of order.
wandb: WARNING Tried to log to step 26690 that is less than the current step 26974. Steps must be monotonically increasing, so this data will be ignored. See https://wandb.me/define-metric to log data out of order.
wandb: WARNING Tried to log to step 26691 that is less than the current step 26974. Steps must be monotonically increasing, so this data will be ignored. See https://wandb.me/define-metric to log data out of order.
wandb: WARNING Tried to log to step 26692 that is less than the current step 26974. Steps must be monotonically increasing, so this data will be ignored. See https://wandb.me/define-metric to log data out of order.
wandb: WARNING Tried to log to step 26693 that is less than the current step 26974. Steps must be monotonically increasing, so this data will be ignored. See https://wandb.me/define-metric to log data out of order.
wandb: WARNING Tried to log to step 26694 that is less than the current step 26974. Steps must be monotonically increasing, so this data will be ignored. See https://wandb.me/define-metric to log data out of order.
wandb: WARNING Tried to log to step 26695 that is less than the current step 26974. Steps must be monotonically increasing, so this data will be ignored. See https://wandb.me/define-metric to log data out of order.
wandb: WARNING Tried to log to step 26696 that is less than the current step 26974. Steps must be monotonically increasing, so this data will be ignored. See https://wandb.me/define-metric to log data out of order.
wandb: WARNING Tried to log to step 26697 that is less than the current step 26974. Steps must be monotonically increasing, so this data will be ignored. See https://wandb.me/define-metric to log data out of order.
wandb: WARNING Tried to log to step 26698 that is less than the current step 26974. Steps must be monotonically increasing, so this data will be ignored. See https://wandb.me/define-metric to log data out of order.
wandb: WARNING Tried to log to step 26699 that is less than the current step 26974. Steps must be monotonically increasing, so this data will be ignored. See https://wandb.me/define-metric to log data out of order.
wandb: WARNING Tried to log to step 26700 that is less than the current step 26974. Steps must be monotonically increasing, so this data will be ignored. See https://wandb.me/define-metric to log data out of order.
wandb: WARNING Tried to log to step 26701 that is less than the current step 26974. Steps must be monotonically increasing, so this data will be ignored. See https://wandb.me/define-metric to log data out of order.
wandb: WARNING Tried to log to step 26702 that is less than the current step 26974. Steps must be monotonically increasing, so this data will be ignored. See https://wandb.me/define-metric to log data out of order.
wandb: WARNING Tried to log to step 26703 that is less than the current step 26974. Steps must be monotonically increasing, so this data will be ignored. See https://wandb.me/define-metric to log data out of order.
wandb: WARNING Tried to log to step 26704 that is less than the current step 26974. Steps must be monotonically increasing, so this data will be ignored. See https://wandb.me/define-metric to log data out of order.
wandb: WARNING Tried to log to step 26705 that is less than the current step 26974. Steps must be monotonically increasing, so this data will be ignored. See https://wandb.me/define-metric to log data out of order.
wandb: WARNING Tried to log to step 26706 that is less than the current step 26974. Steps must be monotonically increasing, so this data will be ignored. See https://wandb.me/define-metric to log data out of order.
wandb: WARNING Tried to log to step 26707 that is less than the current step 26974. Steps must be monotonically increasing, so this data will be ignored. See https://wandb.me/define-metric to log data out of order.
wandb: WARNING Tried to log to step 26708 that is less than the current step 26974. Steps must be monotonically increasing, so this data will be ignored. See https://wandb.me/define-metric to log data out of order.
wandb: WARNING Tried to log to step 26709 that is less than the current step 26974. Steps must be monotonically increasing, so this data will be ignored. See https://wandb.me/define-metric to log data out of order.
wandb: WARNING Tried to log to step 26710 that is less than the current step 26974. Steps must be monotonically increasing, so this data will be ignored. See https://wandb.me/define-metric to log data out of order.
wandb: WARNING Tried to log to step 26711 that is less than the current step 26974. Steps must be monotonically increasing, so this data will be ignored. See https://wandb.me/define-metric to log data out of order.
wandb: WARNING Tried to log to step 26712 that is less than the current step 26974. Steps must be monotonically increasing, so this data will be ignored. See https://wandb.me/define-metric to log data out of order.
wandb: WARNING Tried to log to step 26713 that is less than the current step 26974. Steps must be monotonically increasing, so this data will be ignored. See https://wandb.me/define-metric to log data out of order.
wandb: WARNING Tried to log to step 26714 that is less than the current step 26974. Steps must be monotonically increasing, so this data will be ignored. See https://wandb.me/define-metric to log data out of order.
wandb: WARNING Tried to log to step 26715 that is less than the current step 26974. Steps must be monotonically increasing, so this data will be ignored. See https://wandb.me/define-metric to log data out of order.
wandb: WARNING Tried to log to step 26716 that is less than the current step 26974. Steps must be monotonically increasing, so this data will be ignored. See https://wandb.me/define-metric to log data out of order.
wandb: WARNING Tried to log to step 26717 that is less than the current step 26974. Steps must be monotonically increasing, so this data will be ignored. See https://wandb.me/define-metric to log data out of order.
wandb: WARNING Tried to log to step 26718 that is less than the current step 26974. Steps must be monotonically increasing, so this data will be ignored. See https://wandb.me/define-metric to log data out of order.
wandb: WARNING Tried to log to step 26719 that is less than the current step 26974. Steps must be monotonically increasing, so this data will be ignored. See https://wandb.me/define-metric to log data out of order.
wandb: WARNING Tried to log to step 26720 that is less than the current step 26974. Steps must be monotonically increasing, so this data will be ignored. See https://wandb.me/define-metric to log data out of order.
wandb: WARNING Tried to log to step 26721 that is less than the current step 26974. Steps must be monotonically increasing, so this data will be ignored. See https://wandb.me/define-metric to log data out of order.
wandb: WARNING Tried to log to step 26722 that is less than the current step 26974. Steps must be monotonically increasing, so this data will be ignored. See https://wandb.me/define-metric to log data out of order.
wandb: WARNING Tried to log to step 26723 that is less than the current step 26974. Steps must be monotonically increasing, so this data will be ignored. See https://wandb.me/define-metric to log data out of order.
wandb: WARNING Tried to log to step 26724 that is less than the current step 26974. Steps must be monotonically increasing, so this data will be ignored. See https://wandb.me/define-metric to log data out of order.
wandb: WARNING Tried to log to step 26725 that is less than the current step 26974. Steps must be monotonically increasing, so this data will be ignored. See https://wandb.me/define-metric to log data out of order.
wandb: WARNING Tried to log to step 26726 that is less than the current step 26974. Steps must be monotonically increasing, so this data will be ignored. See https://wandb.me/define-metric to log data out of order.
wandb: WARNING Tried to log to step 26727 that is less than the current step 26974. Steps must be monotonically increasing, so this data will be ignored. See https://wandb.me/define-metric to log data out of order.
wandb: WARNING Tried to log to step 26728 that is less than the current step 26974. Steps must be monotonically increasing, so this data will be ignored. See https://wandb.me/define-metric to log data out of order.
wandb: WARNING Tried to log to step 26729 that is less than the current step 26974. Steps must be monotonically increasing, so this data will be ignored. See https://wandb.me/define-metric to log data out of order.
wandb: WARNING Tried to log to step 26730 that is less than the current step 26974. Steps must be monotonically increasing, so this data will be ignored. See https://wandb.me/define-metric to log data out of order.
wandb: WARNING Tried to log to step 26731 that is less than the current step 26974. Steps must be monotonically increasing, so this data will be ignored. See https://wandb.me/define-metric to log data out of order.
wandb: WARNING Tried to log to step 26732 that is less than the current step 26974. Steps must be monotonically increasing, so this data will be ignored. See https://wandb.me/define-metric to log data out of order.
wandb: WARNING Tried to log to step 26733 that is less than the current step 26974. Steps must be monotonically increasing, so this data will be ignored. See https://wandb.me/define-metric to log data out of order.
wandb: WARNING Tried to log to step 26734 that is less than the current step 26974. Steps must be monotonically increasing, so this data will be ignored. See https://wandb.me/define-metric to log data out of order.
wandb: WARNING Tried to log to step 26735 that is less than the current step 26974. Steps must be monotonically increasing, so this data will be ignored. See https://wandb.me/define-metric to log data out of order.
wandb: WARNING Tried to log to step 26736 that is less than the current step 26974. Steps must be monotonically increasing, so this data will be ignored. See https://wandb.me/define-metric to log data out of order.
wandb: WARNING Tried to log to step 26737 that is less than the current step 26974. Steps must be monotonically increasing, so this data will be ignored. See https://wandb.me/define-metric to log data out of order.
wandb: WARNING Tried to log to step 26738 that is less than the current step 26974. Steps must be monotonically increasing, so this data will be ignored. See https://wandb.me/define-metric to log data out of order.
wandb: WARNING Tried to log to step 26739 that is less than the current step 26974. Steps must be monotonically increasing, so this data will be ignored. See https://wandb.me/define-metric to log data out of order.
wandb: WARNING Tried to log to step 26740 that is less than the current step 26974. Steps must be monotonically increasing, so this data will be ignored. See https://wandb.me/define-metric to log data out of order.
[epoch 6 step 1750]  loss=6.83e-01  l1=6.83e-01  l2=0.00e+00  psnr=13.7  cos=0.5142
wandb: WARNING Tried to log to step 26741 that is less than the current step 26974. Steps must be monotonically increasing, so this data will be ignored. See https://wandb.me/define-metric to log data out of order.
wandb: WARNING Tried to log to step 26742 that is less than the current step 26974. Steps must be monotonically increasing, so this data will be ignored. See https://wandb.me/define-metric to log data out of order.
wandb: WARNING Tried to log to step 26743 that is less than the current step 26974. Steps must be monotonically increasing, so this data will be ignored. See https://wandb.me/define-metric to log data out of order.
wandb: WARNING Tried to log to step 26744 that is less than the current step 26974. Steps must be monotonically increasing, so this data will be ignored. See https://wandb.me/define-metric to log data out of order.
wandb: WARNING Tried to log to step 26745 that is less than the current step 26974. Steps must be monotonically increasing, so this data will be ignored. See https://wandb.me/define-metric to log data out of order.
wandb: WARNING Tried to log to step 26746 that is less than the current step 26974. Steps must be monotonically increasing, so this data will be ignored. See https://wandb.me/define-metric to log data out of order.
wandb: WARNING Tried to log to step 26747 that is less than the current step 26974. Steps must be monotonically increasing, so this data will be ignored. See https://wandb.me/define-metric to log data out of order.
wandb: WARNING Tried to log to step 26748 that is less than the current step 26974. Steps must be monotonically increasing, so this data will be ignored. See https://wandb.me/define-metric to log data out of order.
wandb: WARNING Tried to log to step 26749 that is less than the current step 26974. Steps must be monotonically increasing, so this data will be ignored. See https://wandb.me/define-metric to log data out of order.
wandb: WARNING Tried to log to step 26750 that is less than the current step 26974. Steps must be monotonically increasing, so this data will be ignored. See https://wandb.me/define-metric to log data out of order.
wandb: WARNING Tried to log to step 26751 that is less than the current step 26974. Steps must be monotonically increasing, so this data will be ignored. See https://wandb.me/define-metric to log data out of order.
wandb: WARNING Tried to log to step 26752 that is less than the current step 26974. Steps must be monotonically increasing, so this data will be ignored. See https://wandb.me/define-metric to log data out of order.
wandb: WARNING Tried to log to step 26753 that is less than the current step 26974. Steps must be monotonically increasing, so this data will be ignored. See https://wandb.me/define-metric to log data out of order.
wandb: WARNING Tried to log to step 26754 that is less than the current step 26974. Steps must be monotonically increasing, so this data will be ignored. See https://wandb.me/define-metric to log data out of order.
wandb: WARNING Tried to log to step 26755 that is less than the current step 26974. Steps must be monotonically increasing, so this data will be ignored. See https://wandb.me/define-metric to log data out of order.
wandb: WARNING Tried to log to step 26756 that is less than the current step 26974. Steps must be monotonically increasing, so this data will be ignored. See https://wandb.me/define-metric to log data out of order.
wandb: WARNING Tried to log to step 26757 that is less than the current step 26974. Steps must be monotonically increasing, so this data will be ignored. See https://wandb.me/define-metric to log data out of order.
wandb: WARNING Tried to log to step 26758 that is less than the current step 26974. Steps must be monotonically increasing, so this data will be ignored. See https://wandb.me/define-metric to log data out of order.
wandb: WARNING Tried to log to step 26759 that is less than the current step 26974. Steps must be monotonically increasing, so this data will be ignored. See https://wandb.me/define-metric to log data out of order.
wandb: WARNING Tried to log to step 26760 that is less than the current step 26974. Steps must be monotonically increasing, so this data will be ignored. See https://wandb.me/define-metric to log data out of order.
wandb: WARNING Tried to log to step 26761 that is less than the current step 26974. Steps must be monotonically increasing, so this data will be ignored. See https://wandb.me/define-metric to log data out of order.
wandb: WARNING Tried to log to step 26762 that is less than the current step 26974. Steps must be monotonically increasing, so this data will be ignored. See https://wandb.me/define-metric to log data out of order.
wandb: WARNING Tried to log to step 26763 that is less than the current step 26974. Steps must be monotonically increasing, so this data will be ignored. See https://wandb.me/define-metric to log data out of order.
wandb: WARNING Tried to log to step 26764 that is less than the current step 26974. Steps must be monotonically increasing, so this data will be ignored. See https://wandb.me/define-metric to log data out of order.
wandb: WARNING Tried to log to step 26765 that is less than the current step 26974. Steps must be monotonically increasing, so this data will be ignored. See https://wandb.me/define-metric to log data out of order.
wandb: WARNING Tried to log to step 26766 that is less than the current step 26974. Steps must be monotonically increasing, so this data will be ignored. See https://wandb.me/define-metric to log data out of order.
wandb: WARNING Tried to log to step 26767 that is less than the current step 26974. Steps must be monotonically increasing, so this data will be ignored. See https://wandb.me/define-metric to log data out of order.
wandb: WARNING Tried to log to step 26768 that is less than the current step 26974. Steps must be monotonically increasing, so this data will be ignored. See https://wandb.me/define-metric to log data out of order.
wandb: WARNING Tried to log to step 26769 that is less than the current step 26974. Steps must be monotonically increasing, so this data will be ignored. See https://wandb.me/define-metric to log data out of order.
wandb: WARNING Tried to log to step 26770 that is less than the current step 26974. Steps must be monotonically increasing, so this data will be ignored. See https://wandb.me/define-metric to log data out of order.
wandb: WARNING Tried to log to step 26771 that is less than the current step 26974. Steps must be monotonically increasing, so this data will be ignored. See https://wandb.me/define-metric to log data out of order.
wandb: WARNING Tried to log to step 26772 that is less than the current step 26974. Steps must be monotonically increasing, so this data will be ignored. See https://wandb.me/define-metric to log data out of order.
wandb: WARNING Tried to log to step 26773 that is less than the current step 26974. Steps must be monotonically increasing, so this data will be ignored. See https://wandb.me/define-metric to log data out of order.
wandb: WARNING Tried to log to step 26774 that is less than the current step 26974. Steps must be monotonically increasing, so this data will be ignored. See https://wandb.me/define-metric to log data out of order.
wandb: WARNING Tried to log to step 26775 that is less than the current step 26974. Steps must be monotonically increasing, so this data will be ignored. See https://wandb.me/define-metric to log data out of order.
[epoch 6 step 1800]  loss=5.58e-01  l1=5.58e-01  l2=0.00e+00  psnr=15.3  cos=0.5203
wandb: WARNING Tried to log to step 26776 that is less than the current step 26974. Steps must be monotonically increasing, so this data will be ignored. See https://wandb.me/define-metric to log data out of order.
wandb: WARNING Tried to log to step 26777 that is less than the current step 26974. Steps must be monotonically increasing, so this data will be ignored. See https://wandb.me/define-metric to log data out of order.
wandb: WARNING Tried to log to step 26778 that is less than the current step 26974. Steps must be monotonically increasing, so this data will be ignored. See https://wandb.me/define-metric to log data out of order.
wandb: WARNING Tried to log to step 26779 that is less than the current step 26974. Steps must be monotonically increasing, so this data will be ignored. See https://wandb.me/define-metric to log data out of order.
wandb: WARNING Tried to log to step 26780 that is less than the current step 26974. Steps must be monotonically increasing, so this data will be ignored. See https://wandb.me/define-metric to log data out of order.
wandb: WARNING Tried to log to step 26781 that is less than the current step 26974. Steps must be monotonically increasing, so this data will be ignored. See https://wandb.me/define-metric to log data out of order.
wandb: WARNING Tried to log to step 26782 that is less than the current step 26974. Steps must be monotonically increasing, so this data will be ignored. See https://wandb.me/define-metric to log data out of order.
wandb: WARNING Tried to log to step 26783 that is less than the current step 26974. Steps must be monotonically increasing, so this data will be ignored. See https://wandb.me/define-metric to log data out of order.
wandb: WARNING Tried to log to step 26784 that is less than the current step 26974. Steps must be monotonically increasing, so this data will be ignored. See https://wandb.me/define-metric to log data out of order.
wandb: WARNING Tried to log to step 26785 that is less than the current step 26974. Steps must be monotonically increasing, so this data will be ignored. See https://wandb.me/define-metric to log data out of order.
wandb: WARNING Tried to log to step 26786 that is less than the current step 26974. Steps must be monotonically increasing, so this data will be ignored. See https://wandb.me/define-metric to log data out of order.
wandb: WARNING Tried to log to step 26787 that is less than the current step 26974. Steps must be monotonically increasing, so this data will be ignored. See https://wandb.me/define-metric to log data out of order.
wandb: WARNING Tried to log to step 26788 that is less than the current step 26974. Steps must be monotonically increasing, so this data will be ignored. See https://wandb.me/define-metric to log data out of order.
wandb: WARNING Tried to log to step 26789 that is less than the current step 26974. Steps must be monotonically increasing, so this data will be ignored. See https://wandb.me/define-metric to log data out of order.
wandb: WARNING Tried to log to step 26790 that is less than the current step 26974. Steps must be monotonically increasing, so this data will be ignored. See https://wandb.me/define-metric to log data out of order.
wandb: WARNING Tried to log to step 26791 that is less than the current step 26974. Steps must be monotonically increasing, so this data will be ignored. See https://wandb.me/define-metric to log data out of order.
wandb: WARNING Tried to log to step 26792 that is less than the current step 26974. Steps must be monotonically increasing, so this data will be ignored. See https://wandb.me/define-metric to log data out of order.
wandb: WARNING Tried to log to step 26793 that is less than the current step 26974. Steps must be monotonically increasing, so this data will be ignored. See https://wandb.me/define-metric to log data out of order.
wandb: WARNING Tried to log to step 26794 that is less than the current step 26974. Steps must be monotonically increasing, so this data will be ignored. See https://wandb.me/define-metric to log data out of order.
wandb: WARNING Tried to log to step 26795 that is less than the current step 26974. Steps must be monotonically increasing, so this data will be ignored. See https://wandb.me/define-metric to log data out of order.
wandb: WARNING Tried to log to step 26796 that is less than the current step 26974. Steps must be monotonically increasing, so this data will be ignored. See https://wandb.me/define-metric to log data out of order.
wandb: WARNING Tried to log to step 26797 that is less than the current step 26974. Steps must be monotonically increasing, so this data will be ignored. See https://wandb.me/define-metric to log data out of order.
wandb: WARNING Tried to log to step 26798 that is less than the current step 26974. Steps must be monotonically increasing, so this data will be ignored. See https://wandb.me/define-metric to log data out of order.
wandb: WARNING Tried to log to step 26799 that is less than the current step 26974. Steps must be monotonically increasing, so this data will be ignored. See https://wandb.me/define-metric to log data out of order.
wandb: WARNING Tried to log to step 26800 that is less than the current step 26974. Steps must be monotonically increasing, so this data will be ignored. See https://wandb.me/define-metric to log data out of order.
wandb: WARNING Tried to log to step 26801 that is less than the current step 26974. Steps must be monotonically increasing, so this data will be ignored. See https://wandb.me/define-metric to log data out of order.
wandb: WARNING Tried to log to step 26802 that is less than the current step 26974. Steps must be monotonically increasing, so this data will be ignored. See https://wandb.me/define-metric to log data out of order.
wandb: WARNING Tried to log to step 26803 that is less than the current step 26974. Steps must be monotonically increasing, so this data will be ignored. See https://wandb.me/define-metric to log data out of order.
wandb: WARNING Tried to log to step 26804 that is less than the current step 26974. Steps must be monotonically increasing, so this data will be ignored. See https://wandb.me/define-metric to log data out of order.
wandb: WARNING Tried to log to step 26805 that is less than the current step 26974. Steps must be monotonically increasing, so this data will be ignored. See https://wandb.me/define-metric to log data out of order.
wandb: WARNING Tried to log to step 26806 that is less than the current step 26974. Steps must be monotonically increasing, so this data will be ignored. See https://wandb.me/define-metric to log data out of order.
wandb: WARNING Tried to log to step 26807 that is less than the current step 26974. Steps must be monotonically increasing, so this data will be ignored. See https://wandb.me/define-metric to log data out of order.
wandb: WARNING Tried to log to step 26808 that is less than the current step 26974. Steps must be monotonically increasing, so this data will be ignored. See https://wandb.me/define-metric to log data out of order.
wandb: WARNING Tried to log to step 26809 that is less than the current step 26974. Steps must be monotonically increasing, so this data will be ignored. See https://wandb.me/define-metric to log data out of order.
wandb: WARNING Tried to log to step 26810 that is less than the current step 26974. Steps must be monotonically increasing, so this data will be ignored. See https://wandb.me/define-metric to log data out of order.
wandb: WARNING Tried to log to step 26811 that is less than the current step 26974. Steps must be monotonically increasing, so this data will be ignored. See https://wandb.me/define-metric to log data out of order.
wandb: WARNING Tried to log to step 26812 that is less than the current step 26974. Steps must be monotonically increasing, so this data will be ignored. See https://wandb.me/define-metric to log data out of order.
wandb: WARNING Tried to log to step 26813 that is less than the current step 26974. Steps must be monotonically increasing, so this data will be ignored. See https://wandb.me/define-metric to log data out of order.
wandb: WARNING Tried to log to step 26814 that is less than the current step 26974. Steps must be monotonically increasing, so this data will be ignored. See https://wandb.me/define-metric to log data out of order.
wandb: WARNING Tried to log to step 26815 that is less than the current step 26974. Steps must be monotonically increasing, so this data will be ignored. See https://wandb.me/define-metric to log data out of order.
wandb: WARNING Tried to log to step 26816 that is less than the current step 26974. Steps must be monotonically increasing, so this data will be ignored. See https://wandb.me/define-metric to log data out of order.
wandb: WARNING Tried to log to step 26817 that is less than the current step 26974. Steps must be monotonically increasing, so this data will be ignored. See https://wandb.me/define-metric to log data out of order.
wandb: WARNING Tried to log to step 26818 that is less than the current step 26974. Steps must be monotonically increasing, so this data will be ignored. See https://wandb.me/define-metric to log data out of order.
wandb: WARNING Tried to log to step 26819 that is less than the current step 26974. Steps must be monotonically increasing, so this data will be ignored. See https://wandb.me/define-metric to log data out of order.
wandb: WARNING Tried to log to step 26820 that is less than the current step 26974. Steps must be monotonically increasing, so this data will be ignored. See https://wandb.me/define-metric to log data out of order.
wandb: WARNING Tried to log to step 26821 that is less than the current step 26974. Steps must be monotonically increasing, so this data will be ignored. See https://wandb.me/define-metric to log data out of order.
wandb: WARNING Tried to log to step 26822 that is less than the current step 26974. Steps must be monotonically increasing, so this data will be ignored. See https://wandb.me/define-metric to log data out of order.
wandb: WARNING Tried to log to step 26823 that is less than the current step 26974. Steps must be monotonically increasing, so this data will be ignored. See https://wandb.me/define-metric to log data out of order.
wandb: WARNING Tried to log to step 26824 that is less than the current step 26974. Steps must be monotonically increasing, so this data will be ignored. See https://wandb.me/define-metric to log data out of order.
wandb: WARNING Tried to log to step 26825 that is less than the current step 26974. Steps must be monotonically increasing, so this data will be ignored. See https://wandb.me/define-metric to log data out of order.
wandb: WARNING Tried to log to step 26826 that is less than the current step 26974. Steps must be monotonically increasing, so this data will be ignored. See https://wandb.me/define-metric to log data out of order.
wandb: WARNING Tried to log to step 26827 that is less than the current step 26974. Steps must be monotonically increasing, so this data will be ignored. See https://wandb.me/define-metric to log data out of order.
wandb: WARNING Tried to log to step 26828 that is less than the current step 26974. Steps must be monotonically increasing, so this data will be ignored. See https://wandb.me/define-metric to log data out of order.
wandb: WARNING Tried to log to step 26829 that is less than the current step 26974. Steps must be monotonically increasing, so this data will be ignored. See https://wandb.me/define-metric to log data out of order.
wandb: WARNING Tried to log to step 26830 that is less than the current step 26974. Steps must be monotonically increasing, so this data will be ignored. See https://wandb.me/define-metric to log data out of order.
wandb: WARNING Tried to log to step 26831 that is less than the current step 26974. Steps must be monotonically increasing, so this data will be ignored. See https://wandb.me/define-metric to log data out of order.
wandb: WARNING Tried to log to step 26832 that is less than the current step 26974. Steps must be monotonically increasing, so this data will be ignored. See https://wandb.me/define-metric to log data out of order.
wandb: WARNING Tried to log to step 26833 that is less than the current step 26974. Steps must be monotonically increasing, so this data will be ignored. See https://wandb.me/define-metric to log data out of order.
wandb: WARNING Tried to log to step 26834 that is less than the current step 26974. Steps must be monotonically increasing, so this data will be ignored. See https://wandb.me/define-metric to log data out of order.
wandb: WARNING Tried to log to step 26835 that is less than the current step 26974. Steps must be monotonically increasing, so this data will be ignored. See https://wandb.me/define-metric to log data out of order.
wandb: WARNING Tried to log to step 26836 that is less than the current step 26974. Steps must be monotonically increasing, so this data will be ignored. See https://wandb.me/define-metric to log data out of order.
wandb: WARNING Tried to log to step 26837 that is less than the current step 26974. Steps must be monotonically increasing, so this data will be ignored. See https://wandb.me/define-metric to log data out of order.
wandb: WARNING Tried to log to step 26838 that is less than the current step 26974. Steps must be monotonically increasing, so this data will be ignored. See https://wandb.me/define-metric to log data out of order.
wandb: WARNING Tried to log to step 26839 that is less than the current step 26974. Steps must be monotonically increasing, so this data will be ignored. See https://wandb.me/define-metric to log data out of order.
wandb: WARNING Tried to log to step 26840 that is less than the current step 26974. Steps must be monotonically increasing, so this data will be ignored. See https://wandb.me/define-metric to log data out of order.
wandb: WARNING Tried to log to step 26841 that is less than the current step 26974. Steps must be monotonically increasing, so this data will be ignored. See https://wandb.me/define-metric to log data out of order.
wandb: WARNING Tried to log to step 26842 that is less than the current step 26974. Steps must be monotonically increasing, so this data will be ignored. See https://wandb.me/define-metric to log data out of order.
wandb: WARNING Tried to log to step 26843 that is less than the current step 26974. Steps must be monotonically increasing, so this data will be ignored. See https://wandb.me/define-metric to log data out of order.
wandb: WARNING Tried to log to step 26844 that is less than the current step 26974. Steps must be monotonically increasing, so this data will be ignored. See https://wandb.me/define-metric to log data out of order.
wandb: WARNING Tried to log to step 26845 that is less than the current step 26974. Steps must be monotonically increasing, so this data will be ignored. See https://wandb.me/define-metric to log data out of order.
[epoch 6 step 1850]  loss=5.71e-01  l1=5.71e-01  l2=0.00e+00  psnr=15.1  cos=0.5212
wandb: WARNING Tried to log to step 26846 that is less than the current step 26974. Steps must be monotonically increasing, so this data will be ignored. See https://wandb.me/define-metric to log data out of order.
wandb: WARNING Tried to log to step 26847 that is less than the current step 26974. Steps must be monotonically increasing, so this data will be ignored. See https://wandb.me/define-metric to log data out of order.
wandb: WARNING Tried to log to step 26848 that is less than the current step 26974. Steps must be monotonically increasing, so this data will be ignored. See https://wandb.me/define-metric to log data out of order.
wandb: WARNING Tried to log to step 26849 that is less than the current step 26974. Steps must be monotonically increasing, so this data will be ignored. See https://wandb.me/define-metric to log data out of order.
wandb: WARNING Tried to log to step 26850 that is less than the current step 26974. Steps must be monotonically increasing, so this data will be ignored. See https://wandb.me/define-metric to log data out of order.
wandb: WARNING Tried to log to step 26851 that is less than the current step 26974. Steps must be monotonically increasing, so this data will be ignored. See https://wandb.me/define-metric to log data out of order.
wandb: WARNING Tried to log to step 26852 that is less than the current step 26974. Steps must be monotonically increasing, so this data will be ignored. See https://wandb.me/define-metric to log data out of order.
wandb: WARNING Tried to log to step 26853 that is less than the current step 26974. Steps must be monotonically increasing, so this data will be ignored. See https://wandb.me/define-metric to log data out of order.
wandb: WARNING Tried to log to step 26854 that is less than the current step 26974. Steps must be monotonically increasing, so this data will be ignored. See https://wandb.me/define-metric to log data out of order.
wandb: WARNING Tried to log to step 26855 that is less than the current step 26974. Steps must be monotonically increasing, so this data will be ignored. See https://wandb.me/define-metric to log data out of order.
wandb: WARNING Tried to log to step 26856 that is less than the current step 26974. Steps must be monotonically increasing, so this data will be ignored. See https://wandb.me/define-metric to log data out of order.
wandb: WARNING Tried to log to step 26857 that is less than the current step 26974. Steps must be monotonically increasing, so this data will be ignored. See https://wandb.me/define-metric to log data out of order.
wandb: WARNING Tried to log to step 26858 that is less than the current step 26974. Steps must be monotonically increasing, so this data will be ignored. See https://wandb.me/define-metric to log data out of order.
wandb: WARNING Tried to log to step 26859 that is less than the current step 26974. Steps must be monotonically increasing, so this data will be ignored. See https://wandb.me/define-metric to log data out of order.
wandb: WARNING Tried to log to step 26860 that is less than the current step 26974. Steps must be monotonically increasing, so this data will be ignored. See https://wandb.me/define-metric to log data out of order.
wandb: WARNING Tried to log to step 26861 that is less than the current step 26974. Steps must be monotonically increasing, so this data will be ignored. See https://wandb.me/define-metric to log data out of order.
wandb: WARNING Tried to log to step 26862 that is less than the current step 26974. Steps must be monotonically increasing, so this data will be ignored. See https://wandb.me/define-metric to log data out of order.
wandb: WARNING Tried to log to step 26863 that is less than the current step 26974. Steps must be monotonically increasing, so this data will be ignored. See https://wandb.me/define-metric to log data out of order.
wandb: WARNING Tried to log to step 26864 that is less than the current step 26974. Steps must be monotonically increasing, so this data will be ignored. See https://wandb.me/define-metric to log data out of order.
wandb: WARNING Tried to log to step 26865 that is less than the current step 26974. Steps must be monotonically increasing, so this data will be ignored. See https://wandb.me/define-metric to log data out of order.
wandb: WARNING Tried to log to step 26866 that is less than the current step 26974. Steps must be monotonically increasing, so this data will be ignored. See https://wandb.me/define-metric to log data out of order.
wandb: WARNING Tried to log to step 26867 that is less than the current step 26974. Steps must be monotonically increasing, so this data will be ignored. See https://wandb.me/define-metric to log data out of order.
wandb: WARNING Tried to log to step 26868 that is less than the current step 26974. Steps must be monotonically increasing, so this data will be ignored. See https://wandb.me/define-metric to log data out of order.
wandb: WARNING Tried to log to step 26869 that is less than the current step 26974. Steps must be monotonically increasing, so this data will be ignored. See https://wandb.me/define-metric to log data out of order.
wandb: WARNING Tried to log to step 26870 that is less than the current step 26974. Steps must be monotonically increasing, so this data will be ignored. See https://wandb.me/define-metric to log data out of order.
wandb: WARNING Tried to log to step 26871 that is less than the current step 26974. Steps must be monotonically increasing, so this data will be ignored. See https://wandb.me/define-metric to log data out of order.
wandb: WARNING Tried to log to step 26872 that is less than the current step 26974. Steps must be monotonically increasing, so this data will be ignored. See https://wandb.me/define-metric to log data out of order.
wandb: WARNING Tried to log to step 26873 that is less than the current step 26974. Steps must be monotonically increasing, so this data will be ignored. See https://wandb.me/define-metric to log data out of order.
wandb: WARNING Tried to log to step 26874 that is less than the current step 26974. Steps must be monotonically increasing, so this data will be ignored. See https://wandb.me/define-metric to log data out of order.
wandb: WARNING Tried to log to step 26875 that is less than the current step 26974. Steps must be monotonically increasing, so this data will be ignored. See https://wandb.me/define-metric to log data out of order.
wandb: WARNING Tried to log to step 26876 that is less than the current step 26974. Steps must be monotonically increasing, so this data will be ignored. See https://wandb.me/define-metric to log data out of order.
wandb: WARNING Tried to log to step 26877 that is less than the current step 26974. Steps must be monotonically increasing, so this data will be ignored. See https://wandb.me/define-metric to log data out of order.
wandb: WARNING Tried to log to step 26878 that is less than the current step 26974. Steps must be monotonically increasing, so this data will be ignored. See https://wandb.me/define-metric to log data out of order.
wandb: WARNING Tried to log to step 26879 that is less than the current step 26974. Steps must be monotonically increasing, so this data will be ignored. See https://wandb.me/define-metric to log data out of order.
wandb: WARNING Tried to log to step 26880 that is less than the current step 26974. Steps must be monotonically increasing, so this data will be ignored. See https://wandb.me/define-metric to log data out of order.
[epoch 6 step 1900]  loss=5.20e-01  l1=5.20e-01  l2=0.00e+00  psnr=15.8  cos=0.5705
wandb: WARNING Tried to log to step 26881 that is less than the current step 26974. Steps must be monotonically increasing, so this data will be ignored. See https://wandb.me/define-metric to log data out of order.
wandb: WARNING Tried to log to step 26882 that is less than the current step 26974. Steps must be monotonically increasing, so this data will be ignored. See https://wandb.me/define-metric to log data out of order.
wandb: WARNING Tried to log to step 26883 that is less than the current step 26974. Steps must be monotonically increasing, so this data will be ignored. See https://wandb.me/define-metric to log data out of order.
wandb: WARNING Tried to log to step 26884 that is less than the current step 26974. Steps must be monotonically increasing, so this data will be ignored. See https://wandb.me/define-metric to log data out of order.
wandb: WARNING Tried to log to step 26885 that is less than the current step 26974. Steps must be monotonically increasing, so this data will be ignored. See https://wandb.me/define-metric to log data out of order.
wandb: WARNING Tried to log to step 26886 that is less than the current step 26974. Steps must be monotonically increasing, so this data will be ignored. See https://wandb.me/define-metric to log data out of order.
wandb: WARNING Tried to log to step 26887 that is less than the current step 26974. Steps must be monotonically increasing, so this data will be ignored. See https://wandb.me/define-metric to log data out of order.
wandb: WARNING Tried to log to step 26888 that is less than the current step 26974. Steps must be monotonically increasing, so this data will be ignored. See https://wandb.me/define-metric to log data out of order.
wandb: WARNING Tried to log to step 26889 that is less than the current step 26974. Steps must be monotonically increasing, so this data will be ignored. See https://wandb.me/define-metric to log data out of order.
wandb: WARNING Tried to log to step 26890 that is less than the current step 26974. Steps must be monotonically increasing, so this data will be ignored. See https://wandb.me/define-metric to log data out of order.
wandb: WARNING Tried to log to step 26891 that is less than the current step 26974. Steps must be monotonically increasing, so this data will be ignored. See https://wandb.me/define-metric to log data out of order.
wandb: WARNING Tried to log to step 26892 that is less than the current step 26974. Steps must be monotonically increasing, so this data will be ignored. See https://wandb.me/define-metric to log data out of order.
wandb: WARNING Tried to log to step 26893 that is less than the current step 26974. Steps must be monotonically increasing, so this data will be ignored. See https://wandb.me/define-metric to log data out of order.
wandb: WARNING Tried to log to step 26894 that is less than the current step 26974. Steps must be monotonically increasing, so this data will be ignored. See https://wandb.me/define-metric to log data out of order.
wandb: WARNING Tried to log to step 26895 that is less than the current step 26974. Steps must be monotonically increasing, so this data will be ignored. See https://wandb.me/define-metric to log data out of order.
wandb: WARNING Tried to log to step 26896 that is less than the current step 26974. Steps must be monotonically increasing, so this data will be ignored. See https://wandb.me/define-metric to log data out of order.
wandb: WARNING Tried to log to step 26897 that is less than the current step 26974. Steps must be monotonically increasing, so this data will be ignored. See https://wandb.me/define-metric to log data out of order.
wandb: WARNING Tried to log to step 26898 that is less than the current step 26974. Steps must be monotonically increasing, so this data will be ignored. See https://wandb.me/define-metric to log data out of order.
wandb: WARNING Tried to log to step 26899 that is less than the current step 26974. Steps must be monotonically increasing, so this data will be ignored. See https://wandb.me/define-metric to log data out of order.
wandb: WARNING Tried to log to step 26900 that is less than the current step 26974. Steps must be monotonically increasing, so this data will be ignored. See https://wandb.me/define-metric to log data out of order.
wandb: WARNING Tried to log to step 26901 that is less than the current step 26974. Steps must be monotonically increasing, so this data will be ignored. See https://wandb.me/define-metric to log data out of order.
wandb: WARNING Tried to log to step 26902 that is less than the current step 26974. Steps must be monotonically increasing, so this data will be ignored. See https://wandb.me/define-metric to log data out of order.
wandb: WARNING Tried to log to step 26903 that is less than the current step 26974. Steps must be monotonically increasing, so this data will be ignored. See https://wandb.me/define-metric to log data out of order.
wandb: WARNING Tried to log to step 26904 that is less than the current step 26974. Steps must be monotonically increasing, so this data will be ignored. See https://wandb.me/define-metric to log data out of order.
wandb: WARNING Tried to log to step 26905 that is less than the current step 26974. Steps must be monotonically increasing, so this data will be ignored. See https://wandb.me/define-metric to log data out of order.
wandb: WARNING Tried to log to step 26906 that is less than the current step 26974. Steps must be monotonically increasing, so this data will be ignored. See https://wandb.me/define-metric to log data out of order.
wandb: WARNING Tried to log to step 26907 that is less than the current step 26974. Steps must be monotonically increasing, so this data will be ignored. See https://wandb.me/define-metric to log data out of order.
wandb: WARNING Tried to log to step 26908 that is less than the current step 26974. Steps must be monotonically increasing, so this data will be ignored. See https://wandb.me/define-metric to log data out of order.
wandb: WARNING Tried to log to step 26909 that is less than the current step 26974. Steps must be monotonically increasing, so this data will be ignored. See https://wandb.me/define-metric to log data out of order.
wandb: WARNING Tried to log to step 26910 that is less than the current step 26974. Steps must be monotonically increasing, so this data will be ignored. See https://wandb.me/define-metric to log data out of order.
wandb: WARNING Tried to log to step 26911 that is less than the current step 26974. Steps must be monotonically increasing, so this data will be ignored. See https://wandb.me/define-metric to log data out of order.
wandb: WARNING Tried to log to step 26912 that is less than the current step 26974. Steps must be monotonically increasing, so this data will be ignored. See https://wandb.me/define-metric to log data out of order.
wandb: WARNING Tried to log to step 26913 that is less than the current step 26974. Steps must be monotonically increasing, so this data will be ignored. See https://wandb.me/define-metric to log data out of order.
wandb: WARNING Tried to log to step 26914 that is less than the current step 26974. Steps must be monotonically increasing, so this data will be ignored. See https://wandb.me/define-metric to log data out of order.
wandb: WARNING Tried to log to step 26915 that is less than the current step 26974. Steps must be monotonically increasing, so this data will be ignored. See https://wandb.me/define-metric to log data out of order.
[epoch 6 step 1950]  loss=5.69e-01  l1=5.69e-01  l2=0.00e+00  psnr=15.3  cos=0.5130
wandb: WARNING Tried to log to step 26916 that is less than the current step 26974. Steps must be monotonically increasing, so this data will be ignored. See https://wandb.me/define-metric to log data out of order.
wandb: WARNING Tried to log to step 26917 that is less than the current step 26974. Steps must be monotonically increasing, so this data will be ignored. See https://wandb.me/define-metric to log data out of order.
wandb: WARNING Tried to log to step 26918 that is less than the current step 26974. Steps must be monotonically increasing, so this data will be ignored. See https://wandb.me/define-metric to log data out of order.
wandb: WARNING Tried to log to step 26919 that is less than the current step 26974. Steps must be monotonically increasing, so this data will be ignored. See https://wandb.me/define-metric to log data out of order.
wandb: WARNING Tried to log to step 26920 that is less than the current step 26974. Steps must be monotonically increasing, so this data will be ignored. See https://wandb.me/define-metric to log data out of order.
wandb: WARNING Tried to log to step 26921 that is less than the current step 26974. Steps must be monotonically increasing, so this data will be ignored. See https://wandb.me/define-metric to log data out of order.
wandb: WARNING Tried to log to step 26922 that is less than the current step 26974. Steps must be monotonically increasing, so this data will be ignored. See https://wandb.me/define-metric to log data out of order.
wandb: WARNING Tried to log to step 26923 that is less than the current step 26974. Steps must be monotonically increasing, so this data will be ignored. See https://wandb.me/define-metric to log data out of order.
wandb: WARNING Tried to log to step 26924 that is less than the current step 26974. Steps must be monotonically increasing, so this data will be ignored. See https://wandb.me/define-metric to log data out of order.
wandb: WARNING Tried to log to step 26925 that is less than the current step 26974. Steps must be monotonically increasing, so this data will be ignored. See https://wandb.me/define-metric to log data out of order.
wandb: WARNING Tried to log to step 26926 that is less than the current step 26974. Steps must be monotonically increasing, so this data will be ignored. See https://wandb.me/define-metric to log data out of order.
wandb: WARNING Tried to log to step 26927 that is less than the current step 26974. Steps must be monotonically increasing, so this data will be ignored. See https://wandb.me/define-metric to log data out of order.
wandb: WARNING Tried to log to step 26928 that is less than the current step 26974. Steps must be monotonically increasing, so this data will be ignored. See https://wandb.me/define-metric to log data out of order.
wandb: WARNING Tried to log to step 26929 that is less than the current step 26974. Steps must be monotonically increasing, so this data will be ignored. See https://wandb.me/define-metric to log data out of order.
wandb: WARNING Tried to log to step 26930 that is less than the current step 26974. Steps must be monotonically increasing, so this data will be ignored. See https://wandb.me/define-metric to log data out of order.
wandb: WARNING Tried to log to step 26931 that is less than the current step 26974. Steps must be monotonically increasing, so this data will be ignored. See https://wandb.me/define-metric to log data out of order.
wandb: WARNING Tried to log to step 26932 that is less than the current step 26974. Steps must be monotonically increasing, so this data will be ignored. See https://wandb.me/define-metric to log data out of order.
wandb: WARNING Tried to log to step 26933 that is less than the current step 26974. Steps must be monotonically increasing, so this data will be ignored. See https://wandb.me/define-metric to log data out of order.
wandb: WARNING Tried to log to step 26934 that is less than the current step 26974. Steps must be monotonically increasing, so this data will be ignored. See https://wandb.me/define-metric to log data out of order.
wandb: WARNING Tried to log to step 26935 that is less than the current step 26974. Steps must be monotonically increasing, so this data will be ignored. See https://wandb.me/define-metric to log data out of order.
wandb: WARNING Tried to log to step 26936 that is less than the current step 26974. Steps must be monotonically increasing, so this data will be ignored. See https://wandb.me/define-metric to log data out of order.
wandb: WARNING Tried to log to step 26937 that is less than the current step 26974. Steps must be monotonically increasing, so this data will be ignored. See https://wandb.me/define-metric to log data out of order.
wandb: WARNING Tried to log to step 26938 that is less than the current step 26974. Steps must be monotonically increasing, so this data will be ignored. See https://wandb.me/define-metric to log data out of order.
wandb: WARNING Tried to log to step 26939 that is less than the current step 26974. Steps must be monotonically increasing, so this data will be ignored. See https://wandb.me/define-metric to log data out of order.
wandb: WARNING Tried to log to step 26940 that is less than the current step 26974. Steps must be monotonically increasing, so this data will be ignored. See https://wandb.me/define-metric to log data out of order.
wandb: WARNING Tried to log to step 26941 that is less than the current step 26974. Steps must be monotonically increasing, so this data will be ignored. See https://wandb.me/define-metric to log data out of order.
wandb: WARNING Tried to log to step 26942 that is less than the current step 26974. Steps must be monotonically increasing, so this data will be ignored. See https://wandb.me/define-metric to log data out of order.
wandb: WARNING Tried to log to step 26943 that is less than the current step 26974. Steps must be monotonically increasing, so this data will be ignored. See https://wandb.me/define-metric to log data out of order.
wandb: WARNING Tried to log to step 26944 that is less than the current step 26974. Steps must be monotonically increasing, so this data will be ignored. See https://wandb.me/define-metric to log data out of order.
wandb: WARNING Tried to log to step 26945 that is less than the current step 26974. Steps must be monotonically increasing, so this data will be ignored. See https://wandb.me/define-metric to log data out of order.
wandb: WARNING Tried to log to step 26946 that is less than the current step 26974. Steps must be monotonically increasing, so this data will be ignored. See https://wandb.me/define-metric to log data out of order.
wandb: WARNING Tried to log to step 26947 that is less than the current step 26974. Steps must be monotonically increasing, so this data will be ignored. See https://wandb.me/define-metric to log data out of order.
wandb: WARNING Tried to log to step 26948 that is less than the current step 26974. Steps must be monotonically increasing, so this data will be ignored. See https://wandb.me/define-metric to log data out of order.
wandb: WARNING Tried to log to step 26949 that is less than the current step 26974. Steps must be monotonically increasing, so this data will be ignored. See https://wandb.me/define-metric to log data out of order.
wandb: WARNING Tried to log to step 26950 that is less than the current step 26974. Steps must be monotonically increasing, so this data will be ignored. See https://wandb.me/define-metric to log data out of order.
wandb: WARNING Tried to log to step 26951 that is less than the current step 26974. Steps must be monotonically increasing, so this data will be ignored. See https://wandb.me/define-metric to log data out of order.
wandb: WARNING Tried to log to step 26952 that is less than the current step 26974. Steps must be monotonically increasing, so this data will be ignored. See https://wandb.me/define-metric to log data out of order.
wandb: WARNING Tried to log to step 26953 that is less than the current step 26974. Steps must be monotonically increasing, so this data will be ignored. See https://wandb.me/define-metric to log data out of order.
wandb: WARNING Tried to log to step 26954 that is less than the current step 26974. Steps must be monotonically increasing, so this data will be ignored. See https://wandb.me/define-metric to log data out of order.
wandb: WARNING Tried to log to step 26955 that is less than the current step 26974. Steps must be monotonically increasing, so this data will be ignored. See https://wandb.me/define-metric to log data out of order.
wandb: WARNING Tried to log to step 26956 that is less than the current step 26974. Steps must be monotonically increasing, so this data will be ignored. See https://wandb.me/define-metric to log data out of order.
wandb: WARNING Tried to log to step 26957 that is less than the current step 26974. Steps must be monotonically increasing, so this data will be ignored. See https://wandb.me/define-metric to log data out of order.
wandb: WARNING Tried to log to step 26958 that is less than the current step 26974. Steps must be monotonically increasing, so this data will be ignored. See https://wandb.me/define-metric to log data out of order.
wandb: WARNING Tried to log to step 26959 that is less than the current step 26974. Steps must be monotonically increasing, so this data will be ignored. See https://wandb.me/define-metric to log data out of order.
wandb: WARNING Tried to log to step 26960 that is less than the current step 26974. Steps must be monotonically increasing, so this data will be ignored. See https://wandb.me/define-metric to log data out of order.
wandb: WARNING Tried to log to step 26961 that is less than the current step 26974. Steps must be monotonically increasing, so this data will be ignored. See https://wandb.me/define-metric to log data out of order.
wandb: WARNING Tried to log to step 26962 that is less than the current step 26974. Steps must be monotonically increasing, so this data will be ignored. See https://wandb.me/define-metric to log data out of order.
wandb: WARNING Tried to log to step 26963 that is less than the current step 26974. Steps must be monotonically increasing, so this data will be ignored. See https://wandb.me/define-metric to log data out of order.
wandb: WARNING Tried to log to step 26964 that is less than the current step 26974. Steps must be monotonically increasing, so this data will be ignored. See https://wandb.me/define-metric to log data out of order.
wandb: WARNING Tried to log to step 26965 that is less than the current step 26974. Steps must be monotonically increasing, so this data will be ignored. See https://wandb.me/define-metric to log data out of order.
wandb: WARNING Tried to log to step 26966 that is less than the current step 26974. Steps must be monotonically increasing, so this data will be ignored. See https://wandb.me/define-metric to log data out of order.
wandb: WARNING Tried to log to step 26967 that is less than the current step 26974. Steps must be monotonically increasing, so this data will be ignored. See https://wandb.me/define-metric to log data out of order.
wandb: WARNING Tried to log to step 26968 that is less than the current step 26974. Steps must be monotonically increasing, so this data will be ignored. See https://wandb.me/define-metric to log data out of order.
wandb: WARNING Tried to log to step 26969 that is less than the current step 26974. Steps must be monotonically increasing, so this data will be ignored. See https://wandb.me/define-metric to log data out of order.
wandb: WARNING Tried to log to step 26970 that is less than the current step 26974. Steps must be monotonically increasing, so this data will be ignored. See https://wandb.me/define-metric to log data out of order.
wandb: WARNING Tried to log to step 26971 that is less than the current step 26974. Steps must be monotonically increasing, so this data will be ignored. See https://wandb.me/define-metric to log data out of order.
wandb: WARNING Tried to log to step 26972 that is less than the current step 26974. Steps must be monotonically increasing, so this data will be ignored. See https://wandb.me/define-metric to log data out of order.
wandb: WARNING Tried to log to step 26973 that is less than the current step 26974. Steps must be monotonically increasing, so this data will be ignored. See https://wandb.me/define-metric to log data out of order.
[epoch 6 step 2000]  loss=5.83e-01  l1=5.83e-01  l2=0.00e+00  psnr=14.8  cos=0.5781
[epoch 6 step 2050]  loss=5.84e-01  l1=5.84e-01  l2=0.00e+00  psnr=15.1  cos=0.5237
[epoch 6 step 2100]  loss=5.68e-01  l1=5.68e-01  l2=0.00e+00  psnr=15.3  cos=0.5124
[epoch 6 step 2150]  loss=5.95e-01  l1=5.95e-01  l2=0.00e+00  psnr=14.8  cos=0.5183
[epoch 6 step 2200]  loss=5.15e-01  l1=5.15e-01  l2=0.00e+00  psnr=15.7  cos=0.5912
[epoch 6 step 2250]  loss=5.60e-01  l1=5.60e-01  l2=0.00e+00  psnr=15.3  cos=0.5329
[epoch 6 step 2300]  loss=6.50e-01  l1=6.50e-01  l2=0.00e+00  psnr=13.8  cos=0.5568
[epoch 6 step 2350]  loss=6.84e-01  l1=6.84e-01  l2=0.00e+00  psnr=14.0  cos=0.4911
[epoch 6 step 2400]  loss=5.15e-01  l1=5.15e-01  l2=0.00e+00  psnr=15.7  cos=0.6375
[epoch 6 step 2450]  loss=5.56e-01  l1=5.56e-01  l2=0.00e+00  psnr=15.3  cos=0.5300
[epoch 6 step 2500]  loss=6.02e-01  l1=6.02e-01  l2=0.00e+00  psnr=14.6  cos=0.5656
[epoch 6 step 2550]  loss=5.51e-01  l1=5.51e-01  l2=0.00e+00  psnr=15.3  cos=0.5534
[epoch 6 step 2600]  loss=5.66e-01  l1=5.66e-01  l2=0.00e+00  psnr=15.1  cos=0.5288
[epoch 6 step 2650]  loss=5.58e-01  l1=5.58e-01  l2=0.00e+00  psnr=15.4  cos=0.5473
[epoch 6 step 2700]  loss=5.90e-01  l1=5.90e-01  l2=0.00e+00  psnr=15.0  cos=0.5165
[epoch 6 step 2750]  loss=6.19e-01  l1=6.19e-01  l2=0.00e+00  psnr=14.5  cos=0.5556
[epoch 6 step 2800]  loss=4.12e-01  l1=4.12e-01  l2=0.00e+00  psnr=16.8  cos=0.7309
[epoch 6 step 2850]  loss=6.15e-01  l1=6.15e-01  l2=0.00e+00  psnr=14.2  cos=0.5819
[epoch 6 step 2900]  loss=5.38e-01  l1=5.38e-01  l2=0.00e+00  psnr=15.5  cos=0.5581
[epoch 6 step 2950]  loss=5.68e-01  l1=5.68e-01  l2=0.00e+00  psnr=15.2  cos=0.5082
[epoch 6 step 3000]  loss=5.85e-01  l1=5.85e-01  l2=0.00e+00  psnr=15.2  cos=0.4792
[epoch 6 step 3050]  loss=5.45e-01  l1=5.45e-01  l2=0.00e+00  psnr=15.5  cos=0.5426
[epoch 6 step 3100]  loss=5.72e-01  l1=5.72e-01  l2=0.00e+00  psnr=15.1  cos=0.5252
[epoch 6 step 3150]  loss=6.60e-01  l1=6.60e-01  l2=0.00e+00  psnr=14.0  cos=0.5429
[epoch 6 step 3200]  loss=5.31e-01  l1=5.31e-01  l2=0.00e+00  psnr=15.6  cos=0.6306
[epoch 6 step 3250]  loss=5.33e-01  l1=5.33e-01  l2=0.00e+00  psnr=15.6  cos=0.5603
[epoch 6 step 3300]  loss=5.22e-01  l1=5.22e-01  l2=0.00e+00  psnr=15.7  cos=0.5972
[epoch 6 step 3350]  loss=5.58e-01  l1=5.58e-01  l2=0.00e+00  psnr=15.0  cos=0.6143
[epoch 6 step 3400]  loss=6.19e-01  l1=6.19e-01  l2=0.00e+00  psnr=14.2  cos=0.5722
[epoch 6 step 3450]  loss=5.37e-01  l1=5.37e-01  l2=0.00e+00  psnr=15.5  cos=0.5431
[epoch 6 step 3500]  loss=4.93e-01  l1=4.93e-01  l2=0.00e+00  psnr=16.1  cos=0.5976
[epoch 6 step 3550]  loss=5.85e-01  l1=5.85e-01  l2=0.00e+00  psnr=15.1  cos=0.5030
[epoch 6 step 3600]  loss=5.34e-01  l1=5.34e-01  l2=0.00e+00  psnr=15.4  cos=0.5831
[epoch 6 step 3650]  loss=5.76e-01  l1=5.76e-01  l2=0.00e+00  psnr=15.2  cos=0.5207
[epoch 6 step 3700]  loss=6.31e-01  l1=6.31e-01  l2=0.00e+00  psnr=13.9  cos=0.5562
[epoch 6 step 3750]  loss=6.16e-01  l1=6.16e-01  l2=0.00e+00  psnr=14.5  cos=0.5618
[epoch 6 step 3800]  loss=5.56e-01  l1=5.56e-01  l2=0.00e+00  psnr=15.3  cos=0.5738
[epoch 6 step 3850]  loss=7.25e-01  l1=7.25e-01  l2=0.00e+00  psnr=13.0  cos=0.5121
[epoch 6 step 3900]  loss=5.67e-01  l1=5.67e-01  l2=0.00e+00  psnr=15.3  cos=0.5144
[epoch 6 step 3950]  loss=5.75e-01  l1=5.75e-01  l2=0.00e+00  psnr=15.1  cos=0.5253
[epoch 6 step 4000]  loss=5.47e-01  l1=5.47e-01  l2=0.00e+00  psnr=15.5  cos=0.5627
[epoch 6 step 4050]  loss=5.54e-01  l1=5.54e-01  l2=0.00e+00  psnr=15.4  cos=0.5315
[epoch 6 step 4100]  loss=5.38e-01  l1=5.38e-01  l2=0.00e+00  psnr=15.5  cos=0.5793
[epoch 6 step 4150]  loss=5.61e-01  l1=5.61e-01  l2=0.00e+00  psnr=15.2  cos=0.5548
[epoch 6 step 4200]  loss=5.55e-01  l1=5.55e-01  l2=0.00e+00  psnr=15.3  cos=0.5398
[epoch 6 step 4250]  loss=5.63e-01  l1=5.63e-01  l2=0.00e+00  psnr=15.2  cos=0.5571
[epoch 6 step 4300]  loss=5.84e-01  l1=5.84e-01  l2=0.00e+00  psnr=15.1  cos=0.4764
[epoch 6 step 4350]  loss=7.45e-01  l1=7.45e-01  l2=0.00e+00  psnr=13.2  cos=0.4651
[epoch 6 step 4400]  loss=6.14e-01  l1=6.14e-01  l2=0.00e+00  psnr=14.4  cos=0.5719
[epoch 6 step 4450]  loss=5.16e-01  l1=5.16e-01  l2=0.00e+00  psnr=15.8  cos=0.5698
[epoch 6 step 4500]  loss=5.63e-01  l1=5.63e-01  l2=0.00e+00  psnr=15.4  cos=0.5924
[epoch 6 step 4550]  loss=5.36e-01  l1=5.36e-01  l2=0.00e+00  psnr=15.5  cos=0.5803
[epoch 6 step 4600]  loss=5.62e-01  l1=5.62e-01  l2=0.00e+00  psnr=14.7  cos=0.6229
[epoch 6 step 4650]  loss=5.33e-01  l1=5.33e-01  l2=0.00e+00  psnr=15.7  cos=0.5167
[epoch 6 step 4700]  loss=5.89e-01  l1=5.89e-01  l2=0.00e+00  psnr=15.0  cos=0.4987
[epoch 6 step 4750]  loss=5.38e-01  l1=5.38e-01  l2=0.00e+00  psnr=15.5  cos=0.5833
[epoch 6 step 4800]  loss=5.82e-01  l1=5.82e-01  l2=0.00e+00  psnr=15.2  cos=0.4911
[epoch 6 step 4850]  loss=4.87e-01  l1=4.87e-01  l2=0.00e+00  psnr=15.9  cos=0.6124
[epoch 6 step 4900]  loss=5.24e-01  l1=5.24e-01  l2=0.00e+00  psnr=15.5  cos=0.6328
[epoch 6 step 4950]  loss=6.44e-01  l1=6.44e-01  l2=0.00e+00  psnr=13.9  cos=0.5449
[epoch 6 DONE]  final_loss=4.98e-01  psnr=13.95  cos=0.5449
[checkpoint] /workspace/runs/trial5/checkpoints/epoch_0006.pt
[val epoch 6]  latent_l1=0.5798  latent_l2=0.8244  latent_psnr=26.4033
[epoch 7 step 000]  loss=5.68e-01  l1=5.68e-01  l2=0.00e+00  psnr=15.1  cos=0.5357
[epoch 7 step 050]  loss=6.74e-01  l1=6.74e-01  l2=0.00e+00  psnr=13.9  cos=0.5149
[epoch 7 step 100]  loss=4.77e-01  l1=4.77e-01  l2=0.00e+00  psnr=16.0  cos=0.6387
[epoch 7 step 150]  loss=5.67e-01  l1=5.67e-01  l2=0.00e+00  psnr=15.2  cos=0.5321
[epoch 7 step 200]  loss=5.76e-01  l1=5.76e-01  l2=0.00e+00  psnr=15.3  cos=0.4972
[epoch 7 step 250]  loss=5.30e-01  l1=5.30e-01  l2=0.00e+00  psnr=15.7  cos=0.5617
[epoch 7 step 300]  loss=6.27e-01  l1=6.27e-01  l2=0.00e+00  psnr=14.2  cos=0.5537
[epoch 7 step 350]  loss=5.54e-01  l1=5.54e-01  l2=0.00e+00  psnr=15.3  cos=0.5655
[epoch 7 step 400]  loss=5.55e-01  l1=5.55e-01  l2=0.00e+00  psnr=15.2  cos=0.6233
[epoch 7 step 450]  loss=5.22e-01  l1=5.22e-01  l2=0.00e+00  psnr=15.6  cos=0.5879
[epoch 7 step 500]  loss=5.12e-01  l1=5.12e-01  l2=0.00e+00  psnr=15.7  cos=0.6020
[epoch 7 step 550]  loss=5.45e-01  l1=5.45e-01  l2=0.00e+00  psnr=15.2  cos=0.6145
[epoch 7 step 600]  loss=6.36e-01  l1=6.36e-01  l2=0.00e+00  psnr=14.2  cos=0.5624
[epoch 7 step 650]  loss=4.56e-01  l1=4.56e-01  l2=0.00e+00  psnr=16.2  cos=0.6632
[epoch 7 step 700]  loss=5.37e-01  l1=5.37e-01  l2=0.00e+00  psnr=15.4  cos=0.5628
[epoch 7 step 750]  loss=4.48e-01  l1=4.48e-01  l2=0.00e+00  psnr=16.3  cos=0.6757
[epoch 7 step 800]  loss=5.41e-01  l1=5.41e-01  l2=0.00e+00  psnr=15.2  cos=0.6143
[epoch 7 step 850]  loss=5.81e-01  l1=5.81e-01  l2=0.00e+00  psnr=15.0  cos=0.5297
[epoch 7 step 900]  loss=6.17e-01  l1=6.17e-01  l2=0.00e+00  psnr=14.1  cos=0.5800
[epoch 7 step 950]  loss=5.49e-01  l1=5.49e-01  l2=0.00e+00  psnr=15.3  cos=0.5785
[epoch 7 step 1000]  loss=4.28e-01  l1=4.28e-01  l2=0.00e+00  psnr=16.6  cos=0.6881
[epoch 7 step 1050]  loss=5.66e-01  l1=5.66e-01  l2=0.00e+00  psnr=15.3  cos=0.5166
[epoch 7 step 1100]  loss=5.98e-01  l1=5.98e-01  l2=0.00e+00  psnr=14.7  cos=0.5242
[epoch 7 step 1150]  loss=5.97e-01  l1=5.97e-01  l2=0.00e+00  psnr=14.5  cos=0.5950
[epoch 7 step 1200]  loss=6.36e-01  l1=6.36e-01  l2=0.00e+00  psnr=14.1  cos=0.5551
[epoch 7 step 1250]  loss=6.50e-01  l1=6.50e-01  l2=0.00e+00  psnr=14.4  cos=0.4704
[epoch 7 step 1300]  loss=5.84e-01  l1=5.84e-01  l2=0.00e+00  psnr=15.1  cos=0.5097
[epoch 7 step 1350]  loss=5.55e-01  l1=5.55e-01  l2=0.00e+00  psnr=15.1  cos=0.6122
[epoch 7 step 1400]  loss=5.69e-01  l1=5.69e-01  l2=0.00e+00  psnr=15.2  cos=0.5054
[epoch 7 step 1450]  loss=6.16e-01  l1=6.16e-01  l2=0.00e+00  psnr=14.3  cos=0.5903
[epoch 7 step 1500]  loss=5.50e-01  l1=5.50e-01  l2=0.00e+00  psnr=15.3  cos=0.5494
[epoch 7 step 1550]  loss=5.62e-01  l1=5.62e-01  l2=0.00e+00  psnr=15.3  cos=0.5484
[epoch 7 step 1600]  loss=5.53e-01  l1=5.53e-01  l2=0.00e+00  psnr=15.3  cos=0.5638
[epoch 7 step 1650]  loss=5.28e-01  l1=5.28e-01  l2=0.00e+00  psnr=15.5  cos=0.6092
[epoch 7 step 1700]  loss=5.44e-01  l1=5.44e-01  l2=0.00e+00  psnr=15.5  cos=0.5475
[epoch 7 step 1750]  loss=6.53e-01  l1=6.53e-01  l2=0.00e+00  psnr=14.1  cos=0.5240
[epoch 7 step 1800]  loss=5.71e-01  l1=5.71e-01  l2=0.00e+00  psnr=14.9  cos=0.6044
[epoch 7 step 1850]  loss=5.00e-01  l1=5.00e-01  l2=0.00e+00  psnr=15.7  cos=0.6370
[epoch 7 step 1900]  loss=5.55e-01  l1=5.55e-01  l2=0.00e+00  psnr=15.3  cos=0.5614
[epoch 7 step 1950]  loss=5.84e-01  l1=5.84e-01  l2=0.00e+00  psnr=15.1  cos=0.5343
[epoch 7 step 2000]  loss=7.55e-01  l1=7.55e-01  l2=0.00e+00  psnr=12.9  cos=0.4917
[epoch 7 step 2050]  loss=5.33e-01  l1=5.33e-01  l2=0.00e+00  psnr=15.5  cos=0.5746
[epoch 7 step 2100]  loss=5.01e-01  l1=5.01e-01  l2=0.00e+00  psnr=15.9  cos=0.5893
[epoch 7 step 2150]  loss=5.40e-01  l1=5.40e-01  l2=0.00e+00  psnr=15.5  cos=0.5650
[epoch 7 step 2200]  loss=5.05e-01  l1=5.05e-01  l2=0.00e+00  psnr=15.8  cos=0.6276
[epoch 7 step 2250]  loss=5.24e-01  l1=5.24e-01  l2=0.00e+00  psnr=15.8  cos=0.5687
[epoch 7 step 2300]  loss=4.96e-01  l1=4.96e-01  l2=0.00e+00  psnr=16.0  cos=0.6658
[epoch 7 step 2350]  loss=5.90e-01  l1=5.90e-01  l2=0.00e+00  psnr=15.0  cos=0.5145
[epoch 7 step 2400]  loss=5.73e-01  l1=5.73e-01  l2=0.00e+00  psnr=15.2  cos=0.5063
[epoch 7 step 2450]  loss=6.73e-01  l1=6.73e-01  l2=0.00e+00  psnr=13.8  cos=0.5307
[epoch 7 step 2500]  loss=4.01e-01  l1=4.01e-01  l2=0.00e+00  psnr=17.2  cos=0.7417
[epoch 7 step 2550]  loss=5.65e-01  l1=5.65e-01  l2=0.00e+00  psnr=15.3  cos=0.5337
[epoch 7 step 2600]  loss=5.29e-01  l1=5.29e-01  l2=0.00e+00  psnr=15.6  cos=0.5954
[epoch 7 step 2650]  loss=5.40e-01  l1=5.40e-01  l2=0.00e+00  psnr=15.4  cos=0.5718
[epoch 7 step 2700]  loss=5.42e-01  l1=5.42e-01  l2=0.00e+00  psnr=15.0  cos=0.6297
[epoch 7 step 2750]  loss=5.39e-01  l1=5.39e-01  l2=0.00e+00  psnr=15.5  cos=0.5529
[epoch 7 step 2800]  loss=4.76e-01  l1=4.76e-01  l2=0.00e+00  psnr=16.1  cos=0.6370
[epoch 7 step 2850]  loss=6.13e-01  l1=6.13e-01  l2=0.00e+00  psnr=14.6  cos=0.5690
[epoch 7 step 2900]  loss=5.46e-01  l1=5.46e-01  l2=0.00e+00  psnr=15.5  cos=0.5553
[epoch 7 step 2950]  loss=6.02e-01  l1=6.02e-01  l2=0.00e+00  psnr=14.5  cos=0.5871
[epoch 7 step 3000]  loss=6.03e-01  l1=6.03e-01  l2=0.00e+00  psnr=14.9  cos=0.5137
[epoch 7 step 3050]  loss=6.39e-01  l1=6.39e-01  l2=0.00e+00  psnr=14.0  cos=0.5634
[epoch 7 step 3100]  loss=5.67e-01  l1=5.67e-01  l2=0.00e+00  psnr=15.3  cos=0.5164
[epoch 7 step 3150]  loss=5.65e-01  l1=5.65e-01  l2=0.00e+00  psnr=15.3  cos=0.5031
[epoch 7 step 3200]  loss=5.42e-01  l1=5.42e-01  l2=0.00e+00  psnr=15.3  cos=0.6348
[epoch 7 step 3250]  loss=5.37e-01  l1=5.37e-01  l2=0.00e+00  psnr=15.6  cos=0.5545
[epoch 7 step 3300]  loss=7.13e-01  l1=7.13e-01  l2=0.00e+00  psnr=13.5  cos=0.4647
[epoch 7 step 3350]  loss=7.40e-01  l1=7.40e-01  l2=0.00e+00  psnr=13.2  cos=0.4436
[epoch 7 step 3400]  loss=5.76e-01  l1=5.76e-01  l2=0.00e+00  psnr=15.2  cos=0.5291
[epoch 7 step 3450]  loss=5.85e-01  l1=5.85e-01  l2=0.00e+00  psnr=15.0  cos=0.5106
[epoch 7 step 3500]  loss=6.00e-01  l1=6.00e-01  l2=0.00e+00  psnr=14.8  cos=0.4942
[epoch 7 step 3550]  loss=5.83e-01  l1=5.83e-01  l2=0.00e+00  psnr=15.1  cos=0.5145
[epoch 7 step 3600]  loss=5.46e-01  l1=5.46e-01  l2=0.00e+00  psnr=15.6  cos=0.5495
[epoch 7 step 3650]  loss=5.73e-01  l1=5.73e-01  l2=0.00e+00  psnr=15.2  cos=0.5257
[epoch 7 step 3700]  loss=5.33e-01  l1=5.33e-01  l2=0.00e+00  psnr=15.2  cos=0.6273
[epoch 7 step 3750]  loss=5.78e-01  l1=5.78e-01  l2=0.00e+00  psnr=14.6  cos=0.6079
[epoch 7 step 3800]  loss=5.43e-01  l1=5.43e-01  l2=0.00e+00  psnr=15.5  cos=0.5465
[epoch 7 step 3850]  loss=5.44e-01  l1=5.44e-01  l2=0.00e+00  psnr=15.4  cos=0.5702
[epoch 7 step 3900]  loss=5.21e-01  l1=5.21e-01  l2=0.00e+00  psnr=15.6  cos=0.5948
[epoch 7 step 3950]  loss=6.48e-01  l1=6.48e-01  l2=0.00e+00  psnr=14.4  cos=0.4584
[epoch 7 step 4000]  loss=5.91e-01  l1=5.91e-01  l2=0.00e+00  psnr=14.6  cos=0.5996
[epoch 7 step 4050]  loss=4.57e-01  l1=4.57e-01  l2=0.00e+00  psnr=16.2  cos=0.6898
[epoch 7 step 4100]  loss=5.47e-01  l1=5.47e-01  l2=0.00e+00  psnr=15.5  cos=0.5289
[epoch 7 step 4150]  loss=5.33e-01  l1=5.33e-01  l2=0.00e+00  psnr=15.6  cos=0.6136
[epoch 7 step 4200]  loss=5.32e-01  l1=5.32e-01  l2=0.00e+00  psnr=15.6  cos=0.5706
[epoch 7 step 4250]  loss=5.44e-01  l1=5.44e-01  l2=0.00e+00  psnr=15.5  cos=0.6163
[epoch 7 step 4300]  loss=6.26e-01  l1=6.26e-01  l2=0.00e+00  psnr=14.2  cos=0.5721
[epoch 7 step 4350]  loss=5.62e-01  l1=5.62e-01  l2=0.00e+00  psnr=15.3  cos=0.5253
[epoch 7 step 4400]  loss=5.35e-01  l1=5.35e-01  l2=0.00e+00  psnr=15.4  cos=0.6252
[epoch 7 step 4450]  loss=5.35e-01  l1=5.35e-01  l2=0.00e+00  psnr=15.7  cos=0.5619
[epoch 7 step 4500]  loss=6.37e-01  l1=6.37e-01  l2=0.00e+00  psnr=14.1  cos=0.5660
[epoch 7 step 4550]  loss=5.11e-01  l1=5.11e-01  l2=0.00e+00  psnr=15.8  cos=0.5942
[epoch 7 step 4600]  loss=6.58e-01  l1=6.58e-01  l2=0.00e+00  psnr=13.8  cos=0.5345
[epoch 7 step 4650]  loss=5.60e-01  l1=5.60e-01  l2=0.00e+00  psnr=15.4  cos=0.5085
[epoch 7 step 4700]  loss=6.01e-01  l1=6.01e-01  l2=0.00e+00  psnr=14.7  cos=0.5412
[epoch 7 step 4750]  loss=8.46e-01  l1=8.46e-01  l2=0.00e+00  psnr=12.2  cos=0.4305
[epoch 7 step 4800]  loss=5.61e-01  l1=5.61e-01  l2=0.00e+00  psnr=15.2  cos=0.5367
[epoch 7 step 4850]  loss=5.21e-01  l1=5.21e-01  l2=0.00e+00  psnr=15.7  cos=0.5693
[epoch 7 step 4900]  loss=5.55e-01  l1=5.55e-01  l2=0.00e+00  psnr=15.2  cos=0.5607
[epoch 7 step 4950]  loss=5.42e-01  l1=5.42e-01  l2=0.00e+00  psnr=15.4  cos=0.5601
[epoch 7 DONE]  final_loss=5.51e-01  psnr=15.44  cos=0.5601
[checkpoint] /workspace/runs/trial5/checkpoints/epoch_0007.pt
[val epoch 7]  latent_l1=0.5789  latent_l2=0.8225  latent_psnr=26.4236
[epoch 8 step 000]  loss=5.69e-01  l1=5.69e-01  l2=0.00e+00  psnr=15.1  cos=0.5997
[epoch 8 step 050]  loss=4.96e-01  l1=4.96e-01  l2=0.00e+00  psnr=16.0  cos=0.6476
[epoch 8 step 100]  loss=6.06e-01  l1=6.06e-01  l2=0.00e+00  psnr=14.5  cos=0.5787
[epoch 8 step 150]  loss=5.25e-01  l1=5.25e-01  l2=0.00e+00  psnr=15.7  cos=0.5716
[epoch 8 step 200]  loss=5.30e-01  l1=5.30e-01  l2=0.00e+00  psnr=15.6  cos=0.6306
[epoch 8 step 250]  loss=5.19e-01  l1=5.19e-01  l2=0.00e+00  psnr=15.6  cos=0.6126
[epoch 8 step 300]  loss=5.83e-01  l1=5.83e-01  l2=0.00e+00  psnr=15.2  cos=0.4973
[epoch 8 step 350]  loss=6.80e-01  l1=6.80e-01  l2=0.00e+00  psnr=13.6  cos=0.5228
[epoch 8 step 400]  loss=4.93e-01  l1=4.93e-01  l2=0.00e+00  psnr=16.0  cos=0.6613
[epoch 8 step 450]  loss=5.37e-01  l1=5.37e-01  l2=0.00e+00  psnr=15.1  cos=0.6424
[epoch 8 step 500]  loss=7.05e-01  l1=7.05e-01  l2=0.00e+00  psnr=13.5  cos=0.5152
[epoch 8 step 550]  loss=5.41e-01  l1=5.41e-01  l2=0.00e+00  psnr=15.4  cos=0.5580
[epoch 8 step 600]  loss=5.52e-01  l1=5.52e-01  l2=0.00e+00  psnr=15.3  cos=0.5524
[epoch 8 step 650]  loss=5.68e-01  l1=5.68e-01  l2=0.00e+00  psnr=15.2  cos=0.5287
[epoch 8 step 700]  loss=6.14e-01  l1=6.14e-01  l2=0.00e+00  psnr=14.3  cos=0.5800
[epoch 8 step 750]  loss=6.86e-01  l1=6.86e-01  l2=0.00e+00  psnr=13.8  cos=0.5095
[epoch 8 step 800]  loss=5.52e-01  l1=5.52e-01  l2=0.00e+00  psnr=15.3  cos=0.5653
[epoch 8 step 850]  loss=6.33e-01  l1=6.33e-01  l2=0.00e+00  psnr=14.1  cos=0.5682
[epoch 8 step 900]  loss=5.91e-01  l1=5.91e-01  l2=0.00e+00  psnr=15.0  cos=0.5244
[epoch 8 step 950]  loss=5.25e-01  l1=5.25e-01  l2=0.00e+00  psnr=15.6  cos=0.5712
[epoch 8 step 1000]  loss=6.01e-01  l1=6.01e-01  l2=0.00e+00  psnr=14.5  cos=0.5854
[epoch 8 step 1050]  loss=5.74e-01  l1=5.74e-01  l2=0.00e+00  psnr=15.3  cos=0.5182
[epoch 8 step 1100]  loss=6.15e-01  l1=6.15e-01  l2=0.00e+00  psnr=14.3  cos=0.5928
[epoch 8 step 1150]  loss=6.92e-01  l1=6.92e-01  l2=0.00e+00  psnr=13.5  cos=0.5253
[epoch 8 step 1200]  loss=6.59e-01  l1=6.59e-01  l2=0.00e+00  psnr=13.8  cos=0.5074
[epoch 8 step 1250]  loss=6.39e-01  l1=6.39e-01  l2=0.00e+00  psnr=14.1  cos=0.5514
[epoch 8 step 1300]  loss=5.60e-01  l1=5.60e-01  l2=0.00e+00  psnr=15.2  cos=0.5189
[epoch 8 step 1350]  loss=6.54e-01  l1=6.54e-01  l2=0.00e+00  psnr=14.2  cos=0.5097
[epoch 8 step 1400]  loss=5.73e-01  l1=5.73e-01  l2=0.00e+00  psnr=14.8  cos=0.6127
[epoch 8 step 1450]  loss=5.51e-01  l1=5.51e-01  l2=0.00e+00  psnr=15.4  cos=0.5458
[epoch 8 step 1500]  loss=6.72e-01  l1=6.72e-01  l2=0.00e+00  psnr=14.1  cos=0.5171
[epoch 8 step 1550]  loss=5.74e-01  l1=5.74e-01  l2=0.00e+00  psnr=15.1  cos=0.5340
[epoch 8 step 1600]  loss=6.03e-01  l1=6.03e-01  l2=0.00e+00  psnr=14.9  cos=0.4991
[epoch 8 step 1650]  loss=5.66e-01  l1=5.66e-01  l2=0.00e+00  psnr=15.1  cos=0.5949
[epoch 8 step 1700]  loss=5.68e-01  l1=5.68e-01  l2=0.00e+00  psnr=15.2  cos=0.5691
[epoch 8 step 1750]  loss=5.57e-01  l1=5.57e-01  l2=0.00e+00  psnr=15.3  cos=0.5471
[epoch 8 step 1800]  loss=4.94e-01  l1=4.94e-01  l2=0.00e+00  psnr=15.8  cos=0.6637
[epoch 8 step 1850]  loss=5.41e-01  l1=5.41e-01  l2=0.00e+00  psnr=15.7  cos=0.5442
[epoch 8 step 1900]  loss=5.52e-01  l1=5.52e-01  l2=0.00e+00  psnr=15.2  cos=0.5720
[epoch 8 step 1950]  loss=5.25e-01  l1=5.25e-01  l2=0.00e+00  psnr=15.6  cos=0.5840
[epoch 8 step 2000]  loss=4.40e-01  l1=4.40e-01  l2=0.00e+00  psnr=16.6  cos=0.7116
[epoch 8 step 2050]  loss=5.73e-01  l1=5.73e-01  l2=0.00e+00  psnr=15.1  cos=0.5354
[epoch 8 step 2100]  loss=5.50e-01  l1=5.50e-01  l2=0.00e+00  psnr=15.0  cos=0.6265
[epoch 8 step 2150]  loss=4.78e-01  l1=4.78e-01  l2=0.00e+00  psnr=16.1  cos=0.6803
[epoch 8 step 2200]  loss=5.44e-01  l1=5.44e-01  l2=0.00e+00  psnr=15.4  cos=0.5530
[epoch 8 step 2250]  loss=5.01e-01  l1=5.01e-01  l2=0.00e+00  psnr=15.9  cos=0.6185
[epoch 8 step 2300]  loss=5.89e-01  l1=5.89e-01  l2=0.00e+00  psnr=14.9  cos=0.5274
[epoch 8 step 2350]  loss=5.48e-01  l1=5.48e-01  l2=0.00e+00  psnr=15.3  cos=0.5461
[epoch 8 step 2400]  loss=4.74e-01  l1=4.74e-01  l2=0.00e+00  psnr=16.1  cos=0.6615
[epoch 8 step 2450]  loss=4.76e-01  l1=4.76e-01  l2=0.00e+00  psnr=16.0  cos=0.6732
[epoch 8 step 2500]  loss=5.68e-01  l1=5.68e-01  l2=0.00e+00  psnr=14.6  cos=0.6066
[epoch 8 step 2550]  loss=6.51e-01  l1=6.51e-01  l2=0.00e+00  psnr=14.2  cos=0.5481
[epoch 8 step 2600]  loss=4.93e-01  l1=4.93e-01  l2=0.00e+00  psnr=16.0  cos=0.6178
[epoch 8 step 2650]  loss=6.23e-01  l1=6.23e-01  l2=0.00e+00  psnr=14.2  cos=0.5721
[epoch 8 step 2700]  loss=6.23e-01  l1=6.23e-01  l2=0.00e+00  psnr=14.2  cos=0.5756
[epoch 8 step 2750]  loss=6.58e-01  l1=6.58e-01  l2=0.00e+00  psnr=13.8  cos=0.5415
[epoch 8 step 2800]  loss=5.26e-01  l1=5.26e-01  l2=0.00e+00  psnr=15.5  cos=0.5832
[epoch 8 step 2850]  loss=5.86e-01  l1=5.86e-01  l2=0.00e+00  psnr=14.7  cos=0.5873
[epoch 8 step 2900]  loss=5.49e-01  l1=5.49e-01  l2=0.00e+00  psnr=15.5  cos=0.5101
[epoch 8 step 2950]  loss=6.56e-01  l1=6.56e-01  l2=0.00e+00  psnr=14.0  cos=0.5445
[epoch 8 step 3000]  loss=5.62e-01  l1=5.62e-01  l2=0.00e+00  psnr=15.3  cos=0.5264
[epoch 8 step 3050]  loss=7.18e-01  l1=7.18e-01  l2=0.00e+00  psnr=13.6  cos=0.4622
[epoch 8 step 3100]  loss=6.13e-01  l1=6.13e-01  l2=0.00e+00  psnr=14.7  cos=0.5154
[epoch 8 step 3150]  loss=6.05e-01  l1=6.05e-01  l2=0.00e+00  psnr=14.5  cos=0.5987
[epoch 8 step 3200]  loss=5.70e-01  l1=5.70e-01  l2=0.00e+00  psnr=14.9  cos=0.5397
[epoch 8 step 3250]  loss=5.56e-01  l1=5.56e-01  l2=0.00e+00  psnr=15.1  cos=0.6154
[epoch 8 step 3300]  loss=6.90e-01  l1=6.90e-01  l2=0.00e+00  psnr=13.8  cos=0.5146
[epoch 8 step 3350]  loss=5.88e-01  l1=5.88e-01  l2=0.00e+00  psnr=15.0  cos=0.5327
[epoch 8 step 3400]  loss=6.03e-01  l1=6.03e-01  l2=0.00e+00  psnr=14.5  cos=0.5731
[epoch 8 step 3450]  loss=6.80e-01  l1=6.80e-01  l2=0.00e+00  psnr=13.8  cos=0.4954
[epoch 8 step 3500]  loss=6.62e-01  l1=6.62e-01  l2=0.00e+00  psnr=14.2  cos=0.5328
[epoch 8 step 3550]  loss=5.84e-01  l1=5.84e-01  l2=0.00e+00  psnr=14.9  cos=0.5880
[epoch 8 step 3600]  loss=6.64e-01  l1=6.64e-01  l2=0.00e+00  psnr=13.9  cos=0.5467
[epoch 8 step 3650]  loss=5.66e-01  l1=5.66e-01  l2=0.00e+00  psnr=15.2  cos=0.5467
[epoch 8 step 3700]  loss=6.80e-01  l1=6.80e-01  l2=0.00e+00  psnr=13.5  cos=0.5358
[epoch 8 step 3750]  loss=5.33e-01  l1=5.33e-01  l2=0.00e+00  psnr=15.5  cos=0.5890
[epoch 8 step 3800]  loss=6.35e-01  l1=6.35e-01  l2=0.00e+00  psnr=14.3  cos=0.5450
[epoch 8 step 3850]  loss=7.50e-01  l1=7.50e-01  l2=0.00e+00  psnr=13.1  cos=0.4526
[epoch 8 step 3900]  loss=5.09e-01  l1=5.09e-01  l2=0.00e+00  psnr=15.7  cos=0.6455
[epoch 8 step 3950]  loss=5.77e-01  l1=5.77e-01  l2=0.00e+00  psnr=15.0  cos=0.5315
[epoch 8 step 4000]  loss=6.27e-01  l1=6.27e-01  l2=0.00e+00  psnr=14.2  cos=0.5702
[epoch 8 step 4050]  loss=7.18e-01  l1=7.18e-01  l2=0.00e+00  psnr=13.3  cos=0.5181
[epoch 8 step 4100]  loss=5.79e-01  l1=5.79e-01  l2=0.00e+00  psnr=14.7  cos=0.6091
[epoch 8 step 4150]  loss=5.22e-01  l1=5.22e-01  l2=0.00e+00  psnr=15.6  cos=0.5899
[epoch 8 step 4200]  loss=6.84e-01  l1=6.84e-01  l2=0.00e+00  psnr=13.5  cos=0.5318
[epoch 8 step 4250]  loss=5.59e-01  l1=5.59e-01  l2=0.00e+00  psnr=15.4  cos=0.5465
[epoch 8 step 4300]  loss=5.31e-01  l1=5.31e-01  l2=0.00e+00  psnr=15.6  cos=0.5603
[epoch 8 step 4350]  loss=5.59e-01  l1=5.59e-01  l2=0.00e+00  psnr=15.4  cos=0.5460
[epoch 8 step 4400]  loss=5.23e-01  l1=5.23e-01  l2=0.00e+00  psnr=15.6  cos=0.6371
[epoch 8 step 4450]  loss=5.64e-01  l1=5.64e-01  l2=0.00e+00  psnr=15.1  cos=0.5552
[epoch 8 step 4500]  loss=5.73e-01  l1=5.73e-01  l2=0.00e+00  psnr=15.2  cos=0.4966
[epoch 8 step 4550]  loss=4.96e-01  l1=4.96e-01  l2=0.00e+00  psnr=15.5  cos=0.6692
[epoch 8 step 4600]  loss=5.58e-01  l1=5.58e-01  l2=0.00e+00  psnr=15.4  cos=0.5262
[epoch 8 step 4650]  loss=5.61e-01  l1=5.61e-01  l2=0.00e+00  psnr=15.3  cos=0.5246
[epoch 8 step 4700]  loss=5.94e-01  l1=5.94e-01  l2=0.00e+00  psnr=14.5  cos=0.5878
[epoch 8 step 4750]  loss=5.59e-01  l1=5.59e-01  l2=0.00e+00  psnr=15.3  cos=0.5230
[epoch 8 step 4800]  loss=5.53e-01  l1=5.53e-01  l2=0.00e+00  psnr=15.3  cos=0.5725
[epoch 8 step 4850]  loss=5.52e-01  l1=5.52e-01  l2=0.00e+00  psnr=15.5  cos=0.5095
[epoch 8 step 4900]  loss=5.60e-01  l1=5.60e-01  l2=0.00e+00  psnr=15.3  cos=0.5580
[epoch 8 step 4950]  loss=6.39e-01  l1=6.39e-01  l2=0.00e+00  psnr=14.0  cos=0.5607
[epoch 8 DONE]  final_loss=5.72e-01  psnr=13.98  cos=0.5607
[checkpoint] /workspace/runs/trial5/checkpoints/epoch_0008.pt
[val epoch 8]  latent_l1=0.5762  latent_l2=0.8210  latent_psnr=26.4394
[epoch 9 step 000]  loss=5.76e-01  l1=5.76e-01  l2=0.00e+00  psnr=14.9  cos=0.5173
[epoch 9 step 050]  loss=5.63e-01  l1=5.63e-01  l2=0.00e+00  psnr=15.2  cos=0.5366
[epoch 9 step 100]  loss=5.36e-01  l1=5.36e-01  l2=0.00e+00  psnr=15.5  cos=0.6413
[epoch 9 step 150]  loss=6.67e-01  l1=6.67e-01  l2=0.00e+00  psnr=13.8  cos=0.5452
[epoch 9 step 200]  loss=5.37e-01  l1=5.37e-01  l2=0.00e+00  psnr=15.7  cos=0.5393
[epoch 9 step 250]  loss=6.15e-01  l1=6.15e-01  l2=0.00e+00  psnr=14.3  cos=0.5808
[epoch 9 step 300]  loss=5.55e-01  l1=5.55e-01  l2=0.00e+00  psnr=15.3  cos=0.5527
[epoch 9 step 350]  loss=6.55e-01  l1=6.55e-01  l2=0.00e+00  psnr=14.0  cos=0.5376
[epoch 9 step 400]  loss=5.57e-01  l1=5.57e-01  l2=0.00e+00  psnr=15.3  cos=0.5495
[epoch 9 step 450]  loss=5.46e-01  l1=5.46e-01  l2=0.00e+00  psnr=15.4  cos=0.5717
[epoch 9 step 500]  loss=5.75e-01  l1=5.75e-01  l2=0.00e+00  psnr=15.2  cos=0.4934
[epoch 9 step 550]  loss=5.63e-01  l1=5.63e-01  l2=0.00e+00  psnr=15.1  cos=0.6090
[epoch 9 step 600]  loss=7.62e-01  l1=7.62e-01  l2=0.00e+00  psnr=12.8  cos=0.4577
[epoch 9 step 650]  loss=6.06e-01  l1=6.06e-01  l2=0.00e+00  psnr=14.9  cos=0.4910
[epoch 9 step 700]  loss=7.17e-01  l1=7.17e-01  l2=0.00e+00  psnr=13.2  cos=0.4906
[epoch 9 step 750]  loss=5.59e-01  l1=5.59e-01  l2=0.00e+00  psnr=15.2  cos=0.5567
[epoch 9 step 800]  loss=5.31e-01  l1=5.31e-01  l2=0.00e+00  psnr=15.6  cos=0.5783
[epoch 9 step 850]  loss=5.35e-01  l1=5.35e-01  l2=0.00e+00  psnr=15.5  cos=0.5587
[epoch 9 step 900]  loss=6.09e-01  l1=6.09e-01  l2=0.00e+00  psnr=14.5  cos=0.5722
[epoch 9 step 950]  loss=6.33e-01  l1=6.33e-01  l2=0.00e+00  psnr=14.2  cos=0.5620
[epoch 9 step 1000]  loss=6.92e-01  l1=6.92e-01  l2=0.00e+00  psnr=13.7  cos=0.5299
[epoch 9 step 1050]  loss=6.96e-01  l1=6.96e-01  l2=0.00e+00  psnr=13.6  cos=0.4960
[epoch 9 step 1100]  loss=5.48e-01  l1=5.48e-01  l2=0.00e+00  psnr=15.4  cos=0.5792
[epoch 9 step 1150]  loss=5.55e-01  l1=5.55e-01  l2=0.00e+00  psnr=15.3  cos=0.5434
[epoch 9 step 1200]  loss=6.76e-01  l1=6.76e-01  l2=0.00e+00  psnr=13.7  cos=0.5304
[epoch 9 step 1250]  loss=5.54e-01  l1=5.54e-01  l2=0.00e+00  psnr=15.4  cos=0.5369
[epoch 9 step 1300]  loss=5.85e-01  l1=5.85e-01  l2=0.00e+00  psnr=15.2  cos=0.4929
[epoch 9 step 1350]  loss=5.66e-01  l1=5.66e-01  l2=0.00e+00  psnr=15.3  cos=0.5344
[epoch 9 step 1400]  loss=5.81e-01  l1=5.81e-01  l2=0.00e+00  psnr=15.1  cos=0.4846
[epoch 9 step 1450]  loss=6.18e-01  l1=6.18e-01  l2=0.00e+00  psnr=14.1  cos=0.5745
[epoch 9 step 1500]  loss=5.84e-01  l1=5.84e-01  l2=0.00e+00  psnr=15.2  cos=0.4833
[epoch 9 step 1550]  loss=5.47e-01  l1=5.47e-01  l2=0.00e+00  psnr=15.5  cos=0.5519
[epoch 9 step 1600]  loss=6.01e-01  l1=6.01e-01  l2=0.00e+00  psnr=14.9  cos=0.4897
[epoch 9 step 1650]  loss=6.33e-01  l1=6.33e-01  l2=0.00e+00  psnr=14.2  cos=0.5716
[epoch 9 step 1700]  loss=5.35e-01  l1=5.35e-01  l2=0.00e+00  psnr=15.6  cos=0.5596
[epoch 9 step 1750]  loss=5.16e-01  l1=5.16e-01  l2=0.00e+00  psnr=15.5  cos=0.6592
[epoch 9 step 1800]  loss=4.87e-01  l1=4.87e-01  l2=0.00e+00  psnr=15.8  cos=0.6787
[epoch 9 step 1850]  loss=6.55e-01  l1=6.55e-01  l2=0.00e+00  psnr=14.0  cos=0.5386
[epoch 9 step 1900]  loss=5.69e-01  l1=5.69e-01  l2=0.00e+00  psnr=15.1  cos=0.5936
[epoch 9 step 1950]  loss=7.05e-01  l1=7.05e-01  l2=0.00e+00  psnr=13.4  cos=0.5371
[epoch 9 step 2000]  loss=5.68e-01  l1=5.68e-01  l2=0.00e+00  psnr=15.2  cos=0.5434
[epoch 9 step 2050]  loss=5.76e-01  l1=5.76e-01  l2=0.00e+00  psnr=15.1  cos=0.5119
[epoch 9 step 2100]  loss=5.44e-01  l1=5.44e-01  l2=0.00e+00  psnr=15.2  cos=0.5897
[epoch 9 step 2150]  loss=5.41e-01  l1=5.41e-01  l2=0.00e+00  psnr=15.5  cos=0.5492
[epoch 9 step 2200]  loss=5.70e-01  l1=5.70e-01  l2=0.00e+00  psnr=15.1  cos=0.5563
[epoch 9 step 2250]  loss=5.14e-01  l1=5.14e-01  l2=0.00e+00  psnr=15.8  cos=0.6004
[epoch 9 step 2300]  loss=6.39e-01  l1=6.39e-01  l2=0.00e+00  psnr=13.9  cos=0.5474
[epoch 9 step 2350]  loss=4.98e-01  l1=4.98e-01  l2=0.00e+00  psnr=15.8  cos=0.6001
[epoch 9 step 2400]  loss=5.00e-01  l1=5.00e-01  l2=0.00e+00  psnr=15.9  cos=0.5943
[epoch 9 step 2450]  loss=5.68e-01  l1=5.68e-01  l2=0.00e+00  psnr=15.1  cos=0.5614
[epoch 9 step 2500]  loss=5.59e-01  l1=5.59e-01  l2=0.00e+00  psnr=14.9  cos=0.5490
[epoch 9 step 2550]  loss=5.45e-01  l1=5.45e-01  l2=0.00e+00  psnr=15.5  cos=0.5311
[epoch 9 step 2600]  loss=5.71e-01  l1=5.71e-01  l2=0.00e+00  psnr=14.8  cos=0.6068
[epoch 9 step 2650]  loss=5.50e-01  l1=5.50e-01  l2=0.00e+00  psnr=15.3  cos=0.5671
[epoch 9 step 2700]  loss=6.55e-01  l1=6.55e-01  l2=0.00e+00  psnr=13.9  cos=0.5613
[epoch 9 step 2750]  loss=5.99e-01  l1=5.99e-01  l2=0.00e+00  psnr=14.7  cos=0.5550
[epoch 9 step 2800]  loss=6.13e-01  l1=6.13e-01  l2=0.00e+00  psnr=14.6  cos=0.5046
[epoch 9 step 2850]  loss=6.70e-01  l1=6.70e-01  l2=0.00e+00  psnr=13.6  cos=0.5467
[epoch 9 step 2900]  loss=5.37e-01  l1=5.37e-01  l2=0.00e+00  psnr=15.5  cos=0.5617
[epoch 9 step 2950]  loss=5.77e-01  l1=5.77e-01  l2=0.00e+00  psnr=15.1  cos=0.5236
[epoch 9 step 3000]  loss=5.60e-01  l1=5.60e-01  l2=0.00e+00  psnr=15.1  cos=0.5791
[epoch 9 step 3050]  loss=6.83e-01  l1=6.83e-01  l2=0.00e+00  psnr=13.6  cos=0.5040
[epoch 9 step 3100]  loss=5.54e-01  l1=5.54e-01  l2=0.00e+00  psnr=15.1  cos=0.6220
[epoch 9 step 3150]  loss=5.80e-01  l1=5.80e-01  l2=0.00e+00  psnr=15.0  cos=0.5838
[epoch 9 step 3200]  loss=5.25e-01  l1=5.25e-01  l2=0.00e+00  psnr=15.7  cos=0.5877
[epoch 9 step 3250]  loss=5.44e-01  l1=5.44e-01  l2=0.00e+00  psnr=15.4  cos=0.5724
[epoch 9 step 3300]  loss=5.75e-01  l1=5.75e-01  l2=0.00e+00  psnr=15.1  cos=0.5064
[epoch 9 step 3350]  loss=6.98e-01  l1=6.98e-01  l2=0.00e+00  psnr=13.6  cos=0.4936
[epoch 9 step 3400]  loss=6.57e-01  l1=6.57e-01  l2=0.00e+00  psnr=13.9  cos=0.5314
[epoch 9 step 3450]  loss=5.71e-01  l1=5.71e-01  l2=0.00e+00  psnr=15.1  cos=0.5324
[epoch 9 step 3500]  loss=5.78e-01  l1=5.78e-01  l2=0.00e+00  psnr=15.2  cos=0.4890
[epoch 9 step 3550]  loss=4.92e-01  l1=4.92e-01  l2=0.00e+00  psnr=16.0  cos=0.6572
[epoch 9 step 3600]  loss=5.62e-01  l1=5.62e-01  l2=0.00e+00  psnr=15.2  cos=0.5350
[epoch 9 step 3650]  loss=4.95e-01  l1=4.95e-01  l2=0.00e+00  psnr=15.8  cos=0.6193
[epoch 9 step 3700]  loss=5.62e-01  l1=5.62e-01  l2=0.00e+00  psnr=15.3  cos=0.5269
[epoch 9 step 3750]  loss=5.28e-01  l1=5.28e-01  l2=0.00e+00  psnr=15.3  cos=0.6418
[epoch 9 step 3800]  loss=4.87e-01  l1=4.87e-01  l2=0.00e+00  psnr=15.8  cos=0.6618
[epoch 9 step 3850]  loss=5.90e-01  l1=5.90e-01  l2=0.00e+00  psnr=14.7  cos=0.6107
[epoch 9 step 3900]  loss=7.35e-01  l1=7.35e-01  l2=0.00e+00  psnr=13.2  cos=0.5034
[epoch 9 step 3950]  loss=5.37e-01  l1=5.37e-01  l2=0.00e+00  psnr=15.4  cos=0.5788
[epoch 9 step 4000]  loss=5.52e-01  l1=5.52e-01  l2=0.00e+00  psnr=15.3  cos=0.6167
[epoch 9 step 4050]  loss=5.71e-01  l1=5.71e-01  l2=0.00e+00  psnr=15.2  cos=0.5113
[epoch 9 step 4100]  loss=5.24e-01  l1=5.24e-01  l2=0.00e+00  psnr=15.7  cos=0.6363
[epoch 9 step 4150]  loss=6.59e-01  l1=6.59e-01  l2=0.00e+00  psnr=14.0  cos=0.5451
[epoch 9 step 4200]  loss=5.88e-01  l1=5.88e-01  l2=0.00e+00  psnr=15.0  cos=0.5209
[epoch 9 step 4250]  loss=5.71e-01  l1=5.71e-01  l2=0.00e+00  psnr=15.2  cos=0.5285
[epoch 9 step 4300]  loss=5.84e-01  l1=5.84e-01  l2=0.00e+00  psnr=15.1  cos=0.5055
[epoch 9 step 4350]  loss=6.92e-01  l1=6.92e-01  l2=0.00e+00  psnr=13.5  cos=0.5128
[epoch 9 step 4400]  loss=5.41e-01  l1=5.41e-01  l2=0.00e+00  psnr=15.5  cos=0.5634
[epoch 9 step 4450]  loss=5.17e-01  l1=5.17e-01  l2=0.00e+00  psnr=15.7  cos=0.5955
[epoch 9 step 4500]  loss=5.34e-01  l1=5.34e-01  l2=0.00e+00  psnr=15.5  cos=0.5732
[epoch 9 step 4550]  loss=7.03e-01  l1=7.03e-01  l2=0.00e+00  psnr=13.6  cos=0.5108
[epoch 9 step 4600]  loss=6.15e-01  l1=6.15e-01  l2=0.00e+00  psnr=14.6  cos=0.5506
[epoch 9 step 4650]  loss=6.00e-01  l1=6.00e-01  l2=0.00e+00  psnr=15.0  cos=0.5106
[epoch 9 step 4700]  loss=4.92e-01  l1=4.92e-01  l2=0.00e+00  psnr=15.9  cos=0.6321
[epoch 9 step 4750]  loss=5.66e-01  l1=5.66e-01  l2=0.00e+00  psnr=15.2  cos=0.5325
[epoch 9 step 4800]  loss=5.11e-01  l1=5.11e-01  l2=0.00e+00  psnr=15.7  cos=0.6433
[epoch 9 step 4850]  loss=4.90e-01  l1=4.90e-01  l2=0.00e+00  psnr=16.1  cos=0.6185
[epoch 9 step 4900]  loss=6.49e-01  l1=6.49e-01  l2=0.00e+00  psnr=14.3  cos=0.5438
[epoch 9 step 4950]  loss=5.55e-01  l1=5.55e-01  l2=0.00e+00  psnr=15.5  cos=0.5380
[epoch 9 DONE]  final_loss=5.61e-01  psnr=15.48  cos=0.5380
[checkpoint] /workspace/runs/trial5/checkpoints/epoch_0009.pt
[val epoch 9]  latent_l1=0.5763  latent_l2=0.8205  latent_psnr=26.4452
[epoch 10 step 000]  loss=6.81e-01  l1=6.81e-01  l2=0.00e+00  psnr=13.7  cos=0.5098
[epoch 10 step 050]  loss=5.90e-01  l1=5.90e-01  l2=0.00e+00  psnr=14.8  cos=0.5804
[epoch 10 step 100]  loss=7.63e-01  l1=7.63e-01  l2=0.00e+00  psnr=13.1  cos=0.4370
[epoch 10 step 150]  loss=6.80e-01  l1=6.80e-01  l2=0.00e+00  psnr=13.8  cos=0.5185
[epoch 10 step 200]  loss=5.02e-01  l1=5.02e-01  l2=0.00e+00  psnr=15.8  cos=0.6199
[epoch 10 step 250]  loss=6.28e-01  l1=6.28e-01  l2=0.00e+00  psnr=14.2  cos=0.5424
[epoch 10 step 300]  loss=4.12e-01  l1=4.12e-01  l2=0.00e+00  psnr=16.8  cos=0.6956
[epoch 10 step 350]  loss=5.84e-01  l1=5.84e-01  l2=0.00e+00  psnr=15.0  cos=0.5524
[epoch 10 step 400]  loss=5.40e-01  l1=5.40e-01  l2=0.00e+00  psnr=15.4  cos=0.5739
[epoch 10 step 450]  loss=4.82e-01  l1=4.82e-01  l2=0.00e+00  psnr=15.9  cos=0.6204
[epoch 10 step 500]  loss=5.80e-01  l1=5.80e-01  l2=0.00e+00  psnr=14.8  cos=0.6005
[epoch 10 step 550]  loss=5.71e-01  l1=5.71e-01  l2=0.00e+00  psnr=15.2  cos=0.5137
[epoch 10 step 600]  loss=4.77e-01  l1=4.77e-01  l2=0.00e+00  psnr=16.1  cos=0.6807
[epoch 10 step 650]  loss=5.64e-01  l1=5.64e-01  l2=0.00e+00  psnr=15.3  cos=0.5214
[epoch 10 step 700]  loss=5.22e-01  l1=5.22e-01  l2=0.00e+00  psnr=15.5  cos=0.5780
[epoch 10 step 750]  loss=5.90e-01  l1=5.90e-01  l2=0.00e+00  psnr=15.0  cos=0.5038
[epoch 10 step 800]  loss=5.26e-01  l1=5.26e-01  l2=0.00e+00  psnr=15.7  cos=0.5967
[epoch 10 step 850]  loss=5.60e-01  l1=5.60e-01  l2=0.00e+00  psnr=15.4  cos=0.5445
[epoch 10 step 900]  loss=6.23e-01  l1=6.23e-01  l2=0.00e+00  psnr=14.5  cos=0.5835
[epoch 10 step 950]  loss=6.16e-01  l1=6.16e-01  l2=0.00e+00  psnr=14.4  cos=0.5585
[epoch 10 step 1000]  loss=5.57e-01  l1=5.57e-01  l2=0.00e+00  psnr=15.4  cos=0.5337
[epoch 10 step 1050]  loss=5.44e-01  l1=5.44e-01  l2=0.00e+00  psnr=15.6  cos=0.5608
[epoch 10 step 1100]  loss=6.42e-01  l1=6.42e-01  l2=0.00e+00  psnr=14.3  cos=0.5635
[epoch 10 step 1150]  loss=6.77e-01  l1=6.77e-01  l2=0.00e+00  psnr=13.8  cos=0.4895
[epoch 10 step 1200]  loss=5.20e-01  l1=5.20e-01  l2=0.00e+00  psnr=15.6  cos=0.5820
[epoch 10 step 1250]  loss=6.42e-01  l1=6.42e-01  l2=0.00e+00  psnr=14.1  cos=0.5646
[epoch 10 step 1300]  loss=5.70e-01  l1=5.70e-01  l2=0.00e+00  psnr=15.1  cos=0.6117
[epoch 10 step 1350]  loss=5.82e-01  l1=5.82e-01  l2=0.00e+00  psnr=14.7  cos=0.6148
[epoch 10 step 1400]  loss=5.50e-01  l1=5.50e-01  l2=0.00e+00  psnr=15.2  cos=0.6195
[epoch 10 step 1450]  loss=6.15e-01  l1=6.15e-01  l2=0.00e+00  psnr=14.3  cos=0.5819
[epoch 10 step 1500]  loss=5.17e-01  l1=5.17e-01  l2=0.00e+00  psnr=15.7  cos=0.6153
[epoch 10 step 1550]  loss=6.48e-01  l1=6.48e-01  l2=0.00e+00  psnr=13.9  cos=0.5568
[epoch 10 step 1600]  loss=5.76e-01  l1=5.76e-01  l2=0.00e+00  psnr=14.7  cos=0.6053
[epoch 10 step 1650]  loss=4.79e-01  l1=4.79e-01  l2=0.00e+00  psnr=16.2  cos=0.6560
[epoch 10 step 1700]  loss=6.54e-01  l1=6.54e-01  l2=0.00e+00  psnr=14.1  cos=0.5308
[epoch 10 step 1750]  loss=6.67e-01  l1=6.67e-01  l2=0.00e+00  psnr=13.5  cos=0.5535
[epoch 10 step 1800]  loss=5.84e-01  l1=5.84e-01  l2=0.00e+00  psnr=14.7  cos=0.6046
[epoch 10 step 1850]  loss=5.59e-01  l1=5.59e-01  l2=0.00e+00  psnr=15.4  cos=0.5225
[epoch 10 step 1900]  loss=5.50e-01  l1=5.50e-01  l2=0.00e+00  psnr=15.3  cos=0.5682
[epoch 10 step 1950]  loss=4.86e-01  l1=4.86e-01  l2=0.00e+00  psnr=16.2  cos=0.6113
[epoch 10 step 2000]  loss=5.69e-01  l1=5.69e-01  l2=0.00e+00  psnr=15.2  cos=0.5307
[epoch 10 step 2050]  loss=5.78e-01  l1=5.78e-01  l2=0.00e+00  psnr=15.1  cos=0.5115
[epoch 10 step 2100]  loss=6.38e-01  l1=6.38e-01  l2=0.00e+00  psnr=14.3  cos=0.5385
[epoch 10 step 2150]  loss=5.90e-01  l1=5.90e-01  l2=0.00e+00  psnr=15.0  cos=0.5148
[epoch 10 step 2200]  loss=5.37e-01  l1=5.37e-01  l2=0.00e+00  psnr=15.6  cos=0.5599
[epoch 10 step 2250]  loss=5.69e-01  l1=5.69e-01  l2=0.00e+00  psnr=15.3  cos=0.5054
[epoch 10 step 2300]  loss=5.76e-01  l1=5.76e-01  l2=0.00e+00  psnr=15.3  cos=0.4765
[epoch 10 step 2350]  loss=3.96e-01  l1=3.96e-01  l2=0.00e+00  psnr=17.3  cos=0.7476
[epoch 10 step 2400]  loss=6.01e-01  l1=6.01e-01  l2=0.00e+00  psnr=14.4  cos=0.6029
[epoch 10 step 2450]  loss=5.50e-01  l1=5.50e-01  l2=0.00e+00  psnr=15.4  cos=0.5634
[epoch 10 step 2500]  loss=5.93e-01  l1=5.93e-01  l2=0.00e+00  psnr=15.1  cos=0.4944
[epoch 10 step 2550]  loss=5.52e-01  l1=5.52e-01  l2=0.00e+00  psnr=15.5  cos=0.5442
[epoch 10 step 2600]  loss=5.15e-01  l1=5.15e-01  l2=0.00e+00  psnr=15.6  cos=0.6610
[epoch 10 step 2650]  loss=7.18e-01  l1=7.18e-01  l2=0.00e+00  psnr=13.4  cos=0.4649
[epoch 10 step 2700]  loss=5.65e-01  l1=5.65e-01  l2=0.00e+00  psnr=15.0  cos=0.6153
[epoch 10 step 2750]  loss=5.85e-01  l1=5.85e-01  l2=0.00e+00  psnr=15.0  cos=0.5019
[epoch 10 step 2800]  loss=5.95e-01  l1=5.95e-01  l2=0.00e+00  psnr=14.9  cos=0.4919
[epoch 10 step 2850]  loss=5.60e-01  l1=5.60e-01  l2=0.00e+00  psnr=15.3  cos=0.5617
[epoch 10 step 2900]  loss=5.35e-01  l1=5.35e-01  l2=0.00e+00  psnr=15.6  cos=0.5524
[epoch 10 step 2950]  loss=5.73e-01  l1=5.73e-01  l2=0.00e+00  psnr=15.1  cos=0.5535
[epoch 10 step 3000]  loss=5.80e-01  l1=5.80e-01  l2=0.00e+00  psnr=14.7  cos=0.6057
[epoch 10 step 3050]  loss=5.78e-01  l1=5.78e-01  l2=0.00e+00  psnr=14.7  cos=0.6129
[epoch 10 step 3100]  loss=6.09e-01  l1=6.09e-01  l2=0.00e+00  psnr=14.5  cos=0.5261
[epoch 10 step 3150]  loss=5.42e-01  l1=5.42e-01  l2=0.00e+00  psnr=15.5  cos=0.5805
[epoch 10 step 3200]  loss=6.46e-01  l1=6.46e-01  l2=0.00e+00  psnr=14.4  cos=0.4795
[epoch 10 step 3250]  loss=5.90e-01  l1=5.90e-01  l2=0.00e+00  psnr=14.8  cos=0.5432
[epoch 10 step 3300]  loss=5.34e-01  l1=5.34e-01  l2=0.00e+00  psnr=15.6  cos=0.5620
[epoch 10 step 3350]  loss=6.51e-01  l1=6.51e-01  l2=0.00e+00  psnr=14.0  cos=0.5445
[epoch 10 step 3400]  loss=5.58e-01  l1=5.58e-01  l2=0.00e+00  psnr=15.3  cos=0.5413
[epoch 10 step 3450]  loss=5.37e-01  l1=5.37e-01  l2=0.00e+00  psnr=15.4  cos=0.5798
[epoch 10 step 3500]  loss=6.41e-01  l1=6.41e-01  l2=0.00e+00  psnr=14.1  cos=0.5696
[epoch 10 step 3550]  loss=5.35e-01  l1=5.35e-01  l2=0.00e+00  psnr=15.5  cos=0.5728
[epoch 10 step 3600]  loss=5.99e-01  l1=5.99e-01  l2=0.00e+00  psnr=14.6  cos=0.5818
[epoch 10 step 3650]  loss=5.25e-01  l1=5.25e-01  l2=0.00e+00  psnr=15.6  cos=0.6005
[epoch 10 step 3700]  loss=5.05e-01  l1=5.05e-01  l2=0.00e+00  psnr=15.8  cos=0.5840
[epoch 10 step 3750]  loss=5.35e-01  l1=5.35e-01  l2=0.00e+00  psnr=15.6  cos=0.5561
[epoch 10 step 3800]  loss=5.83e-01  l1=5.83e-01  l2=0.00e+00  psnr=14.8  cos=0.5989
[epoch 10 step 3850]  loss=5.01e-01  l1=5.01e-01  l2=0.00e+00  psnr=15.8  cos=0.6237
[epoch 10 step 3900]  loss=5.84e-01  l1=5.84e-01  l2=0.00e+00  psnr=14.9  cos=0.5589
[epoch 10 step 3950]  loss=5.01e-01  l1=5.01e-01  l2=0.00e+00  psnr=15.8  cos=0.6299
[epoch 10 step 4000]  loss=5.56e-01  l1=5.56e-01  l2=0.00e+00  psnr=15.2  cos=0.6049
[epoch 10 step 4050]  loss=5.72e-01  l1=5.72e-01  l2=0.00e+00  psnr=15.1  cos=0.5262
[epoch 10 step 4100]  loss=4.81e-01  l1=4.81e-01  l2=0.00e+00  psnr=15.9  cos=0.6772
[epoch 10 step 4150]  loss=5.50e-01  l1=5.50e-01  l2=0.00e+00  psnr=15.5  cos=0.5462
[epoch 10 step 4200]  loss=5.67e-01  l1=5.67e-01  l2=0.00e+00  psnr=15.3  cos=0.5130
[epoch 10 step 4250]  loss=5.49e-01  l1=5.49e-01  l2=0.00e+00  psnr=15.3  cos=0.5523
[epoch 10 step 4300]  loss=5.63e-01  l1=5.63e-01  l2=0.00e+00  psnr=15.1  cos=0.6078
[epoch 10 step 4350]  loss=5.97e-01  l1=5.97e-01  l2=0.00e+00  psnr=14.6  cos=0.5910
[epoch 10 step 4400]  loss=5.88e-01  l1=5.88e-01  l2=0.00e+00  psnr=14.6  cos=0.5941
[epoch 10 step 4450]  loss=5.23e-01  l1=5.23e-01  l2=0.00e+00  psnr=15.6  cos=0.5791
[epoch 10 step 4500]  loss=5.76e-01  l1=5.76e-01  l2=0.00e+00  psnr=15.2  cos=0.5142
[epoch 10 step 4550]  loss=4.98e-01  l1=4.98e-01  l2=0.00e+00  psnr=15.8  cos=0.6401
[epoch 10 step 4600]  loss=6.91e-01  l1=6.91e-01  l2=0.00e+00  psnr=13.7  cos=0.5089
[epoch 10 step 4650]  loss=6.15e-01  l1=6.15e-01  l2=0.00e+00  psnr=14.3  cos=0.5918
[epoch 10 step 4700]  loss=5.14e-01  l1=5.14e-01  l2=0.00e+00  psnr=15.7  cos=0.6422
[epoch 10 step 4750]  loss=6.82e-01  l1=6.82e-01  l2=0.00e+00  psnr=13.6  cos=0.5238
[epoch 10 step 4800]  loss=5.74e-01  l1=5.74e-01  l2=0.00e+00  psnr=14.7  cos=0.6146
[epoch 10 step 4850]  loss=5.93e-01  l1=5.93e-01  l2=0.00e+00  psnr=15.0  cos=0.5260
[epoch 10 step 4900]  loss=5.16e-01  l1=5.16e-01  l2=0.00e+00  psnr=15.7  cos=0.5976
[epoch 10 step 4950]  loss=5.47e-01  l1=5.47e-01  l2=0.00e+00  psnr=15.4  cos=0.5639
[epoch 10 DONE]  final_loss=5.58e-01  psnr=15.38  cos=0.5639
[checkpoint] /workspace/runs/trial5/checkpoints/epoch_0010.pt
[val epoch 10]  latent_l1=0.5688  latent_l2=0.8150  latent_psnr=26.5635  gap_to_upper_psnr=14.0235  gap_to_upper_ssim_3d=0.2036  image_psnr_3d=16.9162  image_ssim_3d=0.5159
[best] new best latent_psnr=26.5635 (prev=26.4933) -> /workspace/runs/trial5/checkpoints/best.pt
[epoch 11 step 000]  loss=6.03e-01  l1=6.03e-01  l2=0.00e+00  psnr=14.4  cos=0.5951
[epoch 11 step 050]  loss=6.08e-01  l1=6.08e-01  l2=0.00e+00  psnr=14.7  cos=0.5251
[epoch 11 step 100]  loss=5.75e-01  l1=5.75e-01  l2=0.00e+00  psnr=15.1  cos=0.5321
[epoch 11 step 150]  loss=5.04e-01  l1=5.04e-01  l2=0.00e+00  psnr=15.8  cos=0.6490
[epoch 11 step 200]  loss=5.50e-01  l1=5.50e-01  l2=0.00e+00  psnr=15.4  cos=0.5390
[epoch 11 step 250]  loss=5.79e-01  l1=5.79e-01  l2=0.00e+00  psnr=14.8  cos=0.6029
[epoch 11 step 300]  loss=5.92e-01  l1=5.92e-01  l2=0.00e+00  psnr=15.0  cos=0.5000
[epoch 11 step 350]  loss=6.62e-01  l1=6.62e-01  l2=0.00e+00  psnr=13.9  cos=0.5479
[epoch 11 step 400]  loss=5.32e-01  l1=5.32e-01  l2=0.00e+00  psnr=15.1  cos=0.5742
[epoch 11 step 450]  loss=5.99e-01  l1=5.99e-01  l2=0.00e+00  psnr=14.5  cos=0.5818
[epoch 11 step 500]  loss=5.54e-01  l1=5.54e-01  l2=0.00e+00  psnr=15.4  cos=0.5532
[epoch 11 step 550]  loss=5.43e-01  l1=5.43e-01  l2=0.00e+00  psnr=15.5  cos=0.5683
[epoch 11 step 600]  loss=5.65e-01  l1=5.65e-01  l2=0.00e+00  psnr=15.3  cos=0.5313
[epoch 11 step 650]  loss=5.51e-01  l1=5.51e-01  l2=0.00e+00  psnr=15.5  cos=0.5336
[epoch 11 step 700]  loss=5.36e-01  l1=5.36e-01  l2=0.00e+00  psnr=15.4  cos=0.5804
[epoch 11 step 750]  loss=4.18e-01  l1=4.18e-01  l2=0.00e+00  psnr=16.9  cos=0.7166
[epoch 11 step 800]  loss=5.49e-01  l1=5.49e-01  l2=0.00e+00  psnr=15.5  cos=0.5399
[epoch 11 step 850]  loss=5.60e-01  l1=5.60e-01  l2=0.00e+00  psnr=15.3  cos=0.5438
[epoch 11 step 900]  loss=5.40e-01  l1=5.40e-01  l2=0.00e+00  psnr=15.5  cos=0.6233
[epoch 11 step 950]  loss=5.74e-01  l1=5.74e-01  l2=0.00e+00  psnr=15.1  cos=0.5320
[epoch 11 step 1000]  loss=5.57e-01  l1=5.57e-01  l2=0.00e+00  psnr=15.2  cos=0.5437
[epoch 11 step 1050]  loss=5.69e-01  l1=5.69e-01  l2=0.00e+00  psnr=15.3  cos=0.5188
[epoch 11 step 1100]  loss=5.01e-01  l1=5.01e-01  l2=0.00e+00  psnr=15.9  cos=0.6051
[epoch 11 step 1150]  loss=6.72e-01  l1=6.72e-01  l2=0.00e+00  psnr=14.1  cos=0.5224
[epoch 11 step 1200]  loss=5.40e-01  l1=5.40e-01  l2=0.00e+00  psnr=15.2  cos=0.6392
[epoch 11 step 1250]  loss=5.01e-01  l1=5.01e-01  l2=0.00e+00  psnr=16.1  cos=0.5754
[epoch 11 step 1300]  loss=5.92e-01  l1=5.92e-01  l2=0.00e+00  psnr=14.9  cos=0.5415
[epoch 11 step 1350]  loss=5.67e-01  l1=5.67e-01  l2=0.00e+00  psnr=15.2  cos=0.5336
[epoch 11 step 1400]  loss=5.57e-01  l1=5.57e-01  l2=0.00e+00  psnr=15.4  cos=0.5385
[epoch 11 step 1450]  loss=5.95e-01  l1=5.95e-01  l2=0.00e+00  psnr=14.5  cos=0.5885
[epoch 11 step 1500]  loss=5.67e-01  l1=5.67e-01  l2=0.00e+00  psnr=15.2  cos=0.5333
[epoch 11 step 1550]  loss=4.05e-01  l1=4.05e-01  l2=0.00e+00  psnr=16.8  cos=0.7393
[epoch 11 step 1600]  loss=5.86e-01  l1=5.86e-01  l2=0.00e+00  psnr=14.9  cos=0.5762
[epoch 11 step 1650]  loss=4.95e-01  l1=4.95e-01  l2=0.00e+00  psnr=15.8  cos=0.6189
[epoch 11 step 1700]  loss=5.19e-01  l1=5.19e-01  l2=0.00e+00  psnr=15.8  cos=0.6038
[epoch 11 step 1750]  loss=5.53e-01  l1=5.53e-01  l2=0.00e+00  psnr=15.1  cos=0.5686
[epoch 11 step 1800]  loss=5.90e-01  l1=5.90e-01  l2=0.00e+00  psnr=15.1  cos=0.5144
[epoch 11 step 1850]  loss=5.83e-01  l1=5.83e-01  l2=0.00e+00  psnr=14.9  cos=0.5964
[epoch 11 step 1900]  loss=5.93e-01  l1=5.93e-01  l2=0.00e+00  psnr=14.9  cos=0.5306
[epoch 11 step 1950]  loss=4.99e-01  l1=4.99e-01  l2=0.00e+00  psnr=15.9  cos=0.6312
[epoch 11 step 2000]  loss=5.77e-01  l1=5.77e-01  l2=0.00e+00  psnr=15.1  cos=0.5282
[epoch 11 step 2050]  loss=6.86e-01  l1=6.86e-01  l2=0.00e+00  psnr=13.5  cos=0.5399
[epoch 11 step 2100]  loss=5.72e-01  l1=5.72e-01  l2=0.00e+00  psnr=14.7  cos=0.6200
[epoch 11 step 2150]  loss=5.68e-01  l1=5.68e-01  l2=0.00e+00  psnr=15.2  cos=0.5350
[epoch 11 step 2200]  loss=5.21e-01  l1=5.21e-01  l2=0.00e+00  psnr=15.5  cos=0.5918
[epoch 11 step 2250]  loss=5.52e-01  l1=5.52e-01  l2=0.00e+00  psnr=15.0  cos=0.6280
[epoch 11 step 2300]  loss=6.32e-01  l1=6.32e-01  l2=0.00e+00  psnr=14.0  cos=0.5643
[epoch 11 step 2350]  loss=5.09e-01  l1=5.09e-01  l2=0.00e+00  psnr=15.6  cos=0.6023
[epoch 11 step 2400]  loss=5.52e-01  l1=5.52e-01  l2=0.00e+00  psnr=15.3  cos=0.5784
[epoch 11 step 2450]  loss=5.54e-01  l1=5.54e-01  l2=0.00e+00  psnr=15.2  cos=0.5635
[epoch 11 step 2500]  loss=6.04e-01  l1=6.04e-01  l2=0.00e+00  psnr=14.6  cos=0.5803
[epoch 11 step 2550]  loss=6.05e-01  l1=6.05e-01  l2=0.00e+00  psnr=14.8  cos=0.5647
[epoch 11 step 2600]  loss=5.77e-01  l1=5.77e-01  l2=0.00e+00  psnr=15.0  cos=0.5236
[epoch 11 step 2650]  loss=5.45e-01  l1=5.45e-01  l2=0.00e+00  psnr=15.4  cos=0.5617
[epoch 11 step 2700]  loss=5.63e-01  l1=5.63e-01  l2=0.00e+00  psnr=15.3  cos=0.5082
[epoch 11 step 2750]  loss=6.32e-01  l1=6.32e-01  l2=0.00e+00  psnr=14.1  cos=0.5706
[epoch 11 step 2800]  loss=5.48e-01  l1=5.48e-01  l2=0.00e+00  psnr=15.4  cos=0.5649
[epoch 11 step 2850]  loss=5.65e-01  l1=5.65e-01  l2=0.00e+00  psnr=15.2  cos=0.5260
[epoch 11 step 2900]  loss=5.70e-01  l1=5.70e-01  l2=0.00e+00  psnr=15.1  cos=0.5506
[epoch 11 step 2950]  loss=6.10e-01  l1=6.10e-01  l2=0.00e+00  psnr=14.4  cos=0.5844
[epoch 11 step 3000]  loss=5.81e-01  l1=5.81e-01  l2=0.00e+00  psnr=14.5  cos=0.6107
[epoch 11 step 3050]  loss=6.47e-01  l1=6.47e-01  l2=0.00e+00  psnr=14.1  cos=0.5572
[epoch 11 step 3100]  loss=5.69e-01  l1=5.69e-01  l2=0.00e+00  psnr=15.2  cos=0.5537
[epoch 11 step 3150]  loss=5.69e-01  l1=5.69e-01  l2=0.00e+00  psnr=15.1  cos=0.5497
[epoch 11 step 3200]  loss=5.36e-01  l1=5.36e-01  l2=0.00e+00  psnr=15.3  cos=0.5741
[epoch 11 step 3250]  loss=5.34e-01  l1=5.34e-01  l2=0.00e+00  psnr=15.6  cos=0.5681
[epoch 11 step 3300]  loss=5.42e-01  l1=5.42e-01  l2=0.00e+00  psnr=15.2  cos=0.5801
[epoch 11 step 3350]  loss=6.92e-01  l1=6.92e-01  l2=0.00e+00  psnr=13.7  cos=0.5220
[epoch 11 step 3400]  loss=5.18e-01  l1=5.18e-01  l2=0.00e+00  psnr=15.6  cos=0.6024
[epoch 11 step 3450]  loss=5.97e-01  l1=5.97e-01  l2=0.00e+00  psnr=14.4  cos=0.6046
[epoch 11 step 3500]  loss=5.18e-01  l1=5.18e-01  l2=0.00e+00  psnr=15.8  cos=0.5671
[epoch 11 step 3550]  loss=7.12e-01  l1=7.12e-01  l2=0.00e+00  psnr=13.4  cos=0.5210
[epoch 11 step 3600]  loss=5.75e-01  l1=5.75e-01  l2=0.00e+00  psnr=15.2  cos=0.4989
[epoch 11 step 3650]  loss=5.80e-01  l1=5.80e-01  l2=0.00e+00  psnr=15.0  cos=0.5464
[epoch 11 step 3700]  loss=5.28e-01  l1=5.28e-01  l2=0.00e+00  psnr=15.6  cos=0.5783
[epoch 11 step 3750]  loss=5.88e-01  l1=5.88e-01  l2=0.00e+00  psnr=14.6  cos=0.5948
[epoch 11 step 3800]  loss=5.25e-01  l1=5.25e-01  l2=0.00e+00  psnr=15.2  cos=0.6466
[epoch 11 step 3850]  loss=5.48e-01  l1=5.48e-01  l2=0.00e+00  psnr=15.2  cos=0.6126
[epoch 11 step 3900]  loss=5.91e-01  l1=5.91e-01  l2=0.00e+00  psnr=14.6  cos=0.6031
[epoch 11 step 3950]  loss=5.42e-01  l1=5.42e-01  l2=0.00e+00  psnr=15.5  cos=0.5475
[epoch 11 step 4000]  loss=5.78e-01  l1=5.78e-01  l2=0.00e+00  psnr=14.9  cos=0.5975
[epoch 11 step 4050]  loss=5.11e-01  l1=5.11e-01  l2=0.00e+00  psnr=15.9  cos=0.6497
[epoch 11 step 4100]  loss=5.03e-01  l1=5.03e-01  l2=0.00e+00  psnr=15.8  cos=0.6072
[epoch 11 step 4150]  loss=6.40e-01  l1=6.40e-01  l2=0.00e+00  psnr=14.3  cos=0.5478
[epoch 11 step 4200]  loss=6.39e-01  l1=6.39e-01  l2=0.00e+00  psnr=14.2  cos=0.5613
[epoch 11 step 4250]  loss=5.40e-01  l1=5.40e-01  l2=0.00e+00  psnr=15.6  cos=0.5338
[epoch 11 step 4300]  loss=6.67e-01  l1=6.67e-01  l2=0.00e+00  psnr=13.8  cos=0.5280
[epoch 11 step 4350]  loss=5.55e-01  l1=5.55e-01  l2=0.00e+00  psnr=15.3  cos=0.5369
[epoch 11 step 4400]  loss=5.66e-01  l1=5.66e-01  l2=0.00e+00  psnr=15.2  cos=0.5456
[epoch 11 step 4450]  loss=7.11e-01  l1=7.11e-01  l2=0.00e+00  psnr=13.2  cos=0.5302
[epoch 11 step 4500]  loss=5.46e-01  l1=5.46e-01  l2=0.00e+00  psnr=15.4  cos=0.5848
[epoch 11 step 4550]  loss=5.22e-01  l1=5.22e-01  l2=0.00e+00  psnr=15.6  cos=0.5777
[epoch 11 step 4600]  loss=5.83e-01  l1=5.83e-01  l2=0.00e+00  psnr=15.1  cos=0.5215
[epoch 11 step 4650]  loss=5.38e-01  l1=5.38e-01  l2=0.00e+00  psnr=15.7  cos=0.5348
[epoch 11 step 4700]  loss=5.77e-01  l1=5.77e-01  l2=0.00e+00  psnr=15.1  cos=0.5225
[epoch 11 step 4750]  loss=5.56e-01  l1=5.56e-01  l2=0.00e+00  psnr=15.0  cos=0.6307
[epoch 11 step 4800]  loss=4.92e-01  l1=4.92e-01  l2=0.00e+00  psnr=15.9  cos=0.6460
[epoch 11 step 4850]  loss=6.24e-01  l1=6.24e-01  l2=0.00e+00  psnr=14.3  cos=0.5753
[epoch 11 step 4900]  loss=5.59e-01  l1=5.59e-01  l2=0.00e+00  psnr=15.3  cos=0.5444
[epoch 11 step 4950]  loss=5.81e-01  l1=5.81e-01  l2=0.00e+00  psnr=15.0  cos=0.5409
[epoch 11 DONE]  final_loss=5.47e-01  psnr=15.04  cos=0.5409
[checkpoint] /workspace/runs/trial5/checkpoints/epoch_0011.pt
[val epoch 11]  latent_l1=0.5745  latent_l2=0.8191  latent_psnr=26.4603
[epoch 12 step 000]  loss=5.13e-01  l1=5.13e-01  l2=0.00e+00  psnr=15.6  cos=0.6210
[epoch 12 step 050]  loss=5.68e-01  l1=5.68e-01  l2=0.00e+00  psnr=15.2  cos=0.5412
[epoch 12 step 100]  loss=4.63e-01  l1=4.63e-01  l2=0.00e+00  psnr=16.4  cos=0.6859
[epoch 12 step 150]  loss=5.26e-01  l1=5.26e-01  l2=0.00e+00  psnr=15.6  cos=0.6044
[epoch 12 step 200]  loss=6.73e-01  l1=6.73e-01  l2=0.00e+00  psnr=13.5  cos=0.5524
[epoch 12 step 250]  loss=7.04e-01  l1=7.04e-01  l2=0.00e+00  psnr=13.6  cos=0.4847
[epoch 12 step 300]  loss=4.87e-01  l1=4.87e-01  l2=0.00e+00  psnr=15.9  cos=0.6643
[epoch 12 step 350]  loss=5.20e-01  l1=5.20e-01  l2=0.00e+00  psnr=15.6  cos=0.5885
[epoch 12 step 400]  loss=5.52e-01  l1=5.52e-01  l2=0.00e+00  psnr=15.5  cos=0.5959
[epoch 12 step 450]  loss=6.79e-01  l1=6.79e-01  l2=0.00e+00  psnr=13.7  cos=0.5271
[epoch 12 step 500]  loss=5.70e-01  l1=5.70e-01  l2=0.00e+00  psnr=15.1  cos=0.5519
[epoch 12 step 550]  loss=5.78e-01  l1=5.78e-01  l2=0.00e+00  psnr=14.8  cos=0.6085
[epoch 12 step 600]  loss=5.73e-01  l1=5.73e-01  l2=0.00e+00  psnr=15.2  cos=0.5375
[epoch 12 step 650]  loss=6.25e-01  l1=6.25e-01  l2=0.00e+00  psnr=14.3  cos=0.5769
[epoch 12 step 700]  loss=5.80e-01  l1=5.80e-01  l2=0.00e+00  psnr=14.8  cos=0.6004
[epoch 12 step 750]  loss=5.35e-01  l1=5.35e-01  l2=0.00e+00  psnr=15.5  cos=0.5772
[epoch 12 step 800]  loss=6.06e-01  l1=6.06e-01  l2=0.00e+00  psnr=14.7  cos=0.5047
[epoch 12 step 850]  loss=6.34e-01  l1=6.34e-01  l2=0.00e+00  psnr=14.0  cos=0.5614
[epoch 12 step 900]  loss=6.22e-01  l1=6.22e-01  l2=0.00e+00  psnr=14.1  cos=0.5955
[epoch 12 step 950]  loss=5.74e-01  l1=5.74e-01  l2=0.00e+00  psnr=15.2  cos=0.5135
[epoch 12 step 1000]  loss=4.24e-01  l1=4.24e-01  l2=0.00e+00  psnr=16.9  cos=0.7095
[epoch 12 step 1050]  loss=5.57e-01  l1=5.57e-01  l2=0.00e+00  psnr=15.3  cos=0.5315
[epoch 12 step 1100]  loss=5.51e-01  l1=5.51e-01  l2=0.00e+00  psnr=15.3  cos=0.5609
[epoch 12 step 1150]  loss=5.52e-01  l1=5.52e-01  l2=0.00e+00  psnr=15.4  cos=0.5388
[epoch 12 step 1200]  loss=5.16e-01  l1=5.16e-01  l2=0.00e+00  psnr=15.7  cos=0.6019
[epoch 12 step 1250]  loss=5.67e-01  l1=5.67e-01  l2=0.00e+00  psnr=15.1  cos=0.5618
[epoch 12 step 1300]  loss=5.67e-01  l1=5.67e-01  l2=0.00e+00  psnr=15.1  cos=0.5373
[epoch 12 step 1350]  loss=5.60e-01  l1=5.60e-01  l2=0.00e+00  psnr=15.2  cos=0.5615
[epoch 12 step 1400]  loss=5.81e-01  l1=5.81e-01  l2=0.00e+00  psnr=15.0  cos=0.5884
[epoch 12 step 1450]  loss=7.30e-01  l1=7.30e-01  l2=0.00e+00  psnr=13.4  cos=0.4915
[epoch 12 step 1500]  loss=5.77e-01  l1=5.77e-01  l2=0.00e+00  psnr=15.2  cos=0.4872
[epoch 12 step 1550]  loss=5.87e-01  l1=5.87e-01  l2=0.00e+00  psnr=14.7  cos=0.6078
[epoch 12 step 1600]  loss=7.02e-01  l1=7.02e-01  l2=0.00e+00  psnr=13.3  cos=0.4931
[epoch 12 step 1650]  loss=5.74e-01  l1=5.74e-01  l2=0.00e+00  psnr=15.0  cos=0.5434
[epoch 12 step 1700]  loss=5.57e-01  l1=5.57e-01  l2=0.00e+00  psnr=15.2  cos=0.5589
[epoch 12 step 1750]  loss=5.50e-01  l1=5.50e-01  l2=0.00e+00  psnr=15.5  cos=0.5332
[epoch 12 step 1800]  loss=5.39e-01  l1=5.39e-01  l2=0.00e+00  psnr=15.5  cos=0.5523
[epoch 12 step 1850]  loss=7.04e-01  l1=7.04e-01  l2=0.00e+00  psnr=13.6  cos=0.5118
[epoch 12 step 1900]  loss=5.65e-01  l1=5.65e-01  l2=0.00e+00  psnr=15.3  cos=0.5935
[epoch 12 step 1950]  loss=6.65e-01  l1=6.65e-01  l2=0.00e+00  psnr=13.7  cos=0.5398
[epoch 12 step 2000]  loss=6.48e-01  l1=6.48e-01  l2=0.00e+00  psnr=14.2  cos=0.5434
[epoch 12 step 2050]  loss=5.61e-01  l1=5.61e-01  l2=0.00e+00  psnr=15.3  cos=0.5344
[epoch 12 step 2100]  loss=5.68e-01  l1=5.68e-01  l2=0.00e+00  psnr=15.3  cos=0.5162
[epoch 12 step 2150]  loss=5.63e-01  l1=5.63e-01  l2=0.00e+00  psnr=15.2  cos=0.5234
[epoch 12 step 2200]  loss=4.99e-01  l1=4.99e-01  l2=0.00e+00  psnr=15.8  cos=0.6410
[epoch 12 step 2250]  loss=6.37e-01  l1=6.37e-01  l2=0.00e+00  psnr=14.2  cos=0.5737
[epoch 12 step 2300]  loss=5.72e-01  l1=5.72e-01  l2=0.00e+00  psnr=14.9  cos=0.6235
[epoch 12 step 2350]  loss=4.52e-01  l1=4.52e-01  l2=0.00e+00  psnr=16.3  cos=0.6830
[epoch 12 step 2400]  loss=4.97e-01  l1=4.97e-01  l2=0.00e+00  psnr=15.9  cos=0.6170
[epoch 12 step 2450]  loss=5.95e-01  l1=5.95e-01  l2=0.00e+00  psnr=14.7  cos=0.5850
[epoch 12 step 2500]  loss=5.67e-01  l1=5.67e-01  l2=0.00e+00  psnr=15.1  cos=0.5500
[epoch 12 step 2550]  loss=5.25e-01  l1=5.25e-01  l2=0.00e+00  psnr=15.6  cos=0.5813
[epoch 12 step 2600]  loss=6.02e-01  l1=6.02e-01  l2=0.00e+00  psnr=14.8  cos=0.5252
[epoch 12 step 2650]  loss=6.00e-01  l1=6.00e-01  l2=0.00e+00  psnr=14.9  cos=0.4890
[epoch 12 step 2700]  loss=6.15e-01  l1=6.15e-01  l2=0.00e+00  psnr=14.7  cos=0.4989
[epoch 12 step 2750]  loss=5.14e-01  l1=5.14e-01  l2=0.00e+00  psnr=15.8  cos=0.6423
[epoch 12 step 2800]  loss=5.88e-01  l1=5.88e-01  l2=0.00e+00  psnr=14.6  cos=0.5976
[epoch 12 step 2850]  loss=6.11e-01  l1=6.11e-01  l2=0.00e+00  psnr=14.3  cos=0.5817
[epoch 12 step 2900]  loss=5.58e-01  l1=5.58e-01  l2=0.00e+00  psnr=15.3  cos=0.5161
[epoch 12 step 2950]  loss=5.86e-01  l1=5.86e-01  l2=0.00e+00  psnr=15.1  cos=0.5026
[epoch 12 step 3000]  loss=5.58e-01  l1=5.58e-01  l2=0.00e+00  psnr=15.2  cos=0.6143
[epoch 12 step 3050]  loss=5.21e-01  l1=5.21e-01  l2=0.00e+00  psnr=15.7  cos=0.6478
[epoch 12 step 3100]  loss=5.53e-01  l1=5.53e-01  l2=0.00e+00  psnr=14.9  cos=0.6262
[epoch 12 step 3150]  loss=5.59e-01  l1=5.59e-01  l2=0.00e+00  psnr=15.4  cos=0.5308
[epoch 12 step 3200]  loss=5.78e-01  l1=5.78e-01  l2=0.00e+00  psnr=14.7  cos=0.5432
[epoch 12 step 3250]  loss=5.95e-01  l1=5.95e-01  l2=0.00e+00  psnr=15.0  cos=0.5314
[epoch 12 step 3300]  loss=5.50e-01  l1=5.50e-01  l2=0.00e+00  psnr=15.3  cos=0.5681
[epoch 12 step 3350]  loss=5.14e-01  l1=5.14e-01  l2=0.00e+00  psnr=15.8  cos=0.5802
[epoch 12 step 3400]  loss=5.67e-01  l1=5.67e-01  l2=0.00e+00  psnr=15.1  cos=0.5764
[epoch 12 step 3450]  loss=4.73e-01  l1=4.73e-01  l2=0.00e+00  psnr=16.2  cos=0.6402
[epoch 12 step 3500]  loss=6.97e-01  l1=6.97e-01  l2=0.00e+00  psnr=13.4  cos=0.5050
[epoch 12 step 3550]  loss=5.83e-01  l1=5.83e-01  l2=0.00e+00  psnr=15.1  cos=0.5171
[epoch 12 step 3600]  loss=6.82e-01  l1=6.82e-01  l2=0.00e+00  psnr=13.7  cos=0.5437
[epoch 12 step 3650]  loss=6.03e-01  l1=6.03e-01  l2=0.00e+00  psnr=14.8  cos=0.5664
[epoch 12 step 3700]  loss=5.27e-01  l1=5.27e-01  l2=0.00e+00  psnr=15.5  cos=0.5905
[epoch 12 step 3750]  loss=5.71e-01  l1=5.71e-01  l2=0.00e+00  psnr=15.2  cos=0.5247
[epoch 12 step 3800]  loss=5.64e-01  l1=5.64e-01  l2=0.00e+00  psnr=15.3  cos=0.5341
[epoch 12 step 3850]  loss=5.93e-01  l1=5.93e-01  l2=0.00e+00  psnr=14.9  cos=0.5380
[epoch 12 step 3900]  loss=5.47e-01  l1=5.47e-01  l2=0.00e+00  psnr=15.3  cos=0.5515
[epoch 12 step 3950]  loss=5.61e-01  l1=5.61e-01  l2=0.00e+00  psnr=15.2  cos=0.5643
[epoch 12 step 4000]  loss=5.54e-01  l1=5.54e-01  l2=0.00e+00  psnr=15.3  cos=0.5550
[epoch 12 step 4050]  loss=6.19e-01  l1=6.19e-01  l2=0.00e+00  psnr=14.3  cos=0.5863
[epoch 12 step 4100]  loss=6.55e-01  l1=6.55e-01  l2=0.00e+00  psnr=13.8  cos=0.5148
[epoch 12 step 4150]  loss=4.92e-01  l1=4.92e-01  l2=0.00e+00  psnr=15.9  cos=0.6501
[epoch 12 step 4200]  loss=5.91e-01  l1=5.91e-01  l2=0.00e+00  psnr=15.0  cos=0.5275
[epoch 12 step 4250]  loss=5.80e-01  l1=5.80e-01  l2=0.00e+00  psnr=14.8  cos=0.6002
[epoch 12 step 4300]  loss=5.49e-01  l1=5.49e-01  l2=0.00e+00  psnr=15.4  cos=0.5600
[epoch 12 step 4350]  loss=6.00e-01  l1=6.00e-01  l2=0.00e+00  psnr=14.2  cos=0.5949
[epoch 12 step 4400]  loss=7.25e-01  l1=7.25e-01  l2=0.00e+00  psnr=13.2  cos=0.5022
[epoch 12 step 4450]  loss=6.13e-01  l1=6.13e-01  l2=0.00e+00  psnr=14.4  cos=0.5788
[epoch 12 step 4500]  loss=5.52e-01  l1=5.52e-01  l2=0.00e+00  psnr=15.5  cos=0.5383
[epoch 12 step 4550]  loss=5.61e-01  l1=5.61e-01  l2=0.00e+00  psnr=15.3  cos=0.5279
[epoch 12 step 4600]  loss=6.14e-01  l1=6.14e-01  l2=0.00e+00  psnr=14.7  cos=0.5019
[epoch 12 step 4650]  loss=7.23e-01  l1=7.23e-01  l2=0.00e+00  psnr=13.4  cos=0.4928
[epoch 12 step 4700]  loss=5.35e-01  l1=5.35e-01  l2=0.00e+00  psnr=15.6  cos=0.5431
[epoch 12 step 4750]  loss=6.73e-01  l1=6.73e-01  l2=0.00e+00  psnr=13.5  cos=0.5370
[epoch 12 step 4800]  loss=5.04e-01  l1=5.04e-01  l2=0.00e+00  psnr=15.7  cos=0.6313
[epoch 12 step 4850]  loss=5.72e-01  l1=5.72e-01  l2=0.00e+00  psnr=15.1  cos=0.5380
[epoch 12 step 4900]  loss=6.07e-01  l1=6.07e-01  l2=0.00e+00  psnr=14.3  cos=0.5931
[epoch 12 step 4950]  loss=5.46e-01  l1=5.46e-01  l2=0.00e+00  psnr=15.5  cos=0.5451
[epoch 12 DONE]  final_loss=6.00e-01  psnr=15.55  cos=0.5451
[checkpoint] /workspace/runs/trial5/checkpoints/epoch_0012.pt
[val epoch 12]  latent_l1=0.5734  latent_l2=0.8179  latent_psnr=26.4726
[epoch 13 step 000]  loss=5.23e-01  l1=5.23e-01  l2=0.00e+00  psnr=15.8  cos=0.6039
[epoch 13 step 050]  loss=6.05e-01  l1=6.05e-01  l2=0.00e+00  psnr=14.4  cos=0.5811
[epoch 13 step 100]  loss=6.99e-01  l1=6.99e-01  l2=0.00e+00  psnr=13.5  cos=0.5186
[epoch 13 step 150]  loss=5.15e-01  l1=5.15e-01  l2=0.00e+00  psnr=15.6  cos=0.6070
[epoch 13 step 200]  loss=6.08e-01  l1=6.08e-01  l2=0.00e+00  psnr=14.4  cos=0.5829
[epoch 13 step 250]  loss=6.43e-01  l1=6.43e-01  l2=0.00e+00  psnr=14.0  cos=0.5762
[epoch 13 step 300]  loss=6.85e-01  l1=6.85e-01  l2=0.00e+00  psnr=13.6  cos=0.5162
[epoch 13 step 350]  loss=6.76e-01  l1=6.76e-01  l2=0.00e+00  psnr=13.8  cos=0.5274
[epoch 13 step 400]  loss=5.57e-01  l1=5.57e-01  l2=0.00e+00  psnr=15.3  cos=0.5604
[epoch 13 step 450]  loss=5.55e-01  l1=5.55e-01  l2=0.00e+00  psnr=15.1  cos=0.6169
[epoch 13 step 500]  loss=6.09e-01  l1=6.09e-01  l2=0.00e+00  psnr=14.7  cos=0.5207
[epoch 13 step 550]  loss=6.40e-01  l1=6.40e-01  l2=0.00e+00  psnr=13.8  cos=0.5717
[epoch 13 step 600]  loss=5.51e-01  l1=5.51e-01  l2=0.00e+00  psnr=15.4  cos=0.5503
[epoch 13 step 650]  loss=5.18e-01  l1=5.18e-01  l2=0.00e+00  psnr=15.7  cos=0.5864
[epoch 13 step 700]  loss=5.42e-01  l1=5.42e-01  l2=0.00e+00  psnr=15.5  cos=0.5462
[epoch 13 step 750]  loss=6.32e-01  l1=6.32e-01  l2=0.00e+00  psnr=14.2  cos=0.5688
[epoch 13 step 800]  loss=5.15e-01  l1=5.15e-01  l2=0.00e+00  psnr=15.6  cos=0.6152
[epoch 13 step 850]  loss=5.39e-01  l1=5.39e-01  l2=0.00e+00  psnr=15.7  cos=0.5684
[epoch 13 step 900]  loss=5.71e-01  l1=5.71e-01  l2=0.00e+00  psnr=15.2  cos=0.5281
[epoch 13 step 950]  loss=6.09e-01  l1=6.09e-01  l2=0.00e+00  psnr=14.3  cos=0.6021
[epoch 13 step 1000]  loss=6.61e-01  l1=6.61e-01  l2=0.00e+00  psnr=13.8  cos=0.5438
[epoch 13 step 1050]  loss=6.63e-01  l1=6.63e-01  l2=0.00e+00  psnr=14.0  cos=0.5296
[epoch 13 step 1100]  loss=5.65e-01  l1=5.65e-01  l2=0.00e+00  psnr=15.3  cos=0.5411
[epoch 13 step 1150]  loss=5.81e-01  l1=5.81e-01  l2=0.00e+00  psnr=15.1  cos=0.5027
[epoch 13 step 1200]  loss=5.86e-01  l1=5.86e-01  l2=0.00e+00  psnr=15.0  cos=0.5151
[epoch 13 step 1250]  loss=5.61e-01  l1=5.61e-01  l2=0.00e+00  psnr=15.4  cos=0.5204
[epoch 13 step 1300]  loss=5.79e-01  l1=5.79e-01  l2=0.00e+00  psnr=15.0  cos=0.6000
[epoch 13 step 1350]  loss=4.92e-01  l1=4.92e-01  l2=0.00e+00  psnr=16.2  cos=0.6032
[epoch 13 step 1400]  loss=5.78e-01  l1=5.78e-01  l2=0.00e+00  psnr=14.9  cos=0.5656
[epoch 13 step 1450]  loss=5.88e-01  l1=5.88e-01  l2=0.00e+00  psnr=15.1  cos=0.5553
[epoch 13 step 1500]  loss=5.25e-01  l1=5.25e-01  l2=0.00e+00  psnr=15.7  cos=0.5748
[epoch 13 step 1550]  loss=6.81e-01  l1=6.81e-01  l2=0.00e+00  psnr=13.7  cos=0.5435
[epoch 13 step 1600]  loss=5.57e-01  l1=5.57e-01  l2=0.00e+00  psnr=15.1  cos=0.5578
[epoch 13 step 1650]  loss=4.93e-01  l1=4.93e-01  l2=0.00e+00  psnr=16.1  cos=0.6611
[epoch 13 step 1700]  loss=4.79e-01  l1=4.79e-01  l2=0.00e+00  psnr=16.2  cos=0.6664
[epoch 13 step 1750]  loss=5.09e-01  l1=5.09e-01  l2=0.00e+00  psnr=15.8  cos=0.5992
[epoch 13 step 1800]  loss=6.24e-01  l1=6.24e-01  l2=0.00e+00  psnr=14.6  cos=0.5169
[epoch 13 step 1850]  loss=5.80e-01  l1=5.80e-01  l2=0.00e+00  psnr=15.1  cos=0.5148
[epoch 13 step 1900]  loss=5.33e-01  l1=5.33e-01  l2=0.00e+00  psnr=15.6  cos=0.5765
[epoch 13 step 1950]  loss=5.41e-01  l1=5.41e-01  l2=0.00e+00  psnr=15.4  cos=0.5672
[epoch 13 step 2000]  loss=5.63e-01  l1=5.63e-01  l2=0.00e+00  psnr=14.9  cos=0.6213
[epoch 13 step 2050]  loss=5.91e-01  l1=5.91e-01  l2=0.00e+00  psnr=14.9  cos=0.5398
[epoch 13 step 2100]  loss=5.83e-01  l1=5.83e-01  l2=0.00e+00  psnr=14.8  cos=0.5911
[epoch 13 step 2150]  loss=6.36e-01  l1=6.36e-01  l2=0.00e+00  psnr=14.0  cos=0.5640
[epoch 13 step 2200]  loss=5.74e-01  l1=5.74e-01  l2=0.00e+00  psnr=15.2  cos=0.5082
[epoch 13 step 2250]  loss=4.37e-01  l1=4.37e-01  l2=0.00e+00  psnr=16.7  cos=0.7167
[epoch 13 step 2300]  loss=5.43e-01  l1=5.43e-01  l2=0.00e+00  psnr=14.9  cos=0.6483
[epoch 13 step 2350]  loss=6.82e-01  l1=6.82e-01  l2=0.00e+00  psnr=13.7  cos=0.5220
[epoch 13 step 2400]  loss=6.27e-01  l1=6.27e-01  l2=0.00e+00  psnr=14.1  cos=0.5683
[epoch 13 step 2450]  loss=6.41e-01  l1=6.41e-01  l2=0.00e+00  psnr=13.9  cos=0.5706
[epoch 13 step 2500]  loss=5.19e-01  l1=5.19e-01  l2=0.00e+00  psnr=15.7  cos=0.5695
[epoch 13 step 2550]  loss=5.59e-01  l1=5.59e-01  l2=0.00e+00  psnr=15.5  cos=0.5153
[epoch 13 step 2600]  loss=5.29e-01  l1=5.29e-01  l2=0.00e+00  psnr=15.6  cos=0.5530
[epoch 13 step 2650]  loss=4.82e-01  l1=4.82e-01  l2=0.00e+00  psnr=16.2  cos=0.6671
[epoch 13 step 2700]  loss=6.11e-01  l1=6.11e-01  l2=0.00e+00  psnr=14.5  cos=0.5725
[epoch 13 step 2750]  loss=5.40e-01  l1=5.40e-01  l2=0.00e+00  psnr=15.5  cos=0.5783
[epoch 13 step 2800]  loss=6.03e-01  l1=6.03e-01  l2=0.00e+00  psnr=14.5  cos=0.5746
[epoch 13 step 2850]  loss=5.17e-01  l1=5.17e-01  l2=0.00e+00  psnr=15.7  cos=0.5613
[epoch 13 step 2900]  loss=5.82e-01  l1=5.82e-01  l2=0.00e+00  psnr=14.9  cos=0.5871
[epoch 13 step 2950]  loss=5.75e-01  l1=5.75e-01  l2=0.00e+00  psnr=15.1  cos=0.5232
[epoch 13 step 3000]  loss=5.28e-01  l1=5.28e-01  l2=0.00e+00  psnr=15.5  cos=0.5949
[epoch 13 step 3050]  loss=6.65e-01  l1=6.65e-01  l2=0.00e+00  psnr=13.8  cos=0.5460
[epoch 13 step 3100]  loss=6.84e-01  l1=6.84e-01  l2=0.00e+00  psnr=13.7  cos=0.5242
[epoch 13 step 3150]  loss=6.46e-01  l1=6.46e-01  l2=0.00e+00  psnr=14.2  cos=0.5516
[epoch 13 step 3200]  loss=5.51e-01  l1=5.51e-01  l2=0.00e+00  psnr=15.3  cos=0.5650
[epoch 13 step 3250]  loss=5.23e-01  l1=5.23e-01  l2=0.00e+00  psnr=15.7  cos=0.5791
[epoch 13 step 3300]  loss=5.16e-01  l1=5.16e-01  l2=0.00e+00  psnr=15.7  cos=0.5810
W0514 10:47:35.550000 2450718 site-packages/torch/distributed/elastic/agent/server/api.py:719] Received 15 death signal, shutting down workers
W0514 10:47:35.551000 2450718 site-packages/torch/distributed/elastic/multiprocessing/api.py:900] Sending process 2450802 closing signal SIGTERM
Traceback (most recent call last):
  File "/opt/conda/bin/torchrun", line 8, in <module>
    sys.exit(main())
             ^^^^^^
  File "/opt/conda/lib/python3.11/site-packages/torch/distributed/elastic/multiprocessing/errors/__init__.py", line 355, in wrapper
    return f(*args, **kwargs)
           ^^^^^^^^^^^^^^^^^^
  File "/opt/conda/lib/python3.11/site-packages/torch/distributed/run.py", line 892, in main
    run(args)
  File "/opt/conda/lib/python3.11/site-packages/torch/distributed/run.py", line 883, in run
    elastic_launch(
  File "/opt/conda/lib/python3.11/site-packages/torch/distributed/launcher/api.py", line 139, in __call__
    return launch_agent(self._config, self._entrypoint, list(args))
           ^^^^^^^^^^^^^^^^^^^^^^^^^^^^^^^^^^^^^^^^^^^^^^^^^^^^^^^^
  File "/opt/conda/lib/python3.11/site-packages/torch/distributed/launcher/api.py", line 261, in launch_agent
    result = agent.run()
             ^^^^^^^^^^^
  File "/opt/conda/lib/python3.11/site-packages/torch/distributed/elastic/metrics/api.py", line 138, in wrapper
    result = f(*args, **kwargs)
             ^^^^^^^^^^^^^^^^^^
  File "/opt/conda/lib/python3.11/site-packages/torch/distributed/elastic/agent/server/api.py", line 711, in run
    result = self._invoke_run(role)
             ^^^^^^^^^^^^^^^^^^^^^^
  File "/opt/conda/lib/python3.11/site-packages/torch/distributed/elastic/agent/server/api.py", line 870, in _invoke_run
    time.sleep(monitor_interval)
  File "/opt/conda/lib/python3.11/site-packages/torch/distributed/elastic/multiprocessing/api.py", line 84, in _terminate_process_handler
    raise SignalException(f"Process {os.getpid()} got signal: {sigval}", sigval=sigval)
torch.distributed.elastic.multiprocessing.api.SignalException: Process 2450718 got signal: 15
