[run_tier] 2 job(s) planned:
  [1] tier1/ours                CUDA_VISIBLE_DEVICES=0 python scripts/train.py --config-name=trial_toy
  [2] tier1/baseline            CUDA_VISIBLE_DEVICES=0 python scripts/train.py --config-name=trial_toy_baseline

[run_tier] -> START  tier1/ours: CUDA_VISIBLE_DEVICES=0 python scripts/train.py --config-name=trial_toy
[resume] starting fresh (no snapshot to resume from)
wandb: [wandb.login()] Loaded credentials for https://api.wandb.ai from /root/.netrc.
wandb: Currently logged in as: jasonna24 (jasonna24-) to https://api.wandb.ai. Use `wandb login --relogin` to force relogin
wandb: setting up run shucjhx5
wandb: Tracking run with wandb version 0.26.1
wandb: Run data is saved locally in /workspace/wandb/run-20260517_164908-shucjhx5
wandb: Run `wandb offline` to turn off syncing.
wandb: Syncing run trial_toy
wandb: ⭐️ View project at https://wandb.ai/jasonna24-/triplane-ae
wandb: 🚀 View run at https://wandb.ai/jasonna24-/triplane-ae/runs/shucjhx5
[train] latent data_range (p99-p1) = 4.7764
/opt/conda/lib/python3.11/site-packages/torch/nn/modules/transformer.py:382: UserWarning: enable_nested_tensor is True, but self.use_nested_tensor is False because encoder_layer.norm_first was True
  warnings.warn(
[train] exp=trial_toy  model=TriplaneAE  device=cuda
[train] batches=625  batch_size=8  epochs=50
[train] wall-clock cap: 60.0 min
[epoch 1 step 000]  loss=8.45e-01  l1=8.45e-01  l2=0.00e+00  psnr=12.9  cos=-0.0227
[epoch 1 step 025]  loss=7.35e-01  l1=7.35e-01  l2=0.00e+00  psnr=13.9  cos=0.2138
[epoch 1 step 050]  loss=7.11e-01  l1=7.11e-01  l2=0.00e+00  psnr=13.9  cos=0.3501
[epoch 1 step 075]  loss=6.72e-01  l1=6.72e-01  l2=0.00e+00  psnr=14.4  cos=0.3676
[epoch 1 step 100]  loss=6.89e-01  l1=6.89e-01  l2=0.00e+00  psnr=14.1  cos=0.4025
[epoch 1 step 125]  loss=6.81e-01  l1=6.81e-01  l2=0.00e+00  psnr=14.2  cos=0.4002
[epoch 1 step 150]  loss=6.65e-01  l1=6.65e-01  l2=0.00e+00  psnr=14.2  cos=0.4474
[epoch 1 step 175]  loss=6.38e-01  l1=6.38e-01  l2=0.00e+00  psnr=14.7  cos=0.4378
[epoch 1 step 200]  loss=6.17e-01  l1=6.17e-01  l2=0.00e+00  psnr=14.9  cos=0.4627
[epoch 1 step 225]  loss=6.41e-01  l1=6.41e-01  l2=0.00e+00  psnr=14.5  cos=0.4585
[epoch 1 step 250]  loss=6.36e-01  l1=6.36e-01  l2=0.00e+00  psnr=14.6  cos=0.4655
[epoch 1 step 275]  loss=6.10e-01  l1=6.10e-01  l2=0.00e+00  psnr=14.9  cos=0.4867
[epoch 1 step 300]  loss=6.05e-01  l1=6.05e-01  l2=0.00e+00  psnr=14.9  cos=0.4929
[epoch 1 step 325]  loss=5.72e-01  l1=5.72e-01  l2=0.00e+00  psnr=15.3  cos=0.5192
[epoch 1 step 350]  loss=6.19e-01  l1=6.19e-01  l2=0.00e+00  psnr=14.8  cos=0.4893
[epoch 1 step 375]  loss=6.20e-01  l1=6.20e-01  l2=0.00e+00  psnr=14.9  cos=0.4655
[epoch 1 step 400]  loss=6.08e-01  l1=6.08e-01  l2=0.00e+00  psnr=14.8  cos=0.5225
[epoch 1 step 425]  loss=6.21e-01  l1=6.21e-01  l2=0.00e+00  psnr=14.6  cos=0.4989
[epoch 1 step 450]  loss=5.82e-01  l1=5.82e-01  l2=0.00e+00  psnr=15.2  cos=0.5267
[epoch 1 step 475]  loss=6.06e-01  l1=6.06e-01  l2=0.00e+00  psnr=14.9  cos=0.5079
[epoch 1 step 500]  loss=5.97e-01  l1=5.97e-01  l2=0.00e+00  psnr=15.1  cos=0.5072
[epoch 1 step 525]  loss=5.94e-01  l1=5.94e-01  l2=0.00e+00  psnr=15.1  cos=0.5035
[epoch 1 step 550]  loss=5.89e-01  l1=5.89e-01  l2=0.00e+00  psnr=15.2  cos=0.5199
[epoch 1 step 575]  loss=5.92e-01  l1=5.92e-01  l2=0.00e+00  psnr=15.0  cos=0.5244
[epoch 1 step 600]  loss=5.89e-01  l1=5.89e-01  l2=0.00e+00  psnr=15.0  cos=0.5299
[epoch 1 DONE]  final_loss=5.91e-01  psnr=14.97  cos=0.5299
[checkpoint] /workspace/runs/trial_toy/checkpoints/epoch_0001.pt
[val epoch 1]  latent_l1=0.5926  latent_l2=0.8485  latent_psnr=24.8768
[best] new best latent_psnr=24.8768 (prev=n/a) -> /workspace/runs/trial_toy/checkpoints/best.pt
[epoch 2 step 000]  loss=5.85e-01  l1=5.85e-01  l2=0.00e+00  psnr=15.1  cos=0.5248
[epoch 2 step 025]  loss=6.12e-01  l1=6.12e-01  l2=0.00e+00  psnr=14.8  cos=0.5237
[epoch 2 step 050]  loss=5.80e-01  l1=5.80e-01  l2=0.00e+00  psnr=15.2  cos=0.5282
[epoch 2 step 075]  loss=5.79e-01  l1=5.79e-01  l2=0.00e+00  psnr=15.1  cos=0.5423
[epoch 2 step 100]  loss=5.81e-01  l1=5.81e-01  l2=0.00e+00  psnr=15.2  cos=0.5239
[epoch 2 step 125]  loss=5.94e-01  l1=5.94e-01  l2=0.00e+00  psnr=14.9  cos=0.5498
[epoch 2 step 150]  loss=5.60e-01  l1=5.60e-01  l2=0.00e+00  psnr=15.4  cos=0.5506
[epoch 2 step 175]  loss=5.85e-01  l1=5.85e-01  l2=0.00e+00  psnr=15.1  cos=0.5462
[epoch 2 step 200]  loss=6.22e-01  l1=6.22e-01  l2=0.00e+00  psnr=14.6  cos=0.5061
[epoch 2 step 225]  loss=5.59e-01  l1=5.59e-01  l2=0.00e+00  psnr=15.4  cos=0.5621
[epoch 2 step 250]  loss=5.87e-01  l1=5.87e-01  l2=0.00e+00  psnr=15.0  cos=0.5348
[epoch 2 step 275]  loss=5.70e-01  l1=5.70e-01  l2=0.00e+00  psnr=15.3  cos=0.5546
[epoch 2 step 300]  loss=5.84e-01  l1=5.84e-01  l2=0.00e+00  psnr=15.1  cos=0.5396
[epoch 2 step 325]  loss=5.71e-01  l1=5.71e-01  l2=0.00e+00  psnr=15.4  cos=0.5474
[epoch 2 step 350]  loss=5.83e-01  l1=5.83e-01  l2=0.00e+00  psnr=15.2  cos=0.5371
[epoch 2 step 375]  loss=5.91e-01  l1=5.91e-01  l2=0.00e+00  psnr=14.8  cos=0.5555
[epoch 2 step 400]  loss=5.75e-01  l1=5.75e-01  l2=0.00e+00  psnr=15.2  cos=0.5471
[epoch 2 step 425]  loss=5.98e-01  l1=5.98e-01  l2=0.00e+00  psnr=14.9  cos=0.5452
[epoch 2 step 450]  loss=5.82e-01  l1=5.82e-01  l2=0.00e+00  psnr=15.2  cos=0.5396
[epoch 2 step 475]  loss=5.46e-01  l1=5.46e-01  l2=0.00e+00  psnr=15.5  cos=0.5631
[epoch 2 step 500]  loss=5.78e-01  l1=5.78e-01  l2=0.00e+00  psnr=15.2  cos=0.5284
[epoch 2 step 525]  loss=5.60e-01  l1=5.60e-01  l2=0.00e+00  psnr=15.5  cos=0.5489
[epoch 2 step 550]  loss=5.67e-01  l1=5.67e-01  l2=0.00e+00  psnr=15.3  cos=0.5537
[epoch 2 step 575]  loss=5.77e-01  l1=5.77e-01  l2=0.00e+00  psnr=15.3  cos=0.5493
[epoch 2 step 600]  loss=5.45e-01  l1=5.45e-01  l2=0.00e+00  psnr=15.8  cos=0.5702
[epoch 2 DONE]  final_loss=5.96e-01  psnr=15.76  cos=0.5702
[checkpoint] /workspace/runs/trial_toy/checkpoints/epoch_0002.pt
[val epoch 2]  latent_l1=0.5712  latent_l2=0.8283  latent_psnr=25.0867
[best] new best latent_psnr=25.0867 (prev=24.8768) -> /workspace/runs/trial_toy/checkpoints/best.pt
[epoch 3 step 000]  loss=5.93e-01  l1=5.93e-01  l2=0.00e+00  psnr=15.0  cos=0.5350
[epoch 3 step 025]  loss=5.84e-01  l1=5.84e-01  l2=0.00e+00  psnr=15.3  cos=0.5293
[epoch 3 step 050]  loss=5.64e-01  l1=5.64e-01  l2=0.00e+00  psnr=15.4  cos=0.5575
[epoch 3 step 075]  loss=5.45e-01  l1=5.45e-01  l2=0.00e+00  psnr=15.6  cos=0.5771
[epoch 3 step 100]  loss=5.68e-01  l1=5.68e-01  l2=0.00e+00  psnr=15.4  cos=0.5513
[epoch 3 step 125]  loss=5.91e-01  l1=5.91e-01  l2=0.00e+00  psnr=14.9  cos=0.5480
[epoch 3 step 150]  loss=5.92e-01  l1=5.92e-01  l2=0.00e+00  psnr=15.0  cos=0.5496
[epoch 3 step 175]  loss=5.71e-01  l1=5.71e-01  l2=0.00e+00  psnr=15.3  cos=0.5686
[epoch 3 step 200]  loss=5.86e-01  l1=5.86e-01  l2=0.00e+00  psnr=15.1  cos=0.5445
[epoch 3 step 225]  loss=5.63e-01  l1=5.63e-01  l2=0.00e+00  psnr=15.4  cos=0.5688
[epoch 3 step 250]  loss=5.85e-01  l1=5.85e-01  l2=0.00e+00  psnr=15.1  cos=0.5483
[epoch 3 step 275]  loss=5.70e-01  l1=5.70e-01  l2=0.00e+00  psnr=15.4  cos=0.5480
[epoch 3 step 300]  loss=5.78e-01  l1=5.78e-01  l2=0.00e+00  psnr=15.1  cos=0.5624
[epoch 3 step 325]  loss=5.54e-01  l1=5.54e-01  l2=0.00e+00  psnr=15.5  cos=0.5797
[epoch 3 step 350]  loss=5.57e-01  l1=5.57e-01  l2=0.00e+00  psnr=15.4  cos=0.5767
[epoch 3 step 375]  loss=5.80e-01  l1=5.80e-01  l2=0.00e+00  psnr=15.0  cos=0.5712
[epoch 3 step 400]  loss=5.73e-01  l1=5.73e-01  l2=0.00e+00  psnr=15.3  cos=0.5501
[epoch 3 step 425]  loss=5.72e-01  l1=5.72e-01  l2=0.00e+00  psnr=15.2  cos=0.5687
[epoch 3 step 450]  loss=5.54e-01  l1=5.54e-01  l2=0.00e+00  psnr=15.7  cos=0.5583
[epoch 3 step 475]  loss=5.51e-01  l1=5.51e-01  l2=0.00e+00  psnr=15.6  cos=0.5713
[epoch 3 step 500]  loss=5.48e-01  l1=5.48e-01  l2=0.00e+00  psnr=15.5  cos=0.5720
[epoch 3 step 525]  loss=5.48e-01  l1=5.48e-01  l2=0.00e+00  psnr=15.5  cos=0.5903
[epoch 3 step 550]  loss=5.44e-01  l1=5.44e-01  l2=0.00e+00  psnr=15.6  cos=0.5834
[epoch 3 step 575]  loss=5.60e-01  l1=5.60e-01  l2=0.00e+00  psnr=15.3  cos=0.5734
[epoch 3 step 600]  loss=5.66e-01  l1=5.66e-01  l2=0.00e+00  psnr=15.2  cos=0.5731
[epoch 3 DONE]  final_loss=5.67e-01  psnr=15.19  cos=0.5731
[checkpoint] /workspace/runs/trial_toy/checkpoints/epoch_0003.pt
[val epoch 3]  latent_l1=0.5609  latent_l2=0.8178  latent_psnr=25.1971
[best] new best latent_psnr=25.1971 (prev=25.0867) -> /workspace/runs/trial_toy/checkpoints/best.pt
[epoch 4 step 000]  loss=5.79e-01  l1=5.79e-01  l2=0.00e+00  psnr=15.0  cos=0.5652
[epoch 4 step 025]  loss=5.67e-01  l1=5.67e-01  l2=0.00e+00  psnr=15.3  cos=0.5646
[epoch 4 step 050]  loss=5.75e-01  l1=5.75e-01  l2=0.00e+00  psnr=15.2  cos=0.5599
[epoch 4 step 075]  loss=5.56e-01  l1=5.56e-01  l2=0.00e+00  psnr=15.6  cos=0.5624
[epoch 4 step 100]  loss=5.58e-01  l1=5.58e-01  l2=0.00e+00  psnr=15.4  cos=0.5816
[epoch 4 step 125]  loss=5.66e-01  l1=5.66e-01  l2=0.00e+00  psnr=15.4  cos=0.5679
[epoch 4 step 150]  loss=5.63e-01  l1=5.63e-01  l2=0.00e+00  psnr=15.5  cos=0.5529
[epoch 4 step 175]  loss=5.54e-01  l1=5.54e-01  l2=0.00e+00  psnr=15.4  cos=0.5916
[epoch 4 step 200]  loss=5.35e-01  l1=5.35e-01  l2=0.00e+00  psnr=15.8  cos=0.5901
[epoch 4 step 225]  loss=5.31e-01  l1=5.31e-01  l2=0.00e+00  psnr=15.8  cos=0.5881
[epoch 4 step 250]  loss=5.65e-01  l1=5.65e-01  l2=0.00e+00  psnr=15.4  cos=0.5752
[epoch 4 step 275]  loss=5.63e-01  l1=5.63e-01  l2=0.00e+00  psnr=15.4  cos=0.5646
[epoch 4 step 300]  loss=5.51e-01  l1=5.51e-01  l2=0.00e+00  psnr=15.6  cos=0.5821
[epoch 4 step 325]  loss=5.63e-01  l1=5.63e-01  l2=0.00e+00  psnr=15.3  cos=0.5728
[epoch 4 step 350]  loss=5.60e-01  l1=5.60e-01  l2=0.00e+00  psnr=15.4  cos=0.5749
[epoch 4 step 375]  loss=5.59e-01  l1=5.59e-01  l2=0.00e+00  psnr=15.5  cos=0.5656
[epoch 4 step 400]  loss=5.54e-01  l1=5.54e-01  l2=0.00e+00  psnr=15.6  cos=0.5676
[epoch 4 step 425]  loss=5.63e-01  l1=5.63e-01  l2=0.00e+00  psnr=15.5  cos=0.5597
[epoch 4 step 450]  loss=5.54e-01  l1=5.54e-01  l2=0.00e+00  psnr=15.6  cos=0.5728
[epoch 4 step 475]  loss=5.65e-01  l1=5.65e-01  l2=0.00e+00  psnr=15.4  cos=0.5722
[epoch 4 step 500]  loss=5.51e-01  l1=5.51e-01  l2=0.00e+00  psnr=15.5  cos=0.5853
[epoch 4 step 525]  loss=5.59e-01  l1=5.59e-01  l2=0.00e+00  psnr=15.1  cos=0.5913
[epoch 4 step 550]  loss=5.53e-01  l1=5.53e-01  l2=0.00e+00  psnr=15.5  cos=0.5780
[epoch 4 step 575]  loss=5.47e-01  l1=5.47e-01  l2=0.00e+00  psnr=15.4  cos=0.5983
[epoch 4 step 600]  loss=5.61e-01  l1=5.61e-01  l2=0.00e+00  psnr=15.4  cos=0.5733
[epoch 4 DONE]  final_loss=5.97e-01  psnr=15.35  cos=0.5733
[checkpoint] /workspace/runs/trial_toy/checkpoints/epoch_0004.pt
[val epoch 4]  latent_l1=0.5547  latent_l2=0.8118  latent_psnr=25.2622
[best] new best latent_psnr=25.2622 (prev=25.1971) -> /workspace/runs/trial_toy/checkpoints/best.pt
[epoch 5 step 000]  loss=5.45e-01  l1=5.45e-01  l2=0.00e+00  psnr=15.6  cos=0.5931
[epoch 5 step 025]  loss=5.45e-01  l1=5.45e-01  l2=0.00e+00  psnr=15.5  cos=0.5803
[epoch 5 step 050]  loss=5.55e-01  l1=5.55e-01  l2=0.00e+00  psnr=15.2  cos=0.6009
[epoch 5 step 075]  loss=5.60e-01  l1=5.60e-01  l2=0.00e+00  psnr=15.4  cos=0.5726
[epoch 5 step 100]  loss=5.38e-01  l1=5.38e-01  l2=0.00e+00  psnr=15.6  cos=0.6024
[epoch 5 step 125]  loss=5.70e-01  l1=5.70e-01  l2=0.00e+00  psnr=15.3  cos=0.5603
[epoch 5 step 150]  loss=5.53e-01  l1=5.53e-01  l2=0.00e+00  psnr=15.5  cos=0.5716
[epoch 5 step 175]  loss=5.45e-01  l1=5.45e-01  l2=0.00e+00  psnr=15.6  cos=0.5865
[epoch 5 step 200]  loss=5.50e-01  l1=5.50e-01  l2=0.00e+00  psnr=15.5  cos=0.5796
[epoch 5 step 225]  loss=5.68e-01  l1=5.68e-01  l2=0.00e+00  psnr=15.3  cos=0.5689
[epoch 5 step 250]  loss=5.69e-01  l1=5.69e-01  l2=0.00e+00  psnr=15.2  cos=0.5821
[epoch 5 step 275]  loss=5.66e-01  l1=5.66e-01  l2=0.00e+00  psnr=15.2  cos=0.5718
[epoch 5 step 300]  loss=5.63e-01  l1=5.63e-01  l2=0.00e+00  psnr=15.2  cos=0.5857
[epoch 5 step 325]  loss=5.50e-01  l1=5.50e-01  l2=0.00e+00  psnr=15.6  cos=0.5736
[epoch 5 step 350]  loss=5.64e-01  l1=5.64e-01  l2=0.00e+00  psnr=15.3  cos=0.5758
[epoch 5 step 375]  loss=5.63e-01  l1=5.63e-01  l2=0.00e+00  psnr=15.3  cos=0.5766
[epoch 5 step 400]  loss=5.67e-01  l1=5.67e-01  l2=0.00e+00  psnr=15.3  cos=0.5557
[epoch 5 step 425]  loss=5.64e-01  l1=5.64e-01  l2=0.00e+00  psnr=15.3  cos=0.5763
[epoch 5 step 450]  loss=5.52e-01  l1=5.52e-01  l2=0.00e+00  psnr=15.4  cos=0.5864
[epoch 5 step 475]  loss=5.58e-01  l1=5.58e-01  l2=0.00e+00  psnr=15.3  cos=0.5835
[epoch 5 step 500]  loss=5.50e-01  l1=5.50e-01  l2=0.00e+00  psnr=15.5  cos=0.5765
[epoch 5 step 525]  loss=5.31e-01  l1=5.31e-01  l2=0.00e+00  psnr=15.7  cos=0.5973
[epoch 5 step 550]  loss=5.36e-01  l1=5.36e-01  l2=0.00e+00  psnr=15.6  cos=0.5977
[epoch 5 step 575]  loss=5.54e-01  l1=5.54e-01  l2=0.00e+00  psnr=15.4  cos=0.5820
[epoch 5 step 600]  loss=5.80e-01  l1=5.80e-01  l2=0.00e+00  psnr=15.1  cos=0.5621
[epoch 5 DONE]  final_loss=5.78e-01  psnr=15.14  cos=0.5621
[checkpoint] /workspace/runs/trial_toy/checkpoints/epoch_0005.pt
[val epoch 5]  latent_l1=0.5506  latent_l2=0.8078  latent_psnr=25.3052
[best] new best latent_psnr=25.3052 (prev=25.2622) -> /workspace/runs/trial_toy/checkpoints/best.pt
[epoch 6 step 000]  loss=5.47e-01  l1=5.47e-01  l2=0.00e+00  psnr=15.7  cos=0.5760
[epoch 6 step 025]  loss=5.36e-01  l1=5.36e-01  l2=0.00e+00  psnr=15.6  cos=0.6085
[epoch 6 step 050]  loss=5.61e-01  l1=5.61e-01  l2=0.00e+00  psnr=15.4  cos=0.5920
[epoch 6 step 075]  loss=5.20e-01  l1=5.20e-01  l2=0.00e+00  psnr=15.8  cos=0.6122
[epoch 6 step 100]  loss=5.51e-01  l1=5.51e-01  l2=0.00e+00  psnr=15.4  cos=0.5858
[epoch 6 step 125]  loss=5.76e-01  l1=5.76e-01  l2=0.00e+00  psnr=15.1  cos=0.5709
[epoch 6 step 150]  loss=5.65e-01  l1=5.65e-01  l2=0.00e+00  psnr=15.2  cos=0.5918
[epoch 6 step 175]  loss=5.47e-01  l1=5.47e-01  l2=0.00e+00  psnr=15.6  cos=0.5821
[epoch 6 step 200]  loss=5.42e-01  l1=5.42e-01  l2=0.00e+00  psnr=15.6  cos=0.5865
[epoch 6 step 225]  loss=5.80e-01  l1=5.80e-01  l2=0.00e+00  psnr=15.2  cos=0.5541
[epoch 6 step 250]  loss=5.65e-01  l1=5.65e-01  l2=0.00e+00  psnr=15.4  cos=0.5720
[epoch 6 step 275]  loss=5.47e-01  l1=5.47e-01  l2=0.00e+00  psnr=15.6  cos=0.5902
[epoch 6 step 300]  loss=5.31e-01  l1=5.31e-01  l2=0.00e+00  psnr=15.6  cos=0.6039
[epoch 6 step 325]  loss=5.47e-01  l1=5.47e-01  l2=0.00e+00  psnr=15.4  cos=0.5995
[epoch 6 step 350]  loss=5.45e-01  l1=5.45e-01  l2=0.00e+00  psnr=15.7  cos=0.5819
[epoch 6 step 375]  loss=5.40e-01  l1=5.40e-01  l2=0.00e+00  psnr=15.7  cos=0.5868
[epoch 6 step 400]  loss=5.43e-01  l1=5.43e-01  l2=0.00e+00  psnr=15.6  cos=0.5814
[epoch 6 step 425]  loss=5.67e-01  l1=5.67e-01  l2=0.00e+00  psnr=15.1  cos=0.5822
[epoch 6 step 450]  loss=5.63e-01  l1=5.63e-01  l2=0.00e+00  psnr=15.3  cos=0.5791
[epoch 6 step 475]  loss=5.54e-01  l1=5.54e-01  l2=0.00e+00  psnr=15.6  cos=0.5830
[epoch 6 step 500]  loss=5.59e-01  l1=5.59e-01  l2=0.00e+00  psnr=15.5  cos=0.5786
[epoch 6 step 525]  loss=5.25e-01  l1=5.25e-01  l2=0.00e+00  psnr=15.8  cos=0.5986
[epoch 6 step 550]  loss=5.38e-01  l1=5.38e-01  l2=0.00e+00  psnr=15.6  cos=0.5940
[epoch 6 step 575]  loss=5.51e-01  l1=5.51e-01  l2=0.00e+00  psnr=15.6  cos=0.5788
[epoch 6 step 600]  loss=5.52e-01  l1=5.52e-01  l2=0.00e+00  psnr=15.4  cos=0.5895
[epoch 6 DONE]  final_loss=5.48e-01  psnr=15.37  cos=0.5895
[checkpoint] /workspace/runs/trial_toy/checkpoints/epoch_0006.pt
[val epoch 6]  latent_l1=0.5477  latent_l2=0.8045  latent_psnr=25.3400
[best] new best latent_psnr=25.3400 (prev=25.3052) -> /workspace/runs/trial_toy/checkpoints/best.pt
[epoch 7 step 000]  loss=5.43e-01  l1=5.43e-01  l2=0.00e+00  psnr=15.4  cos=0.6021
[epoch 7 step 025]  loss=5.61e-01  l1=5.61e-01  l2=0.00e+00  psnr=15.4  cos=0.5752
[epoch 7 step 050]  loss=5.48e-01  l1=5.48e-01  l2=0.00e+00  psnr=15.4  cos=0.5969
[epoch 7 step 075]  loss=5.30e-01  l1=5.30e-01  l2=0.00e+00  psnr=15.7  cos=0.6083
[epoch 7 step 100]  loss=5.57e-01  l1=5.57e-01  l2=0.00e+00  psnr=15.5  cos=0.5810
[epoch 7 step 125]  loss=5.57e-01  l1=5.57e-01  l2=0.00e+00  psnr=15.5  cos=0.5754
[epoch 7 step 150]  loss=5.54e-01  l1=5.54e-01  l2=0.00e+00  psnr=15.4  cos=0.5806
[epoch 7 step 175]  loss=5.35e-01  l1=5.35e-01  l2=0.00e+00  psnr=15.7  cos=0.6101
[epoch 7 step 200]  loss=5.44e-01  l1=5.44e-01  l2=0.00e+00  psnr=15.5  cos=0.5888
[epoch 7 step 225]  loss=5.44e-01  l1=5.44e-01  l2=0.00e+00  psnr=15.5  cos=0.6020
[epoch 7 step 250]  loss=5.39e-01  l1=5.39e-01  l2=0.00e+00  psnr=15.5  cos=0.6011
[epoch 7 step 275]  loss=5.58e-01  l1=5.58e-01  l2=0.00e+00  psnr=15.4  cos=0.5798
[epoch 7 step 300]  loss=5.62e-01  l1=5.62e-01  l2=0.00e+00  psnr=15.2  cos=0.5871
[epoch 7 step 325]  loss=5.41e-01  l1=5.41e-01  l2=0.00e+00  psnr=15.5  cos=0.5954
[epoch 7 step 350]  loss=5.25e-01  l1=5.25e-01  l2=0.00e+00  psnr=15.6  cos=0.6170
[epoch 7 step 375]  loss=5.57e-01  l1=5.57e-01  l2=0.00e+00  psnr=15.5  cos=0.5833
[epoch 7 step 400]  loss=5.58e-01  l1=5.58e-01  l2=0.00e+00  psnr=15.4  cos=0.5783
[epoch 7 step 425]  loss=5.49e-01  l1=5.49e-01  l2=0.00e+00  psnr=15.4  cos=0.5983
[epoch 7 step 450]  loss=5.37e-01  l1=5.37e-01  l2=0.00e+00  psnr=15.7  cos=0.5941
[epoch 7 step 475]  loss=5.51e-01  l1=5.51e-01  l2=0.00e+00  psnr=15.5  cos=0.5893
[epoch 7 step 500]  loss=5.67e-01  l1=5.67e-01  l2=0.00e+00  psnr=15.2  cos=0.5844
[epoch 7 step 525]  loss=5.31e-01  l1=5.31e-01  l2=0.00e+00  psnr=15.7  cos=0.6100
[epoch 7 step 550]  loss=5.37e-01  l1=5.37e-01  l2=0.00e+00  psnr=15.7  cos=0.5959
[epoch 7 step 575]  loss=5.61e-01  l1=5.61e-01  l2=0.00e+00  psnr=15.4  cos=0.5744
[epoch 7 step 600]  loss=5.50e-01  l1=5.50e-01  l2=0.00e+00  psnr=15.7  cos=0.5805
[epoch 7 DONE]  final_loss=5.31e-01  psnr=15.68  cos=0.5805
[checkpoint] /workspace/runs/trial_toy/checkpoints/epoch_0007.pt
[val epoch 7]  latent_l1=0.5454  latent_l2=0.8020  latent_psnr=25.3678
[best] new best latent_psnr=25.3678 (prev=25.3400) -> /workspace/runs/trial_toy/checkpoints/best.pt
[epoch 8 step 000]  loss=5.34e-01  l1=5.34e-01  l2=0.00e+00  psnr=15.7  cos=0.6036
[epoch 8 step 025]  loss=5.54e-01  l1=5.54e-01  l2=0.00e+00  psnr=15.4  cos=0.5932
[epoch 8 step 050]  loss=5.43e-01  l1=5.43e-01  l2=0.00e+00  psnr=15.5  cos=0.6014
[epoch 8 step 075]  loss=5.52e-01  l1=5.52e-01  l2=0.00e+00  psnr=15.5  cos=0.5779
[epoch 8 step 100]  loss=5.26e-01  l1=5.26e-01  l2=0.00e+00  psnr=15.9  cos=0.6116
[epoch 8 step 125]  loss=5.27e-01  l1=5.27e-01  l2=0.00e+00  psnr=15.9  cos=0.6041
[epoch 8 step 150]  loss=5.54e-01  l1=5.54e-01  l2=0.00e+00  psnr=15.5  cos=0.5846
[epoch 8 step 175]  loss=5.40e-01  l1=5.40e-01  l2=0.00e+00  psnr=15.5  cos=0.5947
[epoch 8 step 200]  loss=5.60e-01  l1=5.60e-01  l2=0.00e+00  psnr=15.4  cos=0.5838
[epoch 8 step 225]  loss=5.57e-01  l1=5.57e-01  l2=0.00e+00  psnr=15.3  cos=0.5864
[epoch 8 step 250]  loss=5.50e-01  l1=5.50e-01  l2=0.00e+00  psnr=15.5  cos=0.5802
[epoch 8 step 275]  loss=5.54e-01  l1=5.54e-01  l2=0.00e+00  psnr=15.3  cos=0.5984
[epoch 8 step 300]  loss=5.64e-01  l1=5.64e-01  l2=0.00e+00  psnr=15.3  cos=0.5713
[epoch 8 step 325]  loss=5.45e-01  l1=5.45e-01  l2=0.00e+00  psnr=15.6  cos=0.5990
[epoch 8 step 350]  loss=5.73e-01  l1=5.73e-01  l2=0.00e+00  psnr=15.1  cos=0.5792
[epoch 8 step 375]  loss=5.49e-01  l1=5.49e-01  l2=0.00e+00  psnr=15.5  cos=0.5923
[epoch 8 step 400]  loss=5.58e-01  l1=5.58e-01  l2=0.00e+00  psnr=15.4  cos=0.5964
[epoch 8 step 425]  loss=5.60e-01  l1=5.60e-01  l2=0.00e+00  psnr=15.3  cos=0.5889
[epoch 8 step 450]  loss=5.37e-01  l1=5.37e-01  l2=0.00e+00  psnr=15.5  cos=0.5996
[epoch 8 step 475]  loss=5.68e-01  l1=5.68e-01  l2=0.00e+00  psnr=15.2  cos=0.5816
[epoch 8 step 500]  loss=5.42e-01  l1=5.42e-01  l2=0.00e+00  psnr=15.7  cos=0.5864
[epoch 8 step 525]  loss=5.52e-01  l1=5.52e-01  l2=0.00e+00  psnr=15.4  cos=0.5866
[epoch 8 step 550]  loss=5.56e-01  l1=5.56e-01  l2=0.00e+00  psnr=15.3  cos=0.5883
[epoch 8 step 575]  loss=5.33e-01  l1=5.33e-01  l2=0.00e+00  psnr=15.5  cos=0.6158
[epoch 8 step 600]  loss=5.41e-01  l1=5.41e-01  l2=0.00e+00  psnr=15.5  cos=0.6074
[epoch 8 DONE]  final_loss=5.33e-01  psnr=15.53  cos=0.6074
[checkpoint] /workspace/runs/trial_toy/checkpoints/epoch_0008.pt
[val epoch 8]  latent_l1=0.5434  latent_l2=0.8006  latent_psnr=25.3824
[best] new best latent_psnr=25.3824 (prev=25.3678) -> /workspace/runs/trial_toy/checkpoints/best.pt
[epoch 9 step 000]  loss=5.20e-01  l1=5.20e-01  l2=0.00e+00  psnr=15.9  cos=0.6034
[epoch 9 step 025]  loss=5.50e-01  l1=5.50e-01  l2=0.00e+00  psnr=15.5  cos=0.5903
[epoch 9 step 050]  loss=5.19e-01  l1=5.19e-01  l2=0.00e+00  psnr=15.8  cos=0.6296
[epoch 9 step 075]  loss=5.32e-01  l1=5.32e-01  l2=0.00e+00  psnr=15.5  cos=0.6069
[epoch 9 step 100]  loss=5.16e-01  l1=5.16e-01  l2=0.00e+00  psnr=15.8  cos=0.6259
[epoch 9 step 125]  loss=5.46e-01  l1=5.46e-01  l2=0.00e+00  psnr=15.6  cos=0.5868
[epoch 9 step 150]  loss=5.51e-01  l1=5.51e-01  l2=0.00e+00  psnr=15.5  cos=0.5874
[epoch 9 step 175]  loss=5.31e-01  l1=5.31e-01  l2=0.00e+00  psnr=15.7  cos=0.6077
[epoch 9 step 200]  loss=5.40e-01  l1=5.40e-01  l2=0.00e+00  psnr=15.5  cos=0.6008
[epoch 9 step 225]  loss=5.40e-01  l1=5.40e-01  l2=0.00e+00  psnr=15.6  cos=0.5978
[epoch 9 step 250]  loss=5.37e-01  l1=5.37e-01  l2=0.00e+00  psnr=15.8  cos=0.5897
[epoch 9 step 275]  loss=5.40e-01  l1=5.40e-01  l2=0.00e+00  psnr=15.7  cos=0.5971
[epoch 9 step 300]  loss=5.45e-01  l1=5.45e-01  l2=0.00e+00  psnr=15.6  cos=0.5899
[epoch 9 step 325]  loss=5.22e-01  l1=5.22e-01  l2=0.00e+00  psnr=16.0  cos=0.6093
[epoch 9 step 350]  loss=5.58e-01  l1=5.58e-01  l2=0.00e+00  psnr=15.3  cos=0.5893
[epoch 9 step 375]  loss=5.63e-01  l1=5.63e-01  l2=0.00e+00  psnr=15.2  cos=0.5968
[epoch 9 step 400]  loss=5.43e-01  l1=5.43e-01  l2=0.00e+00  psnr=15.5  cos=0.5953
[epoch 9 step 425]  loss=5.51e-01  l1=5.51e-01  l2=0.00e+00  psnr=15.5  cos=0.5931
[epoch 9 step 450]  loss=5.19e-01  l1=5.19e-01  l2=0.00e+00  psnr=15.7  cos=0.6330
[epoch 9 step 475]  loss=5.33e-01  l1=5.33e-01  l2=0.00e+00  psnr=15.8  cos=0.5873
[epoch 9 step 500]  loss=5.52e-01  l1=5.52e-01  l2=0.00e+00  psnr=15.6  cos=0.5856
[epoch 9 step 525]  loss=5.65e-01  l1=5.65e-01  l2=0.00e+00  psnr=15.2  cos=0.5732
[epoch 9 step 550]  loss=5.56e-01  l1=5.56e-01  l2=0.00e+00  psnr=15.4  cos=0.5739
[epoch 9 step 575]  loss=5.28e-01  l1=5.28e-01  l2=0.00e+00  psnr=15.9  cos=0.5984
[epoch 9 step 600]  loss=5.48e-01  l1=5.48e-01  l2=0.00e+00  psnr=15.5  cos=0.5937
[epoch 9 DONE]  final_loss=5.47e-01  psnr=15.51  cos=0.5937
[checkpoint] /workspace/runs/trial_toy/checkpoints/epoch_0009.pt
[val epoch 9]  latent_l1=0.5416  latent_l2=0.7987  latent_psnr=25.4040
[best] new best latent_psnr=25.4040 (prev=25.3824) -> /workspace/runs/trial_toy/checkpoints/best.pt
[epoch 10 step 000]  loss=5.47e-01  l1=5.47e-01  l2=0.00e+00  psnr=15.5  cos=0.5966
[epoch 10 step 025]  loss=5.40e-01  l1=5.40e-01  l2=0.00e+00  psnr=15.7  cos=0.6014
[epoch 10 step 050]  loss=5.30e-01  l1=5.30e-01  l2=0.00e+00  psnr=15.9  cos=0.5898
[epoch 10 step 075]  loss=5.48e-01  l1=5.48e-01  l2=0.00e+00  psnr=15.4  cos=0.6072
[epoch 10 step 100]  loss=5.57e-01  l1=5.57e-01  l2=0.00e+00  psnr=15.3  cos=0.5865
[epoch 10 step 125]  loss=5.29e-01  l1=5.29e-01  l2=0.00e+00  psnr=15.7  cos=0.6139
[epoch 10 step 150]  loss=5.48e-01  l1=5.48e-01  l2=0.00e+00  psnr=15.5  cos=0.5884
[epoch 10 step 175]  loss=5.44e-01  l1=5.44e-01  l2=0.00e+00  psnr=15.5  cos=0.6032
[epoch 10 step 200]  loss=5.38e-01  l1=5.38e-01  l2=0.00e+00  psnr=15.7  cos=0.5975
[epoch 10 step 225]  loss=5.18e-01  l1=5.18e-01  l2=0.00e+00  psnr=16.0  cos=0.6121
[epoch 10 step 250]  loss=5.39e-01  l1=5.39e-01  l2=0.00e+00  psnr=15.8  cos=0.5918
[epoch 10 step 275]  loss=5.39e-01  l1=5.39e-01  l2=0.00e+00  psnr=15.6  cos=0.6077
[epoch 10 step 300]  loss=5.39e-01  l1=5.39e-01  l2=0.00e+00  psnr=15.7  cos=0.6001
[epoch 10 step 325]  loss=5.48e-01  l1=5.48e-01  l2=0.00e+00  psnr=15.5  cos=0.5958
[epoch 10 step 350]  loss=5.52e-01  l1=5.52e-01  l2=0.00e+00  psnr=15.4  cos=0.5965
[epoch 10 step 375]  loss=5.21e-01  l1=5.21e-01  l2=0.00e+00  psnr=15.9  cos=0.6137
[epoch 10 step 400]  loss=5.48e-01  l1=5.48e-01  l2=0.00e+00  psnr=15.6  cos=0.5899
[epoch 10 step 425]  loss=5.46e-01  l1=5.46e-01  l2=0.00e+00  psnr=15.5  cos=0.5969
[epoch 10 step 450]  loss=5.53e-01  l1=5.53e-01  l2=0.00e+00  psnr=15.4  cos=0.5918
[epoch 10 step 475]  loss=5.46e-01  l1=5.46e-01  l2=0.00e+00  psnr=15.7  cos=0.5839
[epoch 10 step 500]  loss=5.27e-01  l1=5.27e-01  l2=0.00e+00  psnr=15.8  cos=0.6058
[epoch 10 step 525]  loss=5.52e-01  l1=5.52e-01  l2=0.00e+00  psnr=15.5  cos=0.5929
[epoch 10 step 550]  loss=5.62e-01  l1=5.62e-01  l2=0.00e+00  psnr=15.3  cos=0.5859
[epoch 10 step 575]  loss=5.44e-01  l1=5.44e-01  l2=0.00e+00  psnr=15.7  cos=0.5765
[epoch 10 step 600]  loss=5.37e-01  l1=5.37e-01  l2=0.00e+00  psnr=15.6  cos=0.6029
[epoch 10 DONE]  final_loss=5.37e-01  psnr=15.61  cos=0.6029
[checkpoint] /workspace/runs/trial_toy/checkpoints/epoch_0010.pt
[val epoch 10]  latent_l1=0.5400  latent_l2=0.7968  latent_psnr=25.4245
[best] new best latent_psnr=25.4245 (prev=25.4040) -> /workspace/runs/trial_toy/checkpoints/best.pt
[epoch 11 step 000]  loss=5.67e-01  l1=5.67e-01  l2=0.00e+00  psnr=15.2  cos=0.5909
[epoch 11 step 025]  loss=5.44e-01  l1=5.44e-01  l2=0.00e+00  psnr=15.4  cos=0.6041
[epoch 11 step 050]  loss=5.50e-01  l1=5.50e-01  l2=0.00e+00  psnr=15.4  cos=0.5989
[epoch 11 step 075]  loss=5.38e-01  l1=5.38e-01  l2=0.00e+00  psnr=15.6  cos=0.6026
[epoch 11 step 100]  loss=5.40e-01  l1=5.40e-01  l2=0.00e+00  psnr=15.8  cos=0.5890
[epoch 11 step 125]  loss=5.61e-01  l1=5.61e-01  l2=0.00e+00  psnr=15.3  cos=0.5912
[epoch 11 step 150]  loss=5.54e-01  l1=5.54e-01  l2=0.00e+00  psnr=15.4  cos=0.6060
[epoch 11 step 175]  loss=5.32e-01  l1=5.32e-01  l2=0.00e+00  psnr=15.6  cos=0.6018
[epoch 11 step 200]  loss=5.33e-01  l1=5.33e-01  l2=0.00e+00  psnr=15.7  cos=0.6084
[epoch 11 step 225]  loss=5.26e-01  l1=5.26e-01  l2=0.00e+00  psnr=15.7  cos=0.6172
[epoch 11 step 250]  loss=5.53e-01  l1=5.53e-01  l2=0.00e+00  psnr=15.4  cos=0.6055
[epoch 11 step 275]  loss=5.42e-01  l1=5.42e-01  l2=0.00e+00  psnr=15.7  cos=0.6030
[epoch 11 step 300]  loss=5.35e-01  l1=5.35e-01  l2=0.00e+00  psnr=15.7  cos=0.6150
[epoch 11 step 325]  loss=5.16e-01  l1=5.16e-01  l2=0.00e+00  psnr=15.8  cos=0.6185
[epoch 11 step 350]  loss=5.28e-01  l1=5.28e-01  l2=0.00e+00  psnr=15.7  cos=0.6150
[epoch 11 step 375]  loss=5.26e-01  l1=5.26e-01  l2=0.00e+00  psnr=15.7  cos=0.6095
[epoch 11 step 400]  loss=5.52e-01  l1=5.52e-01  l2=0.00e+00  psnr=15.5  cos=0.5921
[epoch 11 step 425]  loss=5.37e-01  l1=5.37e-01  l2=0.00e+00  psnr=15.8  cos=0.5954
[epoch 11 step 450]  loss=4.95e-01  l1=4.95e-01  l2=0.00e+00  psnr=16.0  cos=0.6566
[epoch 11 step 475]  loss=5.28e-01  l1=5.28e-01  l2=0.00e+00  psnr=15.7  cos=0.6119
[epoch 11 step 500]  loss=5.47e-01  l1=5.47e-01  l2=0.00e+00  psnr=15.5  cos=0.5934
[epoch 11 step 525]  loss=5.39e-01  l1=5.39e-01  l2=0.00e+00  psnr=15.5  cos=0.5963
[epoch 11 step 550]  loss=5.37e-01  l1=5.37e-01  l2=0.00e+00  psnr=15.5  cos=0.6061
[epoch 11 step 575]  loss=5.50e-01  l1=5.50e-01  l2=0.00e+00  psnr=15.6  cos=0.5898
[epoch 11 step 600]  loss=5.59e-01  l1=5.59e-01  l2=0.00e+00  psnr=15.3  cos=0.5935
[epoch 11 DONE]  final_loss=5.51e-01  psnr=15.35  cos=0.5935
[checkpoint] /workspace/runs/trial_toy/checkpoints/epoch_0011.pt
[val epoch 11]  latent_l1=0.5389  latent_l2=0.7953  latent_psnr=25.4411
[best] new best latent_psnr=25.4411 (prev=25.4245) -> /workspace/runs/trial_toy/checkpoints/best.pt
[epoch 12 step 000]  loss=5.39e-01  l1=5.39e-01  l2=0.00e+00  psnr=15.6  cos=0.6034
[epoch 12 step 025]  loss=5.45e-01  l1=5.45e-01  l2=0.00e+00  psnr=15.6  cos=0.5795
[epoch 12 step 050]  loss=5.46e-01  l1=5.46e-01  l2=0.00e+00  psnr=15.5  cos=0.5968
[epoch 12 step 075]  loss=5.47e-01  l1=5.47e-01  l2=0.00e+00  psnr=15.5  cos=0.5979
[epoch 12 step 100]  loss=5.62e-01  l1=5.62e-01  l2=0.00e+00  psnr=15.3  cos=0.5907
[epoch 12 step 125]  loss=5.37e-01  l1=5.37e-01  l2=0.00e+00  psnr=15.6  cos=0.6045
[epoch 12 step 150]  loss=5.36e-01  l1=5.36e-01  l2=0.00e+00  psnr=15.6  cos=0.6061
[epoch 12 step 175]  loss=5.38e-01  l1=5.38e-01  l2=0.00e+00  psnr=15.6  cos=0.5928
[epoch 12 step 200]  loss=5.51e-01  l1=5.51e-01  l2=0.00e+00  psnr=15.4  cos=0.6001
[epoch 12 step 225]  loss=5.49e-01  l1=5.49e-01  l2=0.00e+00  psnr=15.4  cos=0.6065
[epoch 12 step 250]  loss=5.35e-01  l1=5.35e-01  l2=0.00e+00  psnr=15.7  cos=0.6012
[epoch 12 step 275]  loss=5.36e-01  l1=5.36e-01  l2=0.00e+00  psnr=15.7  cos=0.6000
[epoch 12 step 300]  loss=5.53e-01  l1=5.53e-01  l2=0.00e+00  psnr=15.4  cos=0.5997
[epoch 12 step 325]  loss=5.38e-01  l1=5.38e-01  l2=0.00e+00  psnr=15.7  cos=0.5999
[epoch 12 step 350]  loss=5.46e-01  l1=5.46e-01  l2=0.00e+00  psnr=15.5  cos=0.5938
[epoch 12 step 375]  loss=5.60e-01  l1=5.60e-01  l2=0.00e+00  psnr=15.3  cos=0.5845
[epoch 12 step 400]  loss=5.56e-01  l1=5.56e-01  l2=0.00e+00  psnr=15.4  cos=0.5879
[epoch 12 step 425]  loss=5.29e-01  l1=5.29e-01  l2=0.00e+00  psnr=15.6  cos=0.6254
[epoch 12 step 450]  loss=5.45e-01  l1=5.45e-01  l2=0.00e+00  psnr=15.6  cos=0.5871
[epoch 12 step 475]  loss=5.25e-01  l1=5.25e-01  l2=0.00e+00  psnr=15.9  cos=0.6112
[epoch 12 step 500]  loss=5.33e-01  l1=5.33e-01  l2=0.00e+00  psnr=15.7  cos=0.6042
[epoch 12 step 525]  loss=5.32e-01  l1=5.32e-01  l2=0.00e+00  psnr=15.7  cos=0.5993
[epoch 12 step 550]  loss=5.33e-01  l1=5.33e-01  l2=0.00e+00  psnr=15.8  cos=0.6040
[epoch 12 step 575]  loss=5.33e-01  l1=5.33e-01  l2=0.00e+00  psnr=15.4  cos=0.6173
[epoch 12 step 600]  loss=5.52e-01  l1=5.52e-01  l2=0.00e+00  psnr=15.5  cos=0.5960
[epoch 12 DONE]  final_loss=5.42e-01  psnr=15.45  cos=0.5960
[checkpoint] /workspace/runs/trial_toy/checkpoints/epoch_0012.pt
[val epoch 12]  latent_l1=0.5377  latent_l2=0.7945  latent_psnr=25.4500
[best] new best latent_psnr=25.4500 (prev=25.4411) -> /workspace/runs/trial_toy/checkpoints/best.pt
[epoch 13 step 000]  loss=5.54e-01  l1=5.54e-01  l2=0.00e+00  psnr=15.4  cos=0.5875
[epoch 13 step 025]  loss=5.37e-01  l1=5.37e-01  l2=0.00e+00  psnr=15.8  cos=0.5942
[epoch 13 step 050]  loss=5.23e-01  l1=5.23e-01  l2=0.00e+00  psnr=15.9  cos=0.6078
[epoch 13 step 075]  loss=5.28e-01  l1=5.28e-01  l2=0.00e+00  psnr=15.8  cos=0.6140
[epoch 13 step 100]  loss=5.60e-01  l1=5.60e-01  l2=0.00e+00  psnr=15.3  cos=0.5860
[epoch 13 step 125]  loss=5.51e-01  l1=5.51e-01  l2=0.00e+00  psnr=15.5  cos=0.5852
[epoch 13 step 150]  loss=5.22e-01  l1=5.22e-01  l2=0.00e+00  psnr=15.9  cos=0.6136
[epoch 13 step 175]  loss=5.24e-01  l1=5.24e-01  l2=0.00e+00  psnr=15.8  cos=0.6126
[epoch 13 step 200]  loss=5.73e-01  l1=5.73e-01  l2=0.00e+00  psnr=15.2  cos=0.5655
[epoch 13 step 225]  loss=5.50e-01  l1=5.50e-01  l2=0.00e+00  psnr=15.5  cos=0.5983
[epoch 13 step 250]  loss=5.27e-01  l1=5.27e-01  l2=0.00e+00  psnr=15.8  cos=0.6074
[epoch 13 step 275]  loss=5.02e-01  l1=5.02e-01  l2=0.00e+00  psnr=16.1  cos=0.6242
[epoch 13 step 300]  loss=5.53e-01  l1=5.53e-01  l2=0.00e+00  psnr=15.5  cos=0.5871
[epoch 13 step 325]  loss=5.51e-01  l1=5.51e-01  l2=0.00e+00  psnr=15.4  cos=0.6041
[epoch 13 step 350]  loss=5.44e-01  l1=5.44e-01  l2=0.00e+00  psnr=15.7  cos=0.5883
[epoch 13 step 375]  loss=5.34e-01  l1=5.34e-01  l2=0.00e+00  psnr=15.7  cos=0.6067
[epoch 13 step 400]  loss=5.50e-01  l1=5.50e-01  l2=0.00e+00  psnr=15.5  cos=0.6078
[epoch 13 step 425]  loss=5.29e-01  l1=5.29e-01  l2=0.00e+00  psnr=15.8  cos=0.6105
[epoch 13 step 450]  loss=5.32e-01  l1=5.32e-01  l2=0.00e+00  psnr=15.7  cos=0.6123
[epoch 13 step 475]  loss=5.41e-01  l1=5.41e-01  l2=0.00e+00  psnr=15.5  cos=0.6107
[epoch 13 step 500]  loss=5.53e-01  l1=5.53e-01  l2=0.00e+00  psnr=15.4  cos=0.5974
[epoch 13 step 525]  loss=5.34e-01  l1=5.34e-01  l2=0.00e+00  psnr=15.7  cos=0.6068
[epoch 13 step 550]  loss=5.47e-01  l1=5.47e-01  l2=0.00e+00  psnr=15.5  cos=0.6021
[epoch 13 step 575]  loss=5.28e-01  l1=5.28e-01  l2=0.00e+00  psnr=15.8  cos=0.6052
[epoch 13 step 600]  loss=5.50e-01  l1=5.50e-01  l2=0.00e+00  psnr=15.3  cos=0.6105
[epoch 13 DONE]  final_loss=5.42e-01  psnr=15.35  cos=0.6105
[checkpoint] /workspace/runs/trial_toy/checkpoints/epoch_0013.pt
[val epoch 13]  latent_l1=0.5369  latent_l2=0.7931  latent_psnr=25.4646
[best] new best latent_psnr=25.4646 (prev=25.4500) -> /workspace/runs/trial_toy/checkpoints/best.pt
[epoch 14 step 000]  loss=5.23e-01  l1=5.23e-01  l2=0.00e+00  psnr=15.9  cos=0.6128
[epoch 14 step 025]  loss=5.45e-01  l1=5.45e-01  l2=0.00e+00  psnr=15.6  cos=0.5991
[epoch 14 step 050]  loss=5.25e-01  l1=5.25e-01  l2=0.00e+00  psnr=15.7  cos=0.6153
[epoch 14 step 075]  loss=5.24e-01  l1=5.24e-01  l2=0.00e+00  psnr=15.8  cos=0.6231
[epoch 14 step 100]  loss=5.24e-01  l1=5.24e-01  l2=0.00e+00  psnr=15.7  cos=0.6253
[epoch 14 step 125]  loss=5.47e-01  l1=5.47e-01  l2=0.00e+00  psnr=15.7  cos=0.5968
[epoch 14 step 150]  loss=5.28e-01  l1=5.28e-01  l2=0.00e+00  psnr=15.9  cos=0.5958
[epoch 14 step 175]  loss=5.35e-01  l1=5.35e-01  l2=0.00e+00  psnr=15.7  cos=0.6051
[epoch 14 step 200]  loss=5.40e-01  l1=5.40e-01  l2=0.00e+00  psnr=15.7  cos=0.5852
[epoch 14 step 225]  loss=5.27e-01  l1=5.27e-01  l2=0.00e+00  psnr=15.8  cos=0.6028
[epoch 14 step 250]  loss=5.33e-01  l1=5.33e-01  l2=0.00e+00  psnr=15.8  cos=0.6090
[epoch 14 step 275]  loss=5.44e-01  l1=5.44e-01  l2=0.00e+00  psnr=15.5  cos=0.5998
[epoch 14 step 300]  loss=5.63e-01  l1=5.63e-01  l2=0.00e+00  psnr=15.3  cos=0.5950
[epoch 14 step 325]  loss=5.47e-01  l1=5.47e-01  l2=0.00e+00  psnr=15.5  cos=0.6002
[epoch 14 step 350]  loss=5.41e-01  l1=5.41e-01  l2=0.00e+00  psnr=15.6  cos=0.5928
[epoch 14 step 375]  loss=5.54e-01  l1=5.54e-01  l2=0.00e+00  psnr=15.5  cos=0.5932
[epoch 14 step 400]  loss=5.67e-01  l1=5.67e-01  l2=0.00e+00  psnr=15.2  cos=0.5802
[epoch 14 step 425]  loss=5.38e-01  l1=5.38e-01  l2=0.00e+00  psnr=15.5  cos=0.6055
[epoch 14 step 450]  loss=5.31e-01  l1=5.31e-01  l2=0.00e+00  psnr=15.8  cos=0.6044
[epoch 14 step 475]  loss=5.19e-01  l1=5.19e-01  l2=0.00e+00  psnr=15.8  cos=0.6291
[epoch 14 step 500]  loss=5.66e-01  l1=5.66e-01  l2=0.00e+00  psnr=15.2  cos=0.5868
[epoch 14 step 525]  loss=5.40e-01  l1=5.40e-01  l2=0.00e+00  psnr=15.7  cos=0.5951
[epoch 14 step 550]  loss=5.45e-01  l1=5.45e-01  l2=0.00e+00  psnr=15.4  cos=0.6074
[epoch 14 step 575]  loss=5.48e-01  l1=5.48e-01  l2=0.00e+00  psnr=15.5  cos=0.5929
[epoch 14 step 600]  loss=5.07e-01  l1=5.07e-01  l2=0.00e+00  psnr=16.1  cos=0.6329
[epoch 14 DONE]  final_loss=5.60e-01  psnr=16.14  cos=0.6329
[checkpoint] /workspace/runs/trial_toy/checkpoints/epoch_0014.pt
[val epoch 14]  latent_l1=0.5361  latent_l2=0.7920  latent_psnr=25.4765
[best] new best latent_psnr=25.4765 (prev=25.4646) -> /workspace/runs/trial_toy/checkpoints/best.pt
[epoch 15 step 000]  loss=5.37e-01  l1=5.37e-01  l2=0.00e+00  psnr=15.6  cos=0.6061
[epoch 15 step 025]  loss=5.38e-01  l1=5.38e-01  l2=0.00e+00  psnr=15.6  cos=0.6102
[epoch 15 step 050]  loss=5.32e-01  l1=5.32e-01  l2=0.00e+00  psnr=15.5  cos=0.6135
[epoch 15 step 075]  loss=5.20e-01  l1=5.20e-01  l2=0.00e+00  psnr=15.7  cos=0.6280
[epoch 15 step 100]  loss=5.39e-01  l1=5.39e-01  l2=0.00e+00  psnr=15.6  cos=0.6064
[epoch 15 step 125]  loss=5.22e-01  l1=5.22e-01  l2=0.00e+00  psnr=16.0  cos=0.6127
[epoch 15 step 150]  loss=5.30e-01  l1=5.30e-01  l2=0.00e+00  psnr=15.6  cos=0.6112
[epoch 15 step 175]  loss=5.30e-01  l1=5.30e-01  l2=0.00e+00  psnr=15.7  cos=0.6179
[epoch 15 step 200]  loss=5.35e-01  l1=5.35e-01  l2=0.00e+00  psnr=15.6  cos=0.6137
[epoch 15 step 225]  loss=5.56e-01  l1=5.56e-01  l2=0.00e+00  psnr=15.4  cos=0.6014
[epoch 15 step 250]  loss=5.34e-01  l1=5.34e-01  l2=0.00e+00  psnr=15.6  cos=0.6128
[epoch 15 step 275]  loss=5.51e-01  l1=5.51e-01  l2=0.00e+00  psnr=15.4  cos=0.6093
[epoch 15 step 300]  loss=5.19e-01  l1=5.19e-01  l2=0.00e+00  psnr=15.8  cos=0.6231
[epoch 15 step 325]  loss=5.12e-01  l1=5.12e-01  l2=0.00e+00  psnr=15.8  cos=0.6315
[epoch 15 step 350]  loss=5.35e-01  l1=5.35e-01  l2=0.00e+00  psnr=15.6  cos=0.6173
[epoch 15 step 375]  loss=5.68e-01  l1=5.68e-01  l2=0.00e+00  psnr=15.3  cos=0.5894
[epoch 15 step 400]  loss=5.39e-01  l1=5.39e-01  l2=0.00e+00  psnr=15.6  cos=0.6091
[epoch 15 step 425]  loss=5.35e-01  l1=5.35e-01  l2=0.00e+00  psnr=15.8  cos=0.5960
[epoch 15 step 450]  loss=5.31e-01  l1=5.31e-01  l2=0.00e+00  psnr=15.6  cos=0.6121
[epoch 15 step 475]  loss=5.44e-01  l1=5.44e-01  l2=0.00e+00  psnr=15.6  cos=0.5973
[epoch 15 step 500]  loss=5.28e-01  l1=5.28e-01  l2=0.00e+00  psnr=15.7  cos=0.6172
[epoch 15 step 525]  loss=5.17e-01  l1=5.17e-01  l2=0.00e+00  psnr=15.9  cos=0.6197
[epoch 15 step 550]  loss=5.16e-01  l1=5.16e-01  l2=0.00e+00  psnr=16.0  cos=0.6249
[epoch 15 step 575]  loss=5.14e-01  l1=5.14e-01  l2=0.00e+00  psnr=16.0  cos=0.6347
[epoch 15 step 600]  loss=5.36e-01  l1=5.36e-01  l2=0.00e+00  psnr=15.6  cos=0.6117
[epoch 15 DONE]  final_loss=5.50e-01  psnr=15.57  cos=0.6117
[checkpoint] /workspace/runs/trial_toy/checkpoints/epoch_0015.pt
[val epoch 15]  latent_l1=0.5348  latent_l2=0.7908  latent_psnr=25.4902
[best] new best latent_psnr=25.4902 (prev=25.4765) -> /workspace/runs/trial_toy/checkpoints/best.pt
[epoch 16 step 000]  loss=5.17e-01  l1=5.17e-01  l2=0.00e+00  psnr=15.9  cos=0.6168
[epoch 16 step 025]  loss=5.28e-01  l1=5.28e-01  l2=0.00e+00  psnr=15.8  cos=0.6059
[epoch 16 step 050]  loss=5.17e-01  l1=5.17e-01  l2=0.00e+00  psnr=15.9  cos=0.6256
[epoch 16 step 075]  loss=5.41e-01  l1=5.41e-01  l2=0.00e+00  psnr=15.7  cos=0.5996
[epoch 16 step 100]  loss=5.45e-01  l1=5.45e-01  l2=0.00e+00  psnr=15.4  cos=0.5981
[epoch 16 step 125]  loss=5.64e-01  l1=5.64e-01  l2=0.00e+00  psnr=15.3  cos=0.6015
[epoch 16 step 150]  loss=5.45e-01  l1=5.45e-01  l2=0.00e+00  psnr=15.5  cos=0.6002
[epoch 16 step 175]  loss=5.31e-01  l1=5.31e-01  l2=0.00e+00  psnr=15.8  cos=0.6128
[epoch 16 step 200]  loss=5.26e-01  l1=5.26e-01  l2=0.00e+00  psnr=15.9  cos=0.5983
[epoch 16 step 225]  loss=5.18e-01  l1=5.18e-01  l2=0.00e+00  psnr=15.7  cos=0.6304
[epoch 16 step 250]  loss=5.58e-01  l1=5.58e-01  l2=0.00e+00  psnr=15.4  cos=0.5795
[epoch 16 step 275]  loss=5.56e-01  l1=5.56e-01  l2=0.00e+00  psnr=15.4  cos=0.5958
[epoch 16 step 300]  loss=5.22e-01  l1=5.22e-01  l2=0.00e+00  psnr=15.8  cos=0.6175
[epoch 16 step 325]  loss=5.11e-01  l1=5.11e-01  l2=0.00e+00  psnr=16.0  cos=0.6179
[epoch 16 step 350]  loss=5.32e-01  l1=5.32e-01  l2=0.00e+00  psnr=15.6  cos=0.6166
[epoch 16 step 375]  loss=5.26e-01  l1=5.26e-01  l2=0.00e+00  psnr=15.8  cos=0.6168
[epoch 16 step 400]  loss=5.36e-01  l1=5.36e-01  l2=0.00e+00  psnr=15.5  cos=0.5977
[epoch 16 step 425]  loss=5.31e-01  l1=5.31e-01  l2=0.00e+00  psnr=15.7  cos=0.6126
[epoch 16 step 450]  loss=5.44e-01  l1=5.44e-01  l2=0.00e+00  psnr=15.5  cos=0.6076
[epoch 16 step 475]  loss=5.38e-01  l1=5.38e-01  l2=0.00e+00  psnr=15.7  cos=0.6081
[epoch 16 step 500]  loss=5.44e-01  l1=5.44e-01  l2=0.00e+00  psnr=15.5  cos=0.6206
[epoch 16 step 525]  loss=5.38e-01  l1=5.38e-01  l2=0.00e+00  psnr=15.6  cos=0.6029
[epoch 16 step 550]  loss=5.53e-01  l1=5.53e-01  l2=0.00e+00  psnr=15.5  cos=0.6007
[epoch 16 step 575]  loss=5.32e-01  l1=5.32e-01  l2=0.00e+00  psnr=15.7  cos=0.6087
[epoch 16 step 600]  loss=5.39e-01  l1=5.39e-01  l2=0.00e+00  psnr=15.6  cos=0.6084
[epoch 16 DONE]  final_loss=5.31e-01  psnr=15.59  cos=0.6084
[checkpoint] /workspace/runs/trial_toy/checkpoints/epoch_0016.pt
[val epoch 16]  latent_l1=0.5342  latent_l2=0.7900  latent_psnr=25.4990
[best] new best latent_psnr=25.4990 (prev=25.4902) -> /workspace/runs/trial_toy/checkpoints/best.pt
[epoch 17 step 000]  loss=5.53e-01  l1=5.53e-01  l2=0.00e+00  psnr=15.5  cos=0.5942
[epoch 17 step 025]  loss=5.32e-01  l1=5.32e-01  l2=0.00e+00  psnr=15.6  cos=0.6114
[epoch 17 step 050]  loss=5.63e-01  l1=5.63e-01  l2=0.00e+00  psnr=15.3  cos=0.5903
[epoch 17 step 075]  loss=5.35e-01  l1=5.35e-01  l2=0.00e+00  psnr=15.8  cos=0.6063
[epoch 17 step 100]  loss=5.39e-01  l1=5.39e-01  l2=0.00e+00  psnr=15.5  cos=0.6097
[epoch 17 step 125]  loss=5.46e-01  l1=5.46e-01  l2=0.00e+00  psnr=15.5  cos=0.5945
[epoch 17 step 150]  loss=5.56e-01  l1=5.56e-01  l2=0.00e+00  psnr=15.4  cos=0.6007
[epoch 17 step 175]  loss=5.35e-01  l1=5.35e-01  l2=0.00e+00  psnr=15.6  cos=0.6164
[epoch 17 step 200]  loss=5.09e-01  l1=5.09e-01  l2=0.00e+00  psnr=15.8  cos=0.6385
[epoch 17 step 225]  loss=5.52e-01  l1=5.52e-01  l2=0.00e+00  psnr=15.4  cos=0.5984
[epoch 17 step 250]  loss=5.36e-01  l1=5.36e-01  l2=0.00e+00  psnr=15.7  cos=0.6202
[epoch 17 step 275]  loss=5.38e-01  l1=5.38e-01  l2=0.00e+00  psnr=15.7  cos=0.6008
[epoch 17 step 300]  loss=5.31e-01  l1=5.31e-01  l2=0.00e+00  psnr=15.6  cos=0.6122
[epoch 17 step 325]  loss=5.10e-01  l1=5.10e-01  l2=0.00e+00  psnr=16.1  cos=0.6309
[epoch 17 step 350]  loss=5.24e-01  l1=5.24e-01  l2=0.00e+00  psnr=15.9  cos=0.6159
[epoch 17 step 375]  loss=5.48e-01  l1=5.48e-01  l2=0.00e+00  psnr=15.4  cos=0.6085
[epoch 17 step 400]  loss=5.39e-01  l1=5.39e-01  l2=0.00e+00  psnr=15.8  cos=0.5924
[epoch 17 step 425]  loss=5.39e-01  l1=5.39e-01  l2=0.00e+00  psnr=15.7  cos=0.5981
[epoch 17 step 450]  loss=5.45e-01  l1=5.45e-01  l2=0.00e+00  psnr=15.6  cos=0.5955
[epoch 17 step 475]  loss=5.13e-01  l1=5.13e-01  l2=0.00e+00  psnr=15.8  cos=0.6355
[epoch 17 step 500]  loss=5.24e-01  l1=5.24e-01  l2=0.00e+00  psnr=15.7  cos=0.6303
[epoch 17 step 525]  loss=5.38e-01  l1=5.38e-01  l2=0.00e+00  psnr=15.7  cos=0.5982
[epoch 17 step 550]  loss=5.25e-01  l1=5.25e-01  l2=0.00e+00  psnr=15.9  cos=0.6090
[epoch 17 step 575]  loss=5.23e-01  l1=5.23e-01  l2=0.00e+00  psnr=15.8  cos=0.6173
[epoch 17 step 600]  loss=5.19e-01  l1=5.19e-01  l2=0.00e+00  psnr=15.8  cos=0.6256
[epoch 17 DONE]  final_loss=5.61e-01  psnr=15.82  cos=0.6256
[checkpoint] /workspace/runs/trial_toy/checkpoints/epoch_0017.pt
[val epoch 17]  latent_l1=0.5334  latent_l2=0.7895  latent_psnr=25.5041
[best] new best latent_psnr=25.5041 (prev=25.4990) -> /workspace/runs/trial_toy/checkpoints/best.pt
[epoch 18 step 000]  loss=5.49e-01  l1=5.49e-01  l2=0.00e+00  psnr=15.4  cos=0.6045
[epoch 18 step 025]  loss=5.33e-01  l1=5.33e-01  l2=0.00e+00  psnr=15.6  cos=0.6116
[epoch 18 step 050]  loss=5.37e-01  l1=5.37e-01  l2=0.00e+00  psnr=15.7  cos=0.5980
[epoch 18 step 075]  loss=5.42e-01  l1=5.42e-01  l2=0.00e+00  psnr=15.3  cos=0.6214
[epoch 18 step 100]  loss=5.24e-01  l1=5.24e-01  l2=0.00e+00  psnr=15.9  cos=0.6093
[epoch 18 step 125]  loss=5.25e-01  l1=5.25e-01  l2=0.00e+00  psnr=15.8  cos=0.6130
[epoch 18 step 150]  loss=5.38e-01  l1=5.38e-01  l2=0.00e+00  psnr=15.6  cos=0.6124
[epoch 18 step 175]  loss=5.43e-01  l1=5.43e-01  l2=0.00e+00  psnr=15.5  cos=0.6121
[epoch 18 step 200]  loss=5.59e-01  l1=5.59e-01  l2=0.00e+00  psnr=15.3  cos=0.5996
[epoch 18 step 225]  loss=4.91e-01  l1=4.91e-01  l2=0.00e+00  psnr=16.3  cos=0.6397
[epoch 18 step 250]  loss=5.27e-01  l1=5.27e-01  l2=0.00e+00  psnr=15.7  cos=0.6213
[epoch 18 step 275]  loss=5.35e-01  l1=5.35e-01  l2=0.00e+00  psnr=15.7  cos=0.6036
[epoch 18 step 300]  loss=5.44e-01  l1=5.44e-01  l2=0.00e+00  psnr=15.4  cos=0.6134
[epoch 18 step 325]  loss=5.53e-01  l1=5.53e-01  l2=0.00e+00  psnr=15.5  cos=0.5837
[epoch 18 step 350]  loss=5.36e-01  l1=5.36e-01  l2=0.00e+00  psnr=15.8  cos=0.6019
[epoch 18 step 375]  loss=5.35e-01  l1=5.35e-01  l2=0.00e+00  psnr=15.7  cos=0.6171
[epoch 18 step 400]  loss=5.19e-01  l1=5.19e-01  l2=0.00e+00  psnr=15.8  cos=0.6258
[epoch 18 step 425]  loss=5.12e-01  l1=5.12e-01  l2=0.00e+00  psnr=16.0  cos=0.6275
[epoch 18 step 450]  loss=5.35e-01  l1=5.35e-01  l2=0.00e+00  psnr=15.7  cos=0.6043
[epoch 18 step 475]  loss=5.51e-01  l1=5.51e-01  l2=0.00e+00  psnr=15.4  cos=0.6095
[epoch 18 step 500]  loss=5.00e-01  l1=5.00e-01  l2=0.00e+00  psnr=16.2  cos=0.6346
[epoch 18 step 525]  loss=5.35e-01  l1=5.35e-01  l2=0.00e+00  psnr=15.7  cos=0.6219
[epoch 18 step 550]  loss=5.42e-01  l1=5.42e-01  l2=0.00e+00  psnr=15.7  cos=0.5947
[epoch 18 step 575]  loss=5.50e-01  l1=5.50e-01  l2=0.00e+00  psnr=15.6  cos=0.5998
[epoch 18 step 600]  loss=5.58e-01  l1=5.58e-01  l2=0.00e+00  psnr=15.3  cos=0.6069
[epoch 18 DONE]  final_loss=5.24e-01  psnr=15.29  cos=0.6069
[checkpoint] /workspace/runs/trial_toy/checkpoints/epoch_0018.pt
[val epoch 18]  latent_l1=0.5327  latent_l2=0.7882  latent_psnr=25.5189
[best] new best latent_psnr=25.5189 (prev=25.5041) -> /workspace/runs/trial_toy/checkpoints/best.pt
[epoch 19 step 000]  loss=5.43e-01  l1=5.43e-01  l2=0.00e+00  psnr=15.5  cos=0.6006
[epoch 19 step 025]  loss=5.47e-01  l1=5.47e-01  l2=0.00e+00  psnr=15.4  cos=0.5967
[epoch 19 step 050]  loss=5.12e-01  l1=5.12e-01  l2=0.00e+00  psnr=16.0  cos=0.6223
[epoch 19 step 075]  loss=5.33e-01  l1=5.33e-01  l2=0.00e+00  psnr=15.7  cos=0.6161
[epoch 19 step 100]  loss=5.39e-01  l1=5.39e-01  l2=0.00e+00  psnr=15.7  cos=0.6100
[epoch 19 step 125]  loss=5.29e-01  l1=5.29e-01  l2=0.00e+00  psnr=15.8  cos=0.6137
[epoch 19 step 150]  loss=5.44e-01  l1=5.44e-01  l2=0.00e+00  psnr=15.6  cos=0.5984
[epoch 19 step 175]  loss=5.27e-01  l1=5.27e-01  l2=0.00e+00  psnr=15.7  cos=0.6157
[epoch 19 step 200]  loss=5.24e-01  l1=5.24e-01  l2=0.00e+00  psnr=15.6  cos=0.6223
[epoch 19 step 225]  loss=5.43e-01  l1=5.43e-01  l2=0.00e+00  psnr=15.4  cos=0.6135
[epoch 19 step 250]  loss=5.72e-01  l1=5.72e-01  l2=0.00e+00  psnr=15.3  cos=0.5827
[epoch 19 step 275]  loss=5.53e-01  l1=5.53e-01  l2=0.00e+00  psnr=15.4  cos=0.6015
[epoch 19 step 300]  loss=5.31e-01  l1=5.31e-01  l2=0.00e+00  psnr=15.5  cos=0.6136
[epoch 19 step 325]  loss=5.49e-01  l1=5.49e-01  l2=0.00e+00  psnr=15.4  cos=0.6117
[epoch 19 step 350]  loss=5.40e-01  l1=5.40e-01  l2=0.00e+00  psnr=15.5  cos=0.6124
[epoch 19 step 375]  loss=5.23e-01  l1=5.23e-01  l2=0.00e+00  psnr=15.8  cos=0.6284
[epoch 19 step 400]  loss=5.39e-01  l1=5.39e-01  l2=0.00e+00  psnr=15.5  cos=0.6088
[epoch 19 step 425]  loss=5.44e-01  l1=5.44e-01  l2=0.00e+00  psnr=15.5  cos=0.6023
[epoch 19 step 450]  loss=5.42e-01  l1=5.42e-01  l2=0.00e+00  psnr=15.6  cos=0.6000
[epoch 19 step 475]  loss=5.33e-01  l1=5.33e-01  l2=0.00e+00  psnr=15.7  cos=0.6029
[epoch 19 step 500]  loss=5.26e-01  l1=5.26e-01  l2=0.00e+00  psnr=15.8  cos=0.6206
[epoch 19 step 525]  loss=5.29e-01  l1=5.29e-01  l2=0.00e+00  psnr=15.7  cos=0.6213
[epoch 19 step 550]  loss=5.20e-01  l1=5.20e-01  l2=0.00e+00  psnr=15.9  cos=0.6037
[epoch 19 step 575]  loss=5.34e-01  l1=5.34e-01  l2=0.00e+00  psnr=15.6  cos=0.6017
[epoch 19 step 600]  loss=5.51e-01  l1=5.51e-01  l2=0.00e+00  psnr=15.5  cos=0.5956
[epoch 19 DONE]  final_loss=5.36e-01  psnr=15.50  cos=0.5956
[checkpoint] /workspace/runs/trial_toy/checkpoints/epoch_0019.pt
[val epoch 19]  latent_l1=0.5320  latent_l2=0.7873  latent_psnr=25.5293
[best] new best latent_psnr=25.5293 (prev=25.5189) -> /workspace/runs/trial_toy/checkpoints/best.pt
[epoch 20 step 000]  loss=5.15e-01  l1=5.15e-01  l2=0.00e+00  psnr=15.9  cos=0.6316
[epoch 20 step 025]  loss=5.23e-01  l1=5.23e-01  l2=0.00e+00  psnr=15.9  cos=0.6127
[epoch 20 step 050]  loss=5.28e-01  l1=5.28e-01  l2=0.00e+00  psnr=15.7  cos=0.6127
[epoch 20 step 075]  loss=5.25e-01  l1=5.25e-01  l2=0.00e+00  psnr=15.9  cos=0.6117
[epoch 20 step 100]  loss=5.30e-01  l1=5.30e-01  l2=0.00e+00  psnr=15.7  cos=0.6089
[epoch 20 step 125]  loss=5.19e-01  l1=5.19e-01  l2=0.00e+00  psnr=15.7  cos=0.6348
[epoch 20 step 150]  loss=5.31e-01  l1=5.31e-01  l2=0.00e+00  psnr=15.7  cos=0.6200
[epoch 20 step 175]  loss=5.55e-01  l1=5.55e-01  l2=0.00e+00  psnr=15.4  cos=0.5991
[epoch 20 step 200]  loss=5.43e-01  l1=5.43e-01  l2=0.00e+00  psnr=15.6  cos=0.5990
[epoch 20 step 225]  loss=5.62e-01  l1=5.62e-01  l2=0.00e+00  psnr=15.2  cos=0.5948
[epoch 20 step 250]  loss=5.40e-01  l1=5.40e-01  l2=0.00e+00  psnr=15.6  cos=0.6113
[epoch 20 step 275]  loss=5.42e-01  l1=5.42e-01  l2=0.00e+00  psnr=15.5  cos=0.6008
[epoch 20 step 300]  loss=5.29e-01  l1=5.29e-01  l2=0.00e+00  psnr=15.7  cos=0.6229
[epoch 20 step 325]  loss=5.06e-01  l1=5.06e-01  l2=0.00e+00  psnr=16.0  cos=0.6440
[epoch 20 step 350]  loss=5.20e-01  l1=5.20e-01  l2=0.00e+00  psnr=15.9  cos=0.6204
[epoch 20 step 375]  loss=5.42e-01  l1=5.42e-01  l2=0.00e+00  psnr=15.6  cos=0.6118
[epoch 20 step 400]  loss=5.41e-01  l1=5.41e-01  l2=0.00e+00  psnr=15.7  cos=0.5941
[epoch 20 step 425]  loss=5.32e-01  l1=5.32e-01  l2=0.00e+00  psnr=15.7  cos=0.6139
[epoch 20 step 450]  loss=5.34e-01  l1=5.34e-01  l2=0.00e+00  psnr=15.7  cos=0.6062
[epoch 20 step 475]  loss=5.35e-01  l1=5.35e-01  l2=0.00e+00  psnr=15.5  cos=0.6156
[epoch 20 step 500]  loss=5.27e-01  l1=5.27e-01  l2=0.00e+00  psnr=15.7  cos=0.6083
[epoch 20 step 525]  loss=5.34e-01  l1=5.34e-01  l2=0.00e+00  psnr=15.5  cos=0.6297
[epoch 20 step 550]  loss=5.57e-01  l1=5.57e-01  l2=0.00e+00  psnr=15.5  cos=0.5964
[epoch 20 step 575]  loss=5.24e-01  l1=5.24e-01  l2=0.00e+00  psnr=15.6  cos=0.6307
[epoch 20 step 600]  loss=5.27e-01  l1=5.27e-01  l2=0.00e+00  psnr=15.8  cos=0.6194
[epoch 20 DONE]  final_loss=5.27e-01  psnr=15.77  cos=0.6194
[checkpoint] /workspace/runs/trial_toy/checkpoints/epoch_0020.pt
[val epoch 20]  latent_l1=0.5316  latent_l2=0.7865  latent_psnr=25.5372
[best] new best latent_psnr=25.5372 (prev=25.5293) -> /workspace/runs/trial_toy/checkpoints/best.pt
[epoch 21 step 000]  loss=5.30e-01  l1=5.30e-01  l2=0.00e+00  psnr=15.6  cos=0.6302
[epoch 21 step 025]  loss=5.40e-01  l1=5.40e-01  l2=0.00e+00  psnr=15.4  cos=0.6267
[epoch 21 step 050]  loss=5.49e-01  l1=5.49e-01  l2=0.00e+00  psnr=15.4  cos=0.6096
[epoch 21 step 075]  loss=5.32e-01  l1=5.32e-01  l2=0.00e+00  psnr=15.7  cos=0.6154
[epoch 21 step 100]  loss=5.36e-01  l1=5.36e-01  l2=0.00e+00  psnr=15.6  cos=0.6080
[epoch 21 step 125]  loss=5.58e-01  l1=5.58e-01  l2=0.00e+00  psnr=15.4  cos=0.5814
[epoch 21 step 150]  loss=5.46e-01  l1=5.46e-01  l2=0.00e+00  psnr=15.6  cos=0.6064
[epoch 21 step 175]  loss=5.01e-01  l1=5.01e-01  l2=0.00e+00  psnr=16.0  cos=0.6496
[epoch 21 step 200]  loss=5.63e-01  l1=5.63e-01  l2=0.00e+00  psnr=15.3  cos=0.5957
[epoch 21 step 225]  loss=5.23e-01  l1=5.23e-01  l2=0.00e+00  psnr=15.7  cos=0.6255
[epoch 21 step 250]  loss=5.33e-01  l1=5.33e-01  l2=0.00e+00  psnr=15.7  cos=0.6081
[epoch 21 step 275]  loss=5.01e-01  l1=5.01e-01  l2=0.00e+00  psnr=16.2  cos=0.6421
[epoch 21 step 300]  loss=5.22e-01  l1=5.22e-01  l2=0.00e+00  psnr=15.9  cos=0.6257
[epoch 21 step 325]  loss=5.22e-01  l1=5.22e-01  l2=0.00e+00  psnr=15.8  cos=0.6268
[epoch 21 step 350]  loss=5.26e-01  l1=5.26e-01  l2=0.00e+00  psnr=15.7  cos=0.6251
[epoch 21 step 375]  loss=5.21e-01  l1=5.21e-01  l2=0.00e+00  psnr=15.8  cos=0.6298
[epoch 21 step 400]  loss=5.20e-01  l1=5.20e-01  l2=0.00e+00  psnr=15.9  cos=0.6224
[epoch 21 step 425]  loss=5.37e-01  l1=5.37e-01  l2=0.00e+00  psnr=15.5  cos=0.6161
[epoch 21 step 450]  loss=5.48e-01  l1=5.48e-01  l2=0.00e+00  psnr=15.6  cos=0.5854
[epoch 21 step 475]  loss=5.17e-01  l1=5.17e-01  l2=0.00e+00  psnr=15.8  cos=0.6336
[epoch 21 step 500]  loss=5.30e-01  l1=5.30e-01  l2=0.00e+00  psnr=15.7  cos=0.6151
[epoch 21 step 525]  loss=5.30e-01  l1=5.30e-01  l2=0.00e+00  psnr=15.8  cos=0.6130
[epoch 21 step 550]  loss=5.66e-01  l1=5.66e-01  l2=0.00e+00  psnr=15.4  cos=0.5689
[epoch 21 step 575]  loss=5.22e-01  l1=5.22e-01  l2=0.00e+00  psnr=15.8  cos=0.6142
[epoch 21 step 600]  loss=5.40e-01  l1=5.40e-01  l2=0.00e+00  psnr=15.7  cos=0.6035
[epoch 21 DONE]  final_loss=5.27e-01  psnr=15.67  cos=0.6035
[checkpoint] /workspace/runs/trial_toy/checkpoints/epoch_0021.pt
[val epoch 21]  latent_l1=0.5308  latent_l2=0.7860  latent_psnr=25.5435
[best] new best latent_psnr=25.5435 (prev=25.5372) -> /workspace/runs/trial_toy/checkpoints/best.pt
[epoch 22 step 000]  loss=5.35e-01  l1=5.35e-01  l2=0.00e+00  psnr=15.5  cos=0.6113
[epoch 22 step 025]  loss=5.29e-01  l1=5.29e-01  l2=0.00e+00  psnr=15.7  cos=0.6124
[epoch 22 step 050]  loss=5.38e-01  l1=5.38e-01  l2=0.00e+00  psnr=15.6  cos=0.6102
[epoch 22 step 075]  loss=5.26e-01  l1=5.26e-01  l2=0.00e+00  psnr=15.8  cos=0.6219
[epoch 22 step 100]  loss=5.48e-01  l1=5.48e-01  l2=0.00e+00  psnr=15.5  cos=0.6087
[epoch 22 step 125]  loss=5.31e-01  l1=5.31e-01  l2=0.00e+00  psnr=15.7  cos=0.6248
[epoch 22 step 150]  loss=5.35e-01  l1=5.35e-01  l2=0.00e+00  psnr=15.5  cos=0.6211
[epoch 22 step 175]  loss=5.44e-01  l1=5.44e-01  l2=0.00e+00  psnr=15.6  cos=0.6088
[epoch 22 step 200]  loss=5.30e-01  l1=5.30e-01  l2=0.00e+00  psnr=15.7  cos=0.6173
[epoch 22 step 225]  loss=5.43e-01  l1=5.43e-01  l2=0.00e+00  psnr=15.5  cos=0.6202
[epoch 22 step 250]  loss=5.47e-01  l1=5.47e-01  l2=0.00e+00  psnr=15.5  cos=0.6088
[epoch 22 step 275]  loss=5.22e-01  l1=5.22e-01  l2=0.00e+00  psnr=15.7  cos=0.6256
[epoch 22 step 300]  loss=5.53e-01  l1=5.53e-01  l2=0.00e+00  psnr=15.5  cos=0.5951
[epoch 22 step 325]  loss=5.33e-01  l1=5.33e-01  l2=0.00e+00  psnr=15.8  cos=0.6033
[epoch 22 step 350]  loss=5.54e-01  l1=5.54e-01  l2=0.00e+00  psnr=15.5  cos=0.5881
[epoch 22 step 375]  loss=5.03e-01  l1=5.03e-01  l2=0.00e+00  psnr=16.1  cos=0.6325
[epoch 22 step 400]  loss=5.25e-01  l1=5.25e-01  l2=0.00e+00  psnr=15.7  cos=0.6309
[epoch 22 step 425]  loss=5.52e-01  l1=5.52e-01  l2=0.00e+00  psnr=15.5  cos=0.6047
[epoch 22 step 450]  loss=5.46e-01  l1=5.46e-01  l2=0.00e+00  psnr=15.6  cos=0.6031
[epoch 22 step 475]  loss=5.26e-01  l1=5.26e-01  l2=0.00e+00  psnr=15.7  cos=0.6168
[epoch 22 step 500]  loss=5.25e-01  l1=5.25e-01  l2=0.00e+00  psnr=15.7  cos=0.6152
[epoch 22 step 525]  loss=5.23e-01  l1=5.23e-01  l2=0.00e+00  psnr=15.9  cos=0.6088
[epoch 22 step 550]  loss=5.22e-01  l1=5.22e-01  l2=0.00e+00  psnr=15.9  cos=0.6167
[epoch 22 step 575]  loss=5.23e-01  l1=5.23e-01  l2=0.00e+00  psnr=15.8  cos=0.6161
[epoch 22 step 600]  loss=5.04e-01  l1=5.04e-01  l2=0.00e+00  psnr=16.1  cos=0.6407
[epoch 22 DONE]  final_loss=5.22e-01  psnr=16.08  cos=0.6407
[checkpoint] /workspace/runs/trial_toy/checkpoints/epoch_0022.pt
[val epoch 22]  latent_l1=0.5305  latent_l2=0.7857  latent_psnr=25.5463
[best] new best latent_psnr=25.5463 (prev=25.5435) -> /workspace/runs/trial_toy/checkpoints/best.pt
[epoch 23 step 000]  loss=5.37e-01  l1=5.37e-01  l2=0.00e+00  psnr=15.6  cos=0.6090
[epoch 23 step 025]  loss=5.18e-01  l1=5.18e-01  l2=0.00e+00  psnr=15.8  cos=0.6193
[epoch 23 step 050]  loss=5.52e-01  l1=5.52e-01  l2=0.00e+00  psnr=15.6  cos=0.5895
[epoch 23 step 075]  loss=5.22e-01  l1=5.22e-01  l2=0.00e+00  psnr=15.8  cos=0.6304
[epoch 23 step 100]  loss=5.02e-01  l1=5.02e-01  l2=0.00e+00  psnr=16.1  cos=0.6357
[epoch 23 step 125]  loss=5.18e-01  l1=5.18e-01  l2=0.00e+00  psnr=15.8  cos=0.6279
[epoch 23 step 150]  loss=5.50e-01  l1=5.50e-01  l2=0.00e+00  psnr=15.5  cos=0.5946
[epoch 23 step 175]  loss=5.43e-01  l1=5.43e-01  l2=0.00e+00  psnr=15.6  cos=0.6074
[epoch 23 step 200]  loss=5.24e-01  l1=5.24e-01  l2=0.00e+00  psnr=15.9  cos=0.6224
[epoch 23 step 225]  loss=5.29e-01  l1=5.29e-01  l2=0.00e+00  psnr=15.9  cos=0.6140
[epoch 23 step 250]  loss=5.27e-01  l1=5.27e-01  l2=0.00e+00  psnr=15.7  cos=0.6228
[epoch 23 step 275]  loss=5.54e-01  l1=5.54e-01  l2=0.00e+00  psnr=15.4  cos=0.6058
[epoch 23 step 300]  loss=5.09e-01  l1=5.09e-01  l2=0.00e+00  psnr=16.0  cos=0.6325
[epoch 23 step 325]  loss=5.29e-01  l1=5.29e-01  l2=0.00e+00  psnr=15.7  cos=0.6204
[epoch 23 step 350]  loss=5.25e-01  l1=5.25e-01  l2=0.00e+00  psnr=15.9  cos=0.6154
[epoch 23 step 375]  loss=5.32e-01  l1=5.32e-01  l2=0.00e+00  psnr=15.8  cos=0.6146
[epoch 23 step 400]  loss=5.34e-01  l1=5.34e-01  l2=0.00e+00  psnr=15.7  cos=0.6063
[epoch 23 step 425]  loss=5.41e-01  l1=5.41e-01  l2=0.00e+00  psnr=15.6  cos=0.6118
[epoch 23 step 450]  loss=5.31e-01  l1=5.31e-01  l2=0.00e+00  psnr=15.7  cos=0.6183
[epoch 23 step 475]  loss=5.12e-01  l1=5.12e-01  l2=0.00e+00  psnr=15.8  cos=0.6321
[epoch 23 step 500]  loss=5.34e-01  l1=5.34e-01  l2=0.00e+00  psnr=15.7  cos=0.6056
[epoch 23 step 525]  loss=5.31e-01  l1=5.31e-01  l2=0.00e+00  psnr=15.8  cos=0.6125
[epoch 23 step 550]  loss=5.42e-01  l1=5.42e-01  l2=0.00e+00  psnr=15.6  cos=0.6047
[epoch 23 step 575]  loss=5.29e-01  l1=5.29e-01  l2=0.00e+00  psnr=15.9  cos=0.6073
[epoch 23 step 600]  loss=5.39e-01  l1=5.39e-01  l2=0.00e+00  psnr=15.8  cos=0.5986
[epoch 23 DONE]  final_loss=5.50e-01  psnr=15.76  cos=0.5986
[checkpoint] /workspace/runs/trial_toy/checkpoints/epoch_0023.pt
[val epoch 23]  latent_l1=0.5298  latent_l2=0.7848  latent_psnr=25.5565
[best] new best latent_psnr=25.5565 (prev=25.5463) -> /workspace/runs/trial_toy/checkpoints/best.pt
[epoch 24 step 000]  loss=5.16e-01  l1=5.16e-01  l2=0.00e+00  psnr=15.9  cos=0.6375
[epoch 24 step 025]  loss=5.26e-01  l1=5.26e-01  l2=0.00e+00  psnr=15.8  cos=0.6239
[epoch 24 step 050]  loss=5.17e-01  l1=5.17e-01  l2=0.00e+00  psnr=15.9  cos=0.6275
[epoch 24 step 075]  loss=5.25e-01  l1=5.25e-01  l2=0.00e+00  psnr=15.7  cos=0.6281
[epoch 24 step 100]  loss=5.13e-01  l1=5.13e-01  l2=0.00e+00  psnr=16.0  cos=0.6301
[epoch 24 step 125]  loss=5.38e-01  l1=5.38e-01  l2=0.00e+00  psnr=15.6  cos=0.6225
[epoch 24 step 150]  loss=5.38e-01  l1=5.38e-01  l2=0.00e+00  psnr=15.7  cos=0.6147
[epoch 24 step 175]  loss=5.43e-01  l1=5.43e-01  l2=0.00e+00  psnr=15.5  cos=0.6125
[epoch 24 step 200]  loss=5.20e-01  l1=5.20e-01  l2=0.00e+00  psnr=15.7  cos=0.6236
[epoch 24 step 225]  loss=5.34e-01  l1=5.34e-01  l2=0.00e+00  psnr=15.7  cos=0.6150
[epoch 24 step 250]  loss=5.51e-01  l1=5.51e-01  l2=0.00e+00  psnr=15.5  cos=0.5810
[epoch 24 step 275]  loss=5.48e-01  l1=5.48e-01  l2=0.00e+00  psnr=15.6  cos=0.5983
[epoch 24 step 300]  loss=5.35e-01  l1=5.35e-01  l2=0.00e+00  psnr=15.5  cos=0.6153
[epoch 24 step 325]  loss=5.23e-01  l1=5.23e-01  l2=0.00e+00  psnr=15.8  cos=0.6291
[epoch 24 step 350]  loss=5.22e-01  l1=5.22e-01  l2=0.00e+00  psnr=15.9  cos=0.6137
[epoch 24 step 375]  loss=5.28e-01  l1=5.28e-01  l2=0.00e+00  psnr=15.7  cos=0.6154
[epoch 24 step 400]  loss=5.19e-01  l1=5.19e-01  l2=0.00e+00  psnr=16.0  cos=0.6085
[epoch 24 step 425]  loss=5.33e-01  l1=5.33e-01  l2=0.00e+00  psnr=15.6  cos=0.6259
[epoch 24 step 450]  loss=5.36e-01  l1=5.36e-01  l2=0.00e+00  psnr=15.7  cos=0.6137
[epoch 24 step 475]  loss=5.17e-01  l1=5.17e-01  l2=0.00e+00  psnr=15.9  cos=0.6285
[epoch 24 step 500]  loss=5.49e-01  l1=5.49e-01  l2=0.00e+00  psnr=15.6  cos=0.5940
[epoch 24 step 525]  loss=5.19e-01  l1=5.19e-01  l2=0.00e+00  psnr=15.9  cos=0.6117
[epoch 24 step 550]  loss=5.57e-01  l1=5.57e-01  l2=0.00e+00  psnr=15.4  cos=0.5966
[epoch 24 step 575]  loss=5.01e-01  l1=5.01e-01  l2=0.00e+00  psnr=16.0  cos=0.6389
[epoch 24 step 600]  loss=5.32e-01  l1=5.32e-01  l2=0.00e+00  psnr=15.8  cos=0.6069
[epoch 24 DONE]  final_loss=5.25e-01  psnr=15.83  cos=0.6069
[checkpoint] /workspace/runs/trial_toy/checkpoints/epoch_0024.pt
[val epoch 24]  latent_l1=0.5295  latent_l2=0.7844  latent_psnr=25.5606
[best] new best latent_psnr=25.5606 (prev=25.5565) -> /workspace/runs/trial_toy/checkpoints/best.pt
[epoch 25 step 000]  loss=5.35e-01  l1=5.35e-01  l2=0.00e+00  psnr=15.8  cos=0.6065
[epoch 25 step 025]  loss=5.43e-01  l1=5.43e-01  l2=0.00e+00  psnr=15.6  cos=0.5972
[epoch 25 step 050]  loss=5.35e-01  l1=5.35e-01  l2=0.00e+00  psnr=15.4  cos=0.6202
[epoch 25 step 075]  loss=5.34e-01  l1=5.34e-01  l2=0.00e+00  psnr=15.6  cos=0.6245
[epoch 25 step 100]  loss=5.36e-01  l1=5.36e-01  l2=0.00e+00  psnr=15.8  cos=0.6044
[epoch 25 step 125]  loss=5.38e-01  l1=5.38e-01  l2=0.00e+00  psnr=15.7  cos=0.6089
[epoch 25 step 150]  loss=5.22e-01  l1=5.22e-01  l2=0.00e+00  psnr=15.8  cos=0.6210
[epoch 25 step 175]  loss=5.15e-01  l1=5.15e-01  l2=0.00e+00  psnr=15.9  cos=0.6283
[epoch 25 step 200]  loss=5.53e-01  l1=5.53e-01  l2=0.00e+00  psnr=15.4  cos=0.5986
[epoch 25 step 225]  loss=4.90e-01  l1=4.90e-01  l2=0.00e+00  psnr=16.1  cos=0.6565
[epoch 25 step 250]  loss=5.55e-01  l1=5.55e-01  l2=0.00e+00  psnr=15.5  cos=0.5843
[epoch 25 step 275]  loss=5.28e-01  l1=5.28e-01  l2=0.00e+00  psnr=15.8  cos=0.6183
[epoch 25 step 300]  loss=5.38e-01  l1=5.38e-01  l2=0.00e+00  psnr=15.7  cos=0.6043
[epoch 25 step 325]  loss=5.46e-01  l1=5.46e-01  l2=0.00e+00  psnr=15.6  cos=0.6059
[epoch 25 step 350]  loss=5.36e-01  l1=5.36e-01  l2=0.00e+00  psnr=15.7  cos=0.6090
[epoch 25 step 375]  loss=5.07e-01  l1=5.07e-01  l2=0.00e+00  psnr=16.2  cos=0.6239
[epoch 25 step 400]  loss=5.15e-01  l1=5.15e-01  l2=0.00e+00  psnr=15.9  cos=0.6391
[epoch 25 step 425]  loss=5.06e-01  l1=5.06e-01  l2=0.00e+00  psnr=16.0  cos=0.6360
[epoch 25 step 450]  loss=5.41e-01  l1=5.41e-01  l2=0.00e+00  psnr=15.5  cos=0.6140
[epoch 25 step 475]  loss=5.44e-01  l1=5.44e-01  l2=0.00e+00  psnr=15.6  cos=0.5990
[epoch 25 step 500]  loss=5.30e-01  l1=5.30e-01  l2=0.00e+00  psnr=15.8  cos=0.6148
[epoch 25 step 525]  loss=5.19e-01  l1=5.19e-01  l2=0.00e+00  psnr=15.8  cos=0.6210
[epoch 25 step 550]  loss=5.35e-01  l1=5.35e-01  l2=0.00e+00  psnr=15.5  cos=0.6276
[epoch 25 step 575]  loss=5.39e-01  l1=5.39e-01  l2=0.00e+00  psnr=15.6  cos=0.6105
[epoch 25 step 600]  loss=5.33e-01  l1=5.33e-01  l2=0.00e+00  psnr=15.5  cos=0.6322
[epoch 25 DONE]  final_loss=5.36e-01  psnr=15.55  cos=0.6322
[checkpoint] /workspace/runs/trial_toy/checkpoints/epoch_0025.pt
[val epoch 25]  latent_l1=0.5290  latent_l2=0.7838  latent_psnr=25.5675
[best] new best latent_psnr=25.5675 (prev=25.5606) -> /workspace/runs/trial_toy/checkpoints/best.pt
[epoch 26 step 000]  loss=5.31e-01  l1=5.31e-01  l2=0.00e+00  psnr=15.8  cos=0.6099
[epoch 26 step 025]  loss=5.21e-01  l1=5.21e-01  l2=0.00e+00  psnr=15.9  cos=0.6127
[epoch 26 step 050]  loss=5.38e-01  l1=5.38e-01  l2=0.00e+00  psnr=15.5  cos=0.6252
[epoch 26 step 075]  loss=5.18e-01  l1=5.18e-01  l2=0.00e+00  psnr=15.8  cos=0.6358
[epoch 26 step 100]  loss=5.21e-01  l1=5.21e-01  l2=0.00e+00  psnr=16.0  cos=0.6213
[epoch 26 step 125]  loss=5.16e-01  l1=5.16e-01  l2=0.00e+00  psnr=15.9  cos=0.6241
[epoch 26 step 150]  loss=5.48e-01  l1=5.48e-01  l2=0.00e+00  psnr=15.6  cos=0.5948
[epoch 26 step 175]  loss=5.47e-01  l1=5.47e-01  l2=0.00e+00  psnr=15.6  cos=0.5987
[epoch 26 step 200]  loss=5.37e-01  l1=5.37e-01  l2=0.00e+00  psnr=15.6  cos=0.6232
[epoch 26 step 225]  loss=5.20e-01  l1=5.20e-01  l2=0.00e+00  psnr=15.7  cos=0.6303
[epoch 26 step 250]  loss=5.40e-01  l1=5.40e-01  l2=0.00e+00  psnr=15.7  cos=0.6115
[epoch 26 step 275]  loss=5.13e-01  l1=5.13e-01  l2=0.00e+00  psnr=16.0  cos=0.6309
[epoch 26 step 300]  loss=5.49e-01  l1=5.49e-01  l2=0.00e+00  psnr=15.6  cos=0.5949
[epoch 26 step 325]  loss=5.26e-01  l1=5.26e-01  l2=0.00e+00  psnr=15.9  cos=0.6212
[epoch 26 step 350]  loss=5.16e-01  l1=5.16e-01  l2=0.00e+00  psnr=15.9  cos=0.6352
[epoch 26 step 375]  loss=5.58e-01  l1=5.58e-01  l2=0.00e+00  psnr=15.3  cos=0.5952
[epoch 26 step 400]  loss=5.36e-01  l1=5.36e-01  l2=0.00e+00  psnr=15.6  cos=0.6119
[epoch 26 step 425]  loss=5.23e-01  l1=5.23e-01  l2=0.00e+00  psnr=15.7  cos=0.6352
[epoch 26 step 450]  loss=5.40e-01  l1=5.40e-01  l2=0.00e+00  psnr=15.7  cos=0.6004
[epoch 26 step 475]  loss=5.25e-01  l1=5.25e-01  l2=0.00e+00  psnr=15.9  cos=0.6219
[epoch 26 step 500]  loss=5.40e-01  l1=5.40e-01  l2=0.00e+00  psnr=15.7  cos=0.6110
[epoch 26 step 525]  loss=5.28e-01  l1=5.28e-01  l2=0.00e+00  psnr=15.8  cos=0.6189
[epoch 26 step 550]  loss=5.15e-01  l1=5.15e-01  l2=0.00e+00  psnr=16.0  cos=0.6288
[epoch 26 step 575]  loss=5.23e-01  l1=5.23e-01  l2=0.00e+00  psnr=15.8  cos=0.6154
[epoch 26 step 600]  loss=5.14e-01  l1=5.14e-01  l2=0.00e+00  psnr=16.0  cos=0.6254
[epoch 26 DONE]  final_loss=5.32e-01  psnr=16.02  cos=0.6254
[checkpoint] /workspace/runs/trial_toy/checkpoints/epoch_0026.pt
[val epoch 26]  latent_l1=0.5286  latent_l2=0.7830  latent_psnr=25.5770
[best] new best latent_psnr=25.5770 (prev=25.5675) -> /workspace/runs/trial_toy/checkpoints/best.pt
[epoch 27 step 000]  loss=5.28e-01  l1=5.28e-01  l2=0.00e+00  psnr=15.7  cos=0.6120
[epoch 27 step 025]  loss=5.34e-01  l1=5.34e-01  l2=0.00e+00  psnr=15.7  cos=0.6165
[epoch 27 step 050]  loss=5.40e-01  l1=5.40e-01  l2=0.00e+00  psnr=15.5  cos=0.6150
[epoch 27 step 075]  loss=5.55e-01  l1=5.55e-01  l2=0.00e+00  psnr=15.6  cos=0.5903
[epoch 27 step 100]  loss=5.59e-01  l1=5.59e-01  l2=0.00e+00  psnr=15.4  cos=0.6024
[epoch 27 step 125]  loss=5.37e-01  l1=5.37e-01  l2=0.00e+00  psnr=15.6  cos=0.6162
[epoch 27 step 150]  loss=5.20e-01  l1=5.20e-01  l2=0.00e+00  psnr=15.8  cos=0.6271
[epoch 27 step 175]  loss=5.21e-01  l1=5.21e-01  l2=0.00e+00  psnr=15.9  cos=0.6238
[epoch 27 step 200]  loss=5.36e-01  l1=5.36e-01  l2=0.00e+00  psnr=15.6  cos=0.6194
[epoch 27 step 225]  loss=5.26e-01  l1=5.26e-01  l2=0.00e+00  psnr=15.8  cos=0.6138
[epoch 27 step 250]  loss=5.36e-01  l1=5.36e-01  l2=0.00e+00  psnr=15.7  cos=0.6179
[epoch 27 step 275]  loss=5.14e-01  l1=5.14e-01  l2=0.00e+00  psnr=15.9  cos=0.6299
[epoch 27 step 300]  loss=5.29e-01  l1=5.29e-01  l2=0.00e+00  psnr=15.9  cos=0.6172
[epoch 27 step 325]  loss=5.19e-01  l1=5.19e-01  l2=0.00e+00  psnr=15.6  cos=0.6389
[epoch 27 step 350]  loss=5.30e-01  l1=5.30e-01  l2=0.00e+00  psnr=15.8  cos=0.6118
[epoch 27 step 375]  loss=5.39e-01  l1=5.39e-01  l2=0.00e+00  psnr=15.6  cos=0.6175
[epoch 27 step 400]  loss=5.34e-01  l1=5.34e-01  l2=0.00e+00  psnr=15.8  cos=0.6064
[epoch 27 step 425]  loss=5.25e-01  l1=5.25e-01  l2=0.00e+00  psnr=15.9  cos=0.6169
[epoch 27 step 450]  loss=5.40e-01  l1=5.40e-01  l2=0.00e+00  psnr=15.6  cos=0.6134
[epoch 27 step 475]  loss=5.46e-01  l1=5.46e-01  l2=0.00e+00  psnr=15.5  cos=0.6064
[epoch 27 step 500]  loss=5.19e-01  l1=5.19e-01  l2=0.00e+00  psnr=16.0  cos=0.6190
[epoch 27 step 525]  loss=5.30e-01  l1=5.30e-01  l2=0.00e+00  psnr=15.7  cos=0.6251
[epoch 27 step 550]  loss=5.18e-01  l1=5.18e-01  l2=0.00e+00  psnr=15.9  cos=0.6232
[epoch 27 step 575]  loss=5.52e-01  l1=5.52e-01  l2=0.00e+00  psnr=15.4  cos=0.6060
[epoch 27 step 600]  loss=5.48e-01  l1=5.48e-01  l2=0.00e+00  psnr=15.5  cos=0.6069
[epoch 27 DONE]  final_loss=5.34e-01  psnr=15.48  cos=0.6069
[checkpoint] /workspace/runs/trial_toy/checkpoints/epoch_0027.pt
[val epoch 27]  latent_l1=0.5281  latent_l2=0.7824  latent_psnr=25.5831
[best] new best latent_psnr=25.5831 (prev=25.5770) -> /workspace/runs/trial_toy/checkpoints/best.pt
[epoch 28 step 000]  loss=5.16e-01  l1=5.16e-01  l2=0.00e+00  psnr=16.0  cos=0.6305
[epoch 28 step 025]  loss=5.27e-01  l1=5.27e-01  l2=0.00e+00  psnr=15.8  cos=0.6238
[epoch 28 step 050]  loss=5.34e-01  l1=5.34e-01  l2=0.00e+00  psnr=15.6  cos=0.6265
[epoch 28 step 075]  loss=5.54e-01  l1=5.54e-01  l2=0.00e+00  psnr=15.3  cos=0.5998
[epoch 28 step 100]  loss=5.29e-01  l1=5.29e-01  l2=0.00e+00  psnr=15.6  cos=0.6267
[epoch 28 step 125]  loss=5.12e-01  l1=5.12e-01  l2=0.00e+00  psnr=15.9  cos=0.6362
[epoch 28 step 150]  loss=5.26e-01  l1=5.26e-01  l2=0.00e+00  psnr=15.6  cos=0.6297
[epoch 28 step 175]  loss=5.25e-01  l1=5.25e-01  l2=0.00e+00  psnr=15.6  cos=0.6337
[epoch 28 step 200]  loss=5.21e-01  l1=5.21e-01  l2=0.00e+00  psnr=15.8  cos=0.6161
[epoch 28 step 225]  loss=5.27e-01  l1=5.27e-01  l2=0.00e+00  psnr=15.7  cos=0.6268
[epoch 28 step 250]  loss=5.23e-01  l1=5.23e-01  l2=0.00e+00  psnr=15.9  cos=0.6218
[epoch 28 step 275]  loss=5.19e-01  l1=5.19e-01  l2=0.00e+00  psnr=15.9  cos=0.6104
[epoch 28 step 300]  loss=5.13e-01  l1=5.13e-01  l2=0.00e+00  psnr=15.9  cos=0.6346
[epoch 28 step 325]  loss=5.32e-01  l1=5.32e-01  l2=0.00e+00  psnr=15.7  cos=0.6275
[epoch 28 step 350]  loss=5.11e-01  l1=5.11e-01  l2=0.00e+00  psnr=16.0  cos=0.6292
[epoch 28 step 375]  loss=5.04e-01  l1=5.04e-01  l2=0.00e+00  psnr=16.0  cos=0.6412
[epoch 28 step 400]  loss=5.08e-01  l1=5.08e-01  l2=0.00e+00  psnr=15.9  cos=0.6378
[epoch 28 step 425]  loss=5.45e-01  l1=5.45e-01  l2=0.00e+00  psnr=15.5  cos=0.6026
[epoch 28 step 450]  loss=5.20e-01  l1=5.20e-01  l2=0.00e+00  psnr=15.9  cos=0.6243
[epoch 28 step 475]  loss=5.18e-01  l1=5.18e-01  l2=0.00e+00  psnr=15.9  cos=0.6225
[epoch 28 step 500]  loss=5.40e-01  l1=5.40e-01  l2=0.00e+00  psnr=15.8  cos=0.6085
[epoch 28 step 525]  loss=5.08e-01  l1=5.08e-01  l2=0.00e+00  psnr=16.2  cos=0.6303
[epoch 28 step 550]  loss=5.30e-01  l1=5.30e-01  l2=0.00e+00  psnr=15.8  cos=0.6127
[epoch 28 step 575]  loss=4.93e-01  l1=4.93e-01  l2=0.00e+00  psnr=16.2  cos=0.6410
[epoch 28 step 600]  loss=5.16e-01  l1=5.16e-01  l2=0.00e+00  psnr=16.0  cos=0.6196
[epoch 28 DONE]  final_loss=5.33e-01  psnr=16.00  cos=0.6196
[checkpoint] /workspace/runs/trial_toy/checkpoints/epoch_0028.pt
[val epoch 28]  latent_l1=0.5277  latent_l2=0.7821  latent_psnr=25.5862
[best] new best latent_psnr=25.5862 (prev=25.5831) -> /workspace/runs/trial_toy/checkpoints/best.pt
[epoch 29 step 000]  loss=5.45e-01  l1=5.45e-01  l2=0.00e+00  psnr=15.5  cos=0.6083
[epoch 29 step 025]  loss=5.32e-01  l1=5.32e-01  l2=0.00e+00  psnr=15.7  cos=0.6126
[epoch 29 step 050]  loss=5.22e-01  l1=5.22e-01  l2=0.00e+00  psnr=15.8  cos=0.6266
[epoch 29 step 075]  loss=5.13e-01  l1=5.13e-01  l2=0.00e+00  psnr=15.9  cos=0.6314
[epoch 29 step 100]  loss=5.27e-01  l1=5.27e-01  l2=0.00e+00  psnr=15.9  cos=0.6201
[epoch 29 step 125]  loss=5.43e-01  l1=5.43e-01  l2=0.00e+00  psnr=15.5  cos=0.6239
[epoch 29 step 150]  loss=5.28e-01  l1=5.28e-01  l2=0.00e+00  psnr=15.7  cos=0.6250
[epoch 29 step 175]  loss=5.50e-01  l1=5.50e-01  l2=0.00e+00  psnr=15.5  cos=0.6177
[epoch 29 step 200]  loss=5.08e-01  l1=5.08e-01  l2=0.00e+00  psnr=16.0  cos=0.6390
[epoch 29 step 225]  loss=5.19e-01  l1=5.19e-01  l2=0.00e+00  psnr=16.0  cos=0.6106
[epoch 29 step 250]  loss=5.47e-01  l1=5.47e-01  l2=0.00e+00  psnr=15.3  cos=0.6122
[epoch 29 step 275]  loss=5.14e-01  l1=5.14e-01  l2=0.00e+00  psnr=15.9  cos=0.6261
[epoch 29 step 300]  loss=5.26e-01  l1=5.26e-01  l2=0.00e+00  psnr=15.8  cos=0.6263
[epoch 29 step 325]  loss=5.21e-01  l1=5.21e-01  l2=0.00e+00  psnr=15.9  cos=0.6208
[epoch 29 step 350]  loss=5.28e-01  l1=5.28e-01  l2=0.00e+00  psnr=15.8  cos=0.6155
[epoch 29 step 375]  loss=5.38e-01  l1=5.38e-01  l2=0.00e+00  psnr=15.5  cos=0.6292
[epoch 29 step 400]  loss=5.36e-01  l1=5.36e-01  l2=0.00e+00  psnr=15.8  cos=0.6061
[epoch 29 step 425]  loss=5.42e-01  l1=5.42e-01  l2=0.00e+00  psnr=15.6  cos=0.6164
[epoch 29 step 450]  loss=5.40e-01  l1=5.40e-01  l2=0.00e+00  psnr=15.7  cos=0.6064
[epoch 29 step 475]  loss=5.22e-01  l1=5.22e-01  l2=0.00e+00  psnr=15.9  cos=0.6256
[epoch 29 step 500]  loss=5.27e-01  l1=5.27e-01  l2=0.00e+00  psnr=15.8  cos=0.6152
[epoch 29 step 525]  loss=5.36e-01  l1=5.36e-01  l2=0.00e+00  psnr=15.6  cos=0.6110
[epoch 29 step 550]  loss=5.32e-01  l1=5.32e-01  l2=0.00e+00  psnr=15.8  cos=0.6034
[epoch 29 step 575]  loss=5.10e-01  l1=5.10e-01  l2=0.00e+00  psnr=16.0  cos=0.6253
[epoch 29 step 600]  loss=5.38e-01  l1=5.38e-01  l2=0.00e+00  psnr=15.7  cos=0.6070
[epoch 29 DONE]  final_loss=5.04e-01  psnr=15.67  cos=0.6070
[checkpoint] /workspace/runs/trial_toy/checkpoints/epoch_0029.pt
[val epoch 29]  latent_l1=0.5274  latent_l2=0.7816  latent_psnr=25.5925
[best] new best latent_psnr=25.5925 (prev=25.5862) -> /workspace/runs/trial_toy/checkpoints/best.pt
[epoch 30 step 000]  loss=5.31e-01  l1=5.31e-01  l2=0.00e+00  psnr=15.7  cos=0.6198
[epoch 30 step 025]  loss=5.46e-01  l1=5.46e-01  l2=0.00e+00  psnr=15.5  cos=0.6059
[epoch 30 step 050]  loss=5.13e-01  l1=5.13e-01  l2=0.00e+00  psnr=15.8  cos=0.6332
[epoch 30 step 075]  loss=5.30e-01  l1=5.30e-01  l2=0.00e+00  psnr=15.8  cos=0.6181
[epoch 30 step 100]  loss=5.18e-01  l1=5.18e-01  l2=0.00e+00  psnr=15.8  cos=0.6338
[epoch 30 step 125]  loss=5.42e-01  l1=5.42e-01  l2=0.00e+00  psnr=15.5  cos=0.6297
[epoch 30 step 150]  loss=5.25e-01  l1=5.25e-01  l2=0.00e+00  psnr=15.8  cos=0.6203
[epoch 30 step 175]  loss=5.32e-01  l1=5.32e-01  l2=0.00e+00  psnr=15.7  cos=0.6177
[epoch 30 step 200]  loss=5.53e-01  l1=5.53e-01  l2=0.00e+00  psnr=15.5  cos=0.5979
[epoch 30 step 225]  loss=5.14e-01  l1=5.14e-01  l2=0.00e+00  psnr=16.0  cos=0.6306
[epoch 30 step 250]  loss=5.53e-01  l1=5.53e-01  l2=0.00e+00  psnr=15.4  cos=0.5983
[epoch 30 step 275]  loss=5.15e-01  l1=5.15e-01  l2=0.00e+00  psnr=15.8  cos=0.6382
[epoch 30 step 300]  loss=5.31e-01  l1=5.31e-01  l2=0.00e+00  psnr=15.7  cos=0.6129
[epoch 30 step 325]  loss=5.26e-01  l1=5.26e-01  l2=0.00e+00  psnr=15.8  cos=0.6221
[epoch 30 step 350]  loss=5.25e-01  l1=5.25e-01  l2=0.00e+00  psnr=15.8  cos=0.6235
[epoch 30 step 375]  loss=5.15e-01  l1=5.15e-01  l2=0.00e+00  psnr=15.9  cos=0.6285
[epoch 30 step 400]  loss=5.35e-01  l1=5.35e-01  l2=0.00e+00  psnr=15.7  cos=0.6102
[epoch 30 step 425]  loss=5.48e-01  l1=5.48e-01  l2=0.00e+00  psnr=15.5  cos=0.6000
[epoch 30 step 450]  loss=5.17e-01  l1=5.17e-01  l2=0.00e+00  psnr=15.8  cos=0.6321
[epoch 30 step 475]  loss=5.10e-01  l1=5.10e-01  l2=0.00e+00  psnr=15.9  cos=0.6324
[epoch 30 step 500]  loss=5.30e-01  l1=5.30e-01  l2=0.00e+00  psnr=15.8  cos=0.6254
[epoch 30 step 525]  loss=5.27e-01  l1=5.27e-01  l2=0.00e+00  psnr=15.7  cos=0.6313
[epoch 30 step 550]  loss=5.09e-01  l1=5.09e-01  l2=0.00e+00  psnr=16.1  cos=0.6302
[epoch 30 step 575]  loss=5.11e-01  l1=5.11e-01  l2=0.00e+00  psnr=16.1  cos=0.6333
[epoch 30 step 600]  loss=5.29e-01  l1=5.29e-01  l2=0.00e+00  psnr=15.8  cos=0.6161
[epoch 30 DONE]  final_loss=5.25e-01  psnr=15.81  cos=0.6161
[checkpoint] /workspace/runs/trial_toy/checkpoints/epoch_0030.pt
[val epoch 30]  latent_l1=0.5275  latent_l2=0.7814  latent_psnr=25.5942
[best] new best latent_psnr=25.5942 (prev=25.5925) -> /workspace/runs/trial_toy/checkpoints/best.pt
[epoch 31 step 000]  loss=5.26e-01  l1=5.26e-01  l2=0.00e+00  psnr=15.9  cos=0.6124
[epoch 31 step 025]  loss=5.52e-01  l1=5.52e-01  l2=0.00e+00  psnr=15.4  cos=0.5983
[epoch 31 step 050]  loss=5.37e-01  l1=5.37e-01  l2=0.00e+00  psnr=15.7  cos=0.6109
[epoch 31 step 075]  loss=5.25e-01  l1=5.25e-01  l2=0.00e+00  psnr=15.8  cos=0.6223
[epoch 31 step 100]  loss=5.33e-01  l1=5.33e-01  l2=0.00e+00  psnr=15.7  cos=0.6164
[epoch 31 step 125]  loss=5.36e-01  l1=5.36e-01  l2=0.00e+00  psnr=15.6  cos=0.6137
[epoch 31 step 150]  loss=5.12e-01  l1=5.12e-01  l2=0.00e+00  psnr=15.8  cos=0.6432
[epoch 31 step 175]  loss=5.37e-01  l1=5.37e-01  l2=0.00e+00  psnr=15.6  cos=0.6264
[epoch 31 step 200]  loss=5.51e-01  l1=5.51e-01  l2=0.00e+00  psnr=15.5  cos=0.5994
[epoch 31 step 225]  loss=5.28e-01  l1=5.28e-01  l2=0.00e+00  psnr=15.8  cos=0.6178
[epoch 31 step 250]  loss=5.26e-01  l1=5.26e-01  l2=0.00e+00  psnr=15.7  cos=0.6187
[epoch 31 step 275]  loss=5.37e-01  l1=5.37e-01  l2=0.00e+00  psnr=15.8  cos=0.6097
[epoch 31 step 300]  loss=5.14e-01  l1=5.14e-01  l2=0.00e+00  psnr=16.0  cos=0.6280
[epoch 31 step 325]  loss=5.43e-01  l1=5.43e-01  l2=0.00e+00  psnr=15.5  cos=0.6149
[epoch 31 step 350]  loss=5.18e-01  l1=5.18e-01  l2=0.00e+00  psnr=15.9  cos=0.6199
[epoch 31 step 375]  loss=5.30e-01  l1=5.30e-01  l2=0.00e+00  psnr=15.7  cos=0.6158
[epoch 31 step 400]  loss=5.16e-01  l1=5.16e-01  l2=0.00e+00  psnr=16.0  cos=0.6311
[epoch 31 step 425]  loss=5.59e-01  l1=5.59e-01  l2=0.00e+00  psnr=15.3  cos=0.5994
[epoch 31 step 450]  loss=5.27e-01  l1=5.27e-01  l2=0.00e+00  psnr=15.8  cos=0.6210
[epoch 31 step 475]  loss=5.29e-01  l1=5.29e-01  l2=0.00e+00  psnr=15.7  cos=0.6228
[epoch 31 step 500]  loss=5.35e-01  l1=5.35e-01  l2=0.00e+00  psnr=15.7  cos=0.6167
[epoch 31 step 525]  loss=5.27e-01  l1=5.27e-01  l2=0.00e+00  psnr=15.8  cos=0.6244
[epoch 31 step 550]  loss=5.16e-01  l1=5.16e-01  l2=0.00e+00  psnr=16.0  cos=0.6273
[epoch 31 step 575]  loss=5.65e-01  l1=5.65e-01  l2=0.00e+00  psnr=15.2  cos=0.6061
[epoch 31 step 600]  loss=5.19e-01  l1=5.19e-01  l2=0.00e+00  psnr=15.6  cos=0.6427
[epoch 31 DONE]  final_loss=5.28e-01  psnr=15.60  cos=0.6427
[checkpoint] /workspace/runs/trial_toy/checkpoints/epoch_0031.pt
[val epoch 31]  latent_l1=0.5266  latent_l2=0.7808  latent_psnr=25.6011
[best] new best latent_psnr=25.6011 (prev=25.5942) -> /workspace/runs/trial_toy/checkpoints/best.pt
[epoch 32 step 000]  loss=5.21e-01  l1=5.21e-01  l2=0.00e+00  psnr=15.8  cos=0.6279
[epoch 32 step 025]  loss=5.29e-01  l1=5.29e-01  l2=0.00e+00  psnr=15.8  cos=0.6228
[epoch 32 step 050]  loss=5.50e-01  l1=5.50e-01  l2=0.00e+00  psnr=15.4  cos=0.6081
[epoch 32 step 075]  loss=5.46e-01  l1=5.46e-01  l2=0.00e+00  psnr=15.6  cos=0.6086
[epoch 32 step 100]  loss=5.34e-01  l1=5.34e-01  l2=0.00e+00  psnr=15.7  cos=0.6142
[epoch 32 step 125]  loss=5.19e-01  l1=5.19e-01  l2=0.00e+00  psnr=15.9  cos=0.6329
[epoch 32 step 150]  loss=5.20e-01  l1=5.20e-01  l2=0.00e+00  psnr=15.9  cos=0.6176
[epoch 32 step 175]  loss=5.37e-01  l1=5.37e-01  l2=0.00e+00  psnr=15.6  cos=0.6215
[epoch 32 step 200]  loss=5.21e-01  l1=5.21e-01  l2=0.00e+00  psnr=15.8  cos=0.6376
[epoch 32 step 225]  loss=5.07e-01  l1=5.07e-01  l2=0.00e+00  psnr=16.2  cos=0.6342
[epoch 32 step 250]  loss=4.97e-01  l1=4.97e-01  l2=0.00e+00  psnr=16.1  cos=0.6459
[epoch 32 step 275]  loss=5.29e-01  l1=5.29e-01  l2=0.00e+00  psnr=15.7  cos=0.6233
[epoch 32 step 300]  loss=5.13e-01  l1=5.13e-01  l2=0.00e+00  psnr=15.9  cos=0.6320
[epoch 32 step 325]  loss=5.43e-01  l1=5.43e-01  l2=0.00e+00  psnr=15.6  cos=0.6092
[epoch 32 step 350]  loss=5.25e-01  l1=5.25e-01  l2=0.00e+00  psnr=15.8  cos=0.6328
[epoch 32 step 375]  loss=5.43e-01  l1=5.43e-01  l2=0.00e+00  psnr=15.5  cos=0.6105
[epoch 32 step 400]  loss=5.15e-01  l1=5.15e-01  l2=0.00e+00  psnr=15.9  cos=0.6257
[epoch 32 step 425]  loss=5.24e-01  l1=5.24e-01  l2=0.00e+00  psnr=15.9  cos=0.6180
[epoch 32 step 450]  loss=5.16e-01  l1=5.16e-01  l2=0.00e+00  psnr=15.9  cos=0.6222
[epoch 32 step 475]  loss=5.23e-01  l1=5.23e-01  l2=0.00e+00  psnr=15.7  cos=0.6266
[epoch 32 step 500]  loss=4.88e-01  l1=4.88e-01  l2=0.00e+00  psnr=16.1  cos=0.6502
[epoch 32 step 525]  loss=5.22e-01  l1=5.22e-01  l2=0.00e+00  psnr=15.7  cos=0.6301
[epoch 32 step 550]  loss=5.28e-01  l1=5.28e-01  l2=0.00e+00  psnr=15.8  cos=0.6077
[epoch 32 step 575]  loss=5.28e-01  l1=5.28e-01  l2=0.00e+00  psnr=15.8  cos=0.6207
[epoch 32 step 600]  loss=5.39e-01  l1=5.39e-01  l2=0.00e+00  psnr=15.8  cos=0.5937
[epoch 32 DONE]  final_loss=5.08e-01  psnr=15.79  cos=0.5937
[checkpoint] /workspace/runs/trial_toy/checkpoints/epoch_0032.pt
[val epoch 32]  latent_l1=0.5263  latent_l2=0.7803  latent_psnr=25.6065
[best] new best latent_psnr=25.6065 (prev=25.6011) -> /workspace/runs/trial_toy/checkpoints/best.pt
[epoch 33 step 000]  loss=5.25e-01  l1=5.25e-01  l2=0.00e+00  psnr=15.8  cos=0.6264
[epoch 33 step 025]  loss=5.14e-01  l1=5.14e-01  l2=0.00e+00  psnr=15.9  cos=0.6348
[epoch 33 step 050]  loss=5.17e-01  l1=5.17e-01  l2=0.00e+00  psnr=15.8  cos=0.6301
[epoch 33 step 075]  loss=5.26e-01  l1=5.26e-01  l2=0.00e+00  psnr=15.9  cos=0.6130
[epoch 33 step 100]  loss=5.39e-01  l1=5.39e-01  l2=0.00e+00  psnr=15.6  cos=0.6121
[epoch 33 step 125]  loss=5.27e-01  l1=5.27e-01  l2=0.00e+00  psnr=15.8  cos=0.6221
[epoch 33 step 150]  loss=5.36e-01  l1=5.36e-01  l2=0.00e+00  psnr=15.7  cos=0.6135
[epoch 33 step 175]  loss=5.33e-01  l1=5.33e-01  l2=0.00e+00  psnr=15.7  cos=0.6130
[epoch 33 step 200]  loss=5.27e-01  l1=5.27e-01  l2=0.00e+00  psnr=15.7  cos=0.6242
[epoch 33 step 225]  loss=5.19e-01  l1=5.19e-01  l2=0.00e+00  psnr=16.0  cos=0.6242
[epoch 33 step 250]  loss=4.98e-01  l1=4.98e-01  l2=0.00e+00  psnr=16.3  cos=0.6398
[epoch 33 step 275]  loss=5.32e-01  l1=5.32e-01  l2=0.00e+00  psnr=15.6  cos=0.6295
[epoch 33 step 300]  loss=5.32e-01  l1=5.32e-01  l2=0.00e+00  psnr=15.8  cos=0.6057
[epoch 33 step 325]  loss=5.31e-01  l1=5.31e-01  l2=0.00e+00  psnr=15.8  cos=0.6141
[epoch 33 step 350]  loss=5.76e-01  l1=5.76e-01  l2=0.00e+00  psnr=15.0  cos=0.6012
[epoch 33 step 375]  loss=5.33e-01  l1=5.33e-01  l2=0.00e+00  psnr=15.7  cos=0.6147
[epoch 33 step 400]  loss=5.18e-01  l1=5.18e-01  l2=0.00e+00  psnr=15.8  cos=0.6359
[epoch 33 step 425]  loss=5.22e-01  l1=5.22e-01  l2=0.00e+00  psnr=15.9  cos=0.6322
[epoch 33 step 450]  loss=5.11e-01  l1=5.11e-01  l2=0.00e+00  psnr=15.8  cos=0.6429
[epoch 33 step 475]  loss=5.26e-01  l1=5.26e-01  l2=0.00e+00  psnr=15.7  cos=0.6291
[epoch 33 step 500]  loss=5.44e-01  l1=5.44e-01  l2=0.00e+00  psnr=15.6  cos=0.6138
[epoch 33 step 525]  loss=5.12e-01  l1=5.12e-01  l2=0.00e+00  psnr=15.8  cos=0.6319
[epoch 33 step 550]  loss=5.37e-01  l1=5.37e-01  l2=0.00e+00  psnr=15.7  cos=0.6093
[epoch 33 step 575]  loss=5.46e-01  l1=5.46e-01  l2=0.00e+00  psnr=15.4  cos=0.6162
[epoch 33 step 600]  loss=5.21e-01  l1=5.21e-01  l2=0.00e+00  psnr=15.8  cos=0.6265
[epoch 33 DONE]  final_loss=5.17e-01  psnr=15.79  cos=0.6265
[checkpoint] /workspace/runs/trial_toy/checkpoints/epoch_0033.pt
[val epoch 33]  latent_l1=0.5259  latent_l2=0.7798  latent_psnr=25.6125
[best] new best latent_psnr=25.6125 (prev=25.6065) -> /workspace/runs/trial_toy/checkpoints/best.pt
[epoch 34 step 000]  loss=5.28e-01  l1=5.28e-01  l2=0.00e+00  psnr=15.8  cos=0.6241
[epoch 34 step 025]  loss=5.31e-01  l1=5.31e-01  l2=0.00e+00  psnr=15.7  cos=0.6235
[epoch 34 step 050]  loss=5.18e-01  l1=5.18e-01  l2=0.00e+00  psnr=16.0  cos=0.6274
[epoch 34 step 075]  loss=5.14e-01  l1=5.14e-01  l2=0.00e+00  psnr=15.7  cos=0.6474
[epoch 34 step 100]  loss=5.47e-01  l1=5.47e-01  l2=0.00e+00  psnr=15.6  cos=0.6041
[epoch 34 step 125]  loss=5.26e-01  l1=5.26e-01  l2=0.00e+00  psnr=15.8  cos=0.6332
[epoch 34 step 150]  loss=5.39e-01  l1=5.39e-01  l2=0.00e+00  psnr=15.5  cos=0.6237
[epoch 34 step 175]  loss=4.99e-01  l1=4.99e-01  l2=0.00e+00  psnr=16.0  cos=0.6468
[epoch 34 step 200]  loss=5.55e-01  l1=5.55e-01  l2=0.00e+00  psnr=15.6  cos=0.5868
[epoch 34 step 225]  loss=5.05e-01  l1=5.05e-01  l2=0.00e+00  psnr=15.9  cos=0.6479
[epoch 34 step 250]  loss=5.29e-01  l1=5.29e-01  l2=0.00e+00  psnr=15.8  cos=0.6216
[epoch 34 step 275]  loss=5.47e-01  l1=5.47e-01  l2=0.00e+00  psnr=15.6  cos=0.6047
[epoch 34 step 300]  loss=5.21e-01  l1=5.21e-01  l2=0.00e+00  psnr=16.1  cos=0.6203
[epoch 34 step 325]  loss=5.18e-01  l1=5.18e-01  l2=0.00e+00  psnr=16.0  cos=0.6214
[epoch 34 step 350]  loss=5.25e-01  l1=5.25e-01  l2=0.00e+00  psnr=15.7  cos=0.6242
[epoch 34 step 375]  loss=5.15e-01  l1=5.15e-01  l2=0.00e+00  psnr=15.9  cos=0.6346
[epoch 34 step 400]  loss=5.13e-01  l1=5.13e-01  l2=0.00e+00  psnr=16.0  cos=0.6327
[epoch 34 step 425]  loss=5.17e-01  l1=5.17e-01  l2=0.00e+00  psnr=15.9  cos=0.6343
[epoch 34 step 450]  loss=5.07e-01  l1=5.07e-01  l2=0.00e+00  psnr=16.0  cos=0.6420
[epoch 34 step 475]  loss=5.05e-01  l1=5.05e-01  l2=0.00e+00  psnr=16.1  cos=0.6457
[epoch 34 step 500]  loss=5.35e-01  l1=5.35e-01  l2=0.00e+00  psnr=15.8  cos=0.6099
[epoch 34 step 525]  loss=5.30e-01  l1=5.30e-01  l2=0.00e+00  psnr=15.8  cos=0.6247
[epoch 34 step 550]  loss=5.41e-01  l1=5.41e-01  l2=0.00e+00  psnr=15.5  cos=0.6215
[epoch 34 step 575]  loss=5.07e-01  l1=5.07e-01  l2=0.00e+00  psnr=16.0  cos=0.6362
[epoch 34 step 600]  loss=5.37e-01  l1=5.37e-01  l2=0.00e+00  psnr=15.7  cos=0.6132
[epoch 34 DONE]  final_loss=5.18e-01  psnr=15.71  cos=0.6132
[checkpoint] /workspace/runs/trial_toy/checkpoints/epoch_0034.pt
[val epoch 34]  latent_l1=0.5257  latent_l2=0.7796  latent_psnr=25.6148
[best] new best latent_psnr=25.6148 (prev=25.6125) -> /workspace/runs/trial_toy/checkpoints/best.pt
[epoch 35 step 000]  loss=5.45e-01  l1=5.45e-01  l2=0.00e+00  psnr=15.6  cos=0.6035
[epoch 35 step 025]  loss=5.20e-01  l1=5.20e-01  l2=0.00e+00  psnr=15.9  cos=0.6297
[epoch 35 step 050]  loss=5.09e-01  l1=5.09e-01  l2=0.00e+00  psnr=15.9  cos=0.6402
[epoch 35 step 075]  loss=5.05e-01  l1=5.05e-01  l2=0.00e+00  psnr=16.0  cos=0.6572
[epoch 35 step 100]  loss=5.32e-01  l1=5.32e-01  l2=0.00e+00  psnr=15.8  cos=0.6277
[epoch 35 step 125]  loss=5.21e-01  l1=5.21e-01  l2=0.00e+00  psnr=15.9  cos=0.6305
[epoch 35 step 150]  loss=5.37e-01  l1=5.37e-01  l2=0.00e+00  psnr=15.5  cos=0.6230
[epoch 35 step 175]  loss=5.10e-01  l1=5.10e-01  l2=0.00e+00  psnr=15.9  cos=0.6352
[epoch 35 step 200]  loss=5.32e-01  l1=5.32e-01  l2=0.00e+00  psnr=15.7  cos=0.6197
[epoch 35 step 225]  loss=5.45e-01  l1=5.45e-01  l2=0.00e+00  psnr=15.4  cos=0.6267
[epoch 35 step 250]  loss=5.09e-01  l1=5.09e-01  l2=0.00e+00  psnr=15.9  cos=0.6342
[epoch 35 step 275]  loss=5.13e-01  l1=5.13e-01  l2=0.00e+00  psnr=16.1  cos=0.6269
[epoch 35 step 300]  loss=5.33e-01  l1=5.33e-01  l2=0.00e+00  psnr=15.8  cos=0.6106
[epoch 35 step 325]  loss=5.41e-01  l1=5.41e-01  l2=0.00e+00  psnr=15.6  cos=0.6081
[epoch 35 step 350]  loss=5.41e-01  l1=5.41e-01  l2=0.00e+00  psnr=15.6  cos=0.6026
[epoch 35 step 375]  loss=5.21e-01  l1=5.21e-01  l2=0.00e+00  psnr=15.9  cos=0.6183
[epoch 35 step 400]  loss=5.18e-01  l1=5.18e-01  l2=0.00e+00  psnr=15.9  cos=0.6323
[epoch 35 step 425]  loss=5.36e-01  l1=5.36e-01  l2=0.00e+00  psnr=15.7  cos=0.6172
[epoch 35 step 450]  loss=5.34e-01  l1=5.34e-01  l2=0.00e+00  psnr=15.7  cos=0.6120
[epoch 35 step 475]  loss=5.15e-01  l1=5.15e-01  l2=0.00e+00  psnr=16.0  cos=0.6260
[epoch 35 step 500]  loss=5.48e-01  l1=5.48e-01  l2=0.00e+00  psnr=15.4  cos=0.6092
[epoch 35 step 525]  loss=5.29e-01  l1=5.29e-01  l2=0.00e+00  psnr=15.8  cos=0.6233
[epoch 35 step 550]  loss=5.09e-01  l1=5.09e-01  l2=0.00e+00  psnr=16.1  cos=0.6368
[epoch 35 step 575]  loss=5.36e-01  l1=5.36e-01  l2=0.00e+00  psnr=15.7  cos=0.6203
[epoch 35 step 600]  loss=5.07e-01  l1=5.07e-01  l2=0.00e+00  psnr=16.3  cos=0.6311
[epoch 35 DONE]  final_loss=5.21e-01  psnr=16.26  cos=0.6311
[checkpoint] /workspace/runs/trial_toy/checkpoints/epoch_0035.pt
[val epoch 35]  latent_l1=0.5254  latent_l2=0.7793  latent_psnr=25.6173
[best] new best latent_psnr=25.6173 (prev=25.6148) -> /workspace/runs/trial_toy/checkpoints/best.pt
[epoch 36 step 000]  loss=5.41e-01  l1=5.41e-01  l2=0.00e+00  psnr=15.7  cos=0.6153
[epoch 36 step 025]  loss=5.40e-01  l1=5.40e-01  l2=0.00e+00  psnr=15.6  cos=0.6093
[epoch 36 step 050]  loss=5.18e-01  l1=5.18e-01  l2=0.00e+00  psnr=15.8  cos=0.6292
[epoch 36 step 075]  loss=5.37e-01  l1=5.37e-01  l2=0.00e+00  psnr=15.7  cos=0.6256
[epoch 36 step 100]  loss=5.20e-01  l1=5.20e-01  l2=0.00e+00  psnr=15.8  cos=0.6372
[epoch 36 step 125]  loss=5.40e-01  l1=5.40e-01  l2=0.00e+00  psnr=15.6  cos=0.6173
[epoch 36 step 150]  loss=5.44e-01  l1=5.44e-01  l2=0.00e+00  psnr=15.5  cos=0.6113
[epoch 36 step 175]  loss=5.10e-01  l1=5.10e-01  l2=0.00e+00  psnr=16.0  cos=0.6383
[epoch 36 step 200]  loss=5.48e-01  l1=5.48e-01  l2=0.00e+00  psnr=15.4  cos=0.6096
[epoch 36 step 225]  loss=5.32e-01  l1=5.32e-01  l2=0.00e+00  psnr=15.6  cos=0.6202
[epoch 36 step 250]  loss=5.22e-01  l1=5.22e-01  l2=0.00e+00  psnr=15.9  cos=0.6242
[epoch 36 step 275]  loss=5.31e-01  l1=5.31e-01  l2=0.00e+00  psnr=15.9  cos=0.5981
[epoch 36 step 300]  loss=5.21e-01  l1=5.21e-01  l2=0.00e+00  psnr=15.9  cos=0.6256
[epoch 36 step 325]  loss=5.26e-01  l1=5.26e-01  l2=0.00e+00  psnr=15.7  cos=0.6321
[epoch 36 step 350]  loss=5.15e-01  l1=5.15e-01  l2=0.00e+00  psnr=15.9  cos=0.6273
[epoch 36 step 375]  loss=5.29e-01  l1=5.29e-01  l2=0.00e+00  psnr=15.7  cos=0.6208
[epoch 36 step 400]  loss=5.20e-01  l1=5.20e-01  l2=0.00e+00  psnr=15.9  cos=0.6128
[epoch 36 step 425]  loss=5.43e-01  l1=5.43e-01  l2=0.00e+00  psnr=15.6  cos=0.6048
[epoch 36 step 450]  loss=5.38e-01  l1=5.38e-01  l2=0.00e+00  psnr=15.7  cos=0.6164
[epoch 36 step 475]  loss=5.04e-01  l1=5.04e-01  l2=0.00e+00  psnr=16.1  cos=0.6393
[epoch 36 step 500]  loss=5.31e-01  l1=5.31e-01  l2=0.00e+00  psnr=15.6  cos=0.6139
[epoch 36 step 525]  loss=5.45e-01  l1=5.45e-01  l2=0.00e+00  psnr=15.5  cos=0.6226
[epoch 36 step 550]  loss=5.13e-01  l1=5.13e-01  l2=0.00e+00  psnr=16.0  cos=0.6242
[epoch 36 step 575]  loss=5.32e-01  l1=5.32e-01  l2=0.00e+00  psnr=15.8  cos=0.6123
[epoch 36 step 600]  loss=5.25e-01  l1=5.25e-01  l2=0.00e+00  psnr=15.9  cos=0.6191
[epoch 36 DONE]  final_loss=5.23e-01  psnr=15.89  cos=0.6191
[checkpoint] /workspace/runs/trial_toy/checkpoints/epoch_0036.pt
[val epoch 36]  latent_l1=0.5251  latent_l2=0.7791  latent_psnr=25.6196
[best] new best latent_psnr=25.6196 (prev=25.6173) -> /workspace/runs/trial_toy/checkpoints/best.pt
[epoch 37 step 000]  loss=5.21e-01  l1=5.21e-01  l2=0.00e+00  psnr=15.9  cos=0.6212
[epoch 37 step 025]  loss=5.22e-01  l1=5.22e-01  l2=0.00e+00  psnr=15.9  cos=0.6203
[epoch 37 step 050]  loss=5.50e-01  l1=5.50e-01  l2=0.00e+00  psnr=15.5  cos=0.6022
[epoch 37 step 075]  loss=5.33e-01  l1=5.33e-01  l2=0.00e+00  psnr=15.5  cos=0.6344
[epoch 37 step 100]  loss=5.09e-01  l1=5.09e-01  l2=0.00e+00  psnr=16.0  cos=0.6344
[epoch 37 step 125]  loss=5.22e-01  l1=5.22e-01  l2=0.00e+00  psnr=15.9  cos=0.6307
[epoch 37 step 150]  loss=5.28e-01  l1=5.28e-01  l2=0.00e+00  psnr=15.8  cos=0.6145
[epoch 37 step 175]  loss=5.36e-01  l1=5.36e-01  l2=0.00e+00  psnr=15.7  cos=0.6120
[epoch 37 step 200]  loss=5.60e-01  l1=5.60e-01  l2=0.00e+00  psnr=15.3  cos=0.6107
[epoch 37 step 225]  loss=5.17e-01  l1=5.17e-01  l2=0.00e+00  psnr=15.9  cos=0.6245
[epoch 37 step 250]  loss=5.48e-01  l1=5.48e-01  l2=0.00e+00  psnr=15.5  cos=0.6106
[epoch 37 step 275]  loss=5.27e-01  l1=5.27e-01  l2=0.00e+00  psnr=15.8  cos=0.6220
[epoch 37 step 300]  loss=5.40e-01  l1=5.40e-01  l2=0.00e+00  psnr=15.5  cos=0.6152
[epoch 37 step 325]  loss=5.22e-01  l1=5.22e-01  l2=0.00e+00  psnr=15.6  cos=0.6443
[epoch 37 step 350]  loss=5.29e-01  l1=5.29e-01  l2=0.00e+00  psnr=15.8  cos=0.6269
[epoch 37 step 375]  loss=5.19e-01  l1=5.19e-01  l2=0.00e+00  psnr=15.9  cos=0.6299
[epoch 37 step 400]  loss=5.11e-01  l1=5.11e-01  l2=0.00e+00  psnr=16.1  cos=0.6326
[epoch 37 step 425]  loss=5.19e-01  l1=5.19e-01  l2=0.00e+00  psnr=15.9  cos=0.6273
[epoch 37 step 450]  loss=5.33e-01  l1=5.33e-01  l2=0.00e+00  psnr=15.5  cos=0.6352
[epoch 37 step 475]  loss=5.30e-01  l1=5.30e-01  l2=0.00e+00  psnr=15.6  cos=0.6386
[epoch 37 step 500]  loss=5.40e-01  l1=5.40e-01  l2=0.00e+00  psnr=15.6  cos=0.6180
[epoch 37 step 525]  loss=5.37e-01  l1=5.37e-01  l2=0.00e+00  psnr=15.7  cos=0.5997
[epoch 37 step 550]  loss=5.49e-01  l1=5.49e-01  l2=0.00e+00  psnr=15.6  cos=0.5986
[epoch 37 step 575]  loss=5.36e-01  l1=5.36e-01  l2=0.00e+00  psnr=15.8  cos=0.6162
[epoch 37 step 600]  loss=5.28e-01  l1=5.28e-01  l2=0.00e+00  psnr=15.8  cos=0.6220
[epoch 37 DONE]  final_loss=5.21e-01  psnr=15.79  cos=0.6220
[checkpoint] /workspace/runs/trial_toy/checkpoints/epoch_0037.pt
[val epoch 37]  latent_l1=0.5247  latent_l2=0.7785  latent_psnr=25.6265
[best] new best latent_psnr=25.6265 (prev=25.6196) -> /workspace/runs/trial_toy/checkpoints/best.pt
[epoch 38 step 000]  loss=5.50e-01  l1=5.50e-01  l2=0.00e+00  psnr=15.4  cos=0.6107
[epoch 38 step 025]  loss=5.17e-01  l1=5.17e-01  l2=0.00e+00  psnr=15.9  cos=0.6243
[epoch 38 step 050]  loss=5.51e-01  l1=5.51e-01  l2=0.00e+00  psnr=15.5  cos=0.6026
[epoch 38 step 075]  loss=5.41e-01  l1=5.41e-01  l2=0.00e+00  psnr=15.4  cos=0.6108
[epoch 38 step 100]  loss=5.08e-01  l1=5.08e-01  l2=0.00e+00  psnr=15.9  cos=0.6437
[epoch 38 step 125]  loss=5.16e-01  l1=5.16e-01  l2=0.00e+00  psnr=15.7  cos=0.6397
[epoch 38 step 150]  loss=4.99e-01  l1=4.99e-01  l2=0.00e+00  psnr=16.2  cos=0.6366
[epoch 38 step 175]  loss=5.02e-01  l1=5.02e-01  l2=0.00e+00  psnr=15.9  cos=0.6508
[epoch 38 step 200]  loss=5.37e-01  l1=5.37e-01  l2=0.00e+00  psnr=15.6  cos=0.6187
[epoch 38 step 225]  loss=5.26e-01  l1=5.26e-01  l2=0.00e+00  psnr=15.8  cos=0.6230
[epoch 38 step 250]  loss=5.33e-01  l1=5.33e-01  l2=0.00e+00  psnr=15.6  cos=0.6239
[epoch 38 step 275]  loss=5.12e-01  l1=5.12e-01  l2=0.00e+00  psnr=15.9  cos=0.6297
[epoch 38 step 300]  loss=5.23e-01  l1=5.23e-01  l2=0.00e+00  psnr=15.8  cos=0.6330
[epoch 38 step 325]  loss=5.09e-01  l1=5.09e-01  l2=0.00e+00  psnr=16.0  cos=0.6309
[epoch 38 step 350]  loss=5.23e-01  l1=5.23e-01  l2=0.00e+00  psnr=15.7  cos=0.6312
[epoch 38 step 375]  loss=5.26e-01  l1=5.26e-01  l2=0.00e+00  psnr=15.8  cos=0.6236
[epoch 38 step 400]  loss=5.07e-01  l1=5.07e-01  l2=0.00e+00  psnr=16.1  cos=0.6348
[epoch 38 step 425]  loss=5.45e-01  l1=5.45e-01  l2=0.00e+00  psnr=15.5  cos=0.6113
[epoch 38 step 450]  loss=5.45e-01  l1=5.45e-01  l2=0.00e+00  psnr=15.5  cos=0.6251
[epoch 38 step 475]  loss=5.52e-01  l1=5.52e-01  l2=0.00e+00  psnr=15.4  cos=0.6084
[epoch 38 step 500]  loss=5.26e-01  l1=5.26e-01  l2=0.00e+00  psnr=15.9  cos=0.6203
[epoch 38 step 525]  loss=5.08e-01  l1=5.08e-01  l2=0.00e+00  psnr=16.1  cos=0.6391
[epoch 38 step 550]  loss=5.26e-01  l1=5.26e-01  l2=0.00e+00  psnr=15.8  cos=0.6306
[epoch 38 step 575]  loss=5.31e-01  l1=5.31e-01  l2=0.00e+00  psnr=15.7  cos=0.6270
[epoch 38 step 600]  loss=5.35e-01  l1=5.35e-01  l2=0.00e+00  psnr=15.8  cos=0.6123
[epoch 38 DONE]  final_loss=5.17e-01  psnr=15.80  cos=0.6123
[checkpoint] /workspace/runs/trial_toy/checkpoints/epoch_0038.pt
[val epoch 38]  latent_l1=0.5246  latent_l2=0.7783  latent_psnr=25.6285
[best] new best latent_psnr=25.6285 (prev=25.6265) -> /workspace/runs/trial_toy/checkpoints/best.pt
[epoch 39 step 000]  loss=5.32e-01  l1=5.32e-01  l2=0.00e+00  psnr=15.4  cos=0.6388
[epoch 39 step 025]  loss=5.25e-01  l1=5.25e-01  l2=0.00e+00  psnr=15.8  cos=0.6173
[epoch 39 step 050]  loss=5.22e-01  l1=5.22e-01  l2=0.00e+00  psnr=15.9  cos=0.6165
[epoch 39 step 075]  loss=5.19e-01  l1=5.19e-01  l2=0.00e+00  psnr=15.9  cos=0.6286
[epoch 39 step 100]  loss=5.12e-01  l1=5.12e-01  l2=0.00e+00  psnr=16.1  cos=0.6278
[epoch 39 step 125]  loss=5.37e-01  l1=5.37e-01  l2=0.00e+00  psnr=15.6  cos=0.6138
[epoch 39 step 150]  loss=5.26e-01  l1=5.26e-01  l2=0.00e+00  psnr=15.7  cos=0.6282
[epoch 39 step 175]  loss=5.27e-01  l1=5.27e-01  l2=0.00e+00  psnr=15.9  cos=0.6144
[epoch 39 step 200]  loss=5.25e-01  l1=5.25e-01  l2=0.00e+00  psnr=15.7  cos=0.6291
[epoch 39 step 225]  loss=4.97e-01  l1=4.97e-01  l2=0.00e+00  psnr=16.1  cos=0.6448
[epoch 39 step 250]  loss=5.47e-01  l1=5.47e-01  l2=0.00e+00  psnr=15.5  cos=0.6074
[epoch 39 step 275]  loss=5.24e-01  l1=5.24e-01  l2=0.00e+00  psnr=15.9  cos=0.6224
[epoch 39 step 300]  loss=5.28e-01  l1=5.28e-01  l2=0.00e+00  psnr=15.8  cos=0.6184
[epoch 39 step 325]  loss=5.43e-01  l1=5.43e-01  l2=0.00e+00  psnr=15.4  cos=0.6231
[epoch 39 step 350]  loss=5.05e-01  l1=5.05e-01  l2=0.00e+00  psnr=16.1  cos=0.6365
[epoch 39 step 375]  loss=5.28e-01  l1=5.28e-01  l2=0.00e+00  psnr=15.8  cos=0.6261
[epoch 39 step 400]  loss=5.35e-01  l1=5.35e-01  l2=0.00e+00  psnr=15.8  cos=0.6150
[epoch 39 step 425]  loss=5.37e-01  l1=5.37e-01  l2=0.00e+00  psnr=15.7  cos=0.6135
[epoch 39 step 450]  loss=4.96e-01  l1=4.96e-01  l2=0.00e+00  psnr=16.1  cos=0.6518
[epoch 39 step 475]  loss=5.40e-01  l1=5.40e-01  l2=0.00e+00  psnr=15.5  cos=0.6188
[epoch 39 step 500]  loss=5.16e-01  l1=5.16e-01  l2=0.00e+00  psnr=15.8  cos=0.6364
[epoch 39 step 525]  loss=5.33e-01  l1=5.33e-01  l2=0.00e+00  psnr=15.7  cos=0.6159
[epoch 39 step 550]  loss=5.25e-01  l1=5.25e-01  l2=0.00e+00  psnr=15.7  cos=0.6282
[epoch 39 step 575]  loss=5.34e-01  l1=5.34e-01  l2=0.00e+00  psnr=15.6  cos=0.6155
[epoch 39 step 600]  loss=5.24e-01  l1=5.24e-01  l2=0.00e+00  psnr=15.7  cos=0.6245
[epoch 39 DONE]  final_loss=5.19e-01  psnr=15.75  cos=0.6245
[checkpoint] /workspace/runs/trial_toy/checkpoints/epoch_0039.pt
[val epoch 39]  latent_l1=0.5244  latent_l2=0.7782  latent_psnr=25.6305
[best] new best latent_psnr=25.6305 (prev=25.6285) -> /workspace/runs/trial_toy/checkpoints/best.pt
[epoch 40 step 000]  loss=5.21e-01  l1=5.21e-01  l2=0.00e+00  psnr=15.7  cos=0.6439
[epoch 40 step 025]  loss=5.06e-01  l1=5.06e-01  l2=0.00e+00  psnr=16.0  cos=0.6407
[epoch 40 step 050]  loss=5.25e-01  l1=5.25e-01  l2=0.00e+00  psnr=15.6  cos=0.6369
[epoch 40 step 075]  loss=5.05e-01  l1=5.05e-01  l2=0.00e+00  psnr=16.1  cos=0.6427
[epoch 40 step 100]  loss=5.46e-01  l1=5.46e-01  l2=0.00e+00  psnr=15.5  cos=0.6112
[epoch 40 step 125]  loss=5.06e-01  l1=5.06e-01  l2=0.00e+00  psnr=16.1  cos=0.6390
[epoch 40 step 150]  loss=5.25e-01  l1=5.25e-01  l2=0.00e+00  psnr=15.7  cos=0.6300
[epoch 40 step 175]  loss=5.20e-01  l1=5.20e-01  l2=0.00e+00  psnr=15.9  cos=0.6384
[epoch 40 step 200]  loss=5.14e-01  l1=5.14e-01  l2=0.00e+00  psnr=16.0  cos=0.6381
[epoch 40 step 225]  loss=5.69e-01  l1=5.69e-01  l2=0.00e+00  psnr=15.2  cos=0.5939
[epoch 40 step 250]  loss=5.21e-01  l1=5.21e-01  l2=0.00e+00  psnr=16.0  cos=0.6197
[epoch 40 step 275]  loss=5.04e-01  l1=5.04e-01  l2=0.00e+00  psnr=15.9  cos=0.6369
[epoch 40 step 300]  loss=5.14e-01  l1=5.14e-01  l2=0.00e+00  psnr=15.9  cos=0.6315
[epoch 40 step 325]  loss=5.25e-01  l1=5.25e-01  l2=0.00e+00  psnr=15.7  cos=0.6293
[epoch 40 step 350]  loss=5.36e-01  l1=5.36e-01  l2=0.00e+00  psnr=15.7  cos=0.6058
[epoch 40 step 375]  loss=5.17e-01  l1=5.17e-01  l2=0.00e+00  psnr=15.9  cos=0.6301
[epoch 40 step 400]  loss=5.24e-01  l1=5.24e-01  l2=0.00e+00  psnr=15.9  cos=0.6262
[epoch 40 step 425]  loss=5.26e-01  l1=5.26e-01  l2=0.00e+00  psnr=16.0  cos=0.6151
[epoch 40 step 450]  loss=5.24e-01  l1=5.24e-01  l2=0.00e+00  psnr=15.7  cos=0.6287
[epoch 40 step 475]  loss=5.06e-01  l1=5.06e-01  l2=0.00e+00  psnr=16.0  cos=0.6359
[epoch 40 step 500]  loss=5.18e-01  l1=5.18e-01  l2=0.00e+00  psnr=16.0  cos=0.6189
[epoch 40 step 525]  loss=5.11e-01  l1=5.11e-01  l2=0.00e+00  psnr=16.0  cos=0.6381
[epoch 40 step 550]  loss=5.39e-01  l1=5.39e-01  l2=0.00e+00  psnr=15.5  cos=0.6209
[epoch 40 step 575]  loss=5.32e-01  l1=5.32e-01  l2=0.00e+00  psnr=15.8  cos=0.6253
[epoch 40 step 600]  loss=5.31e-01  l1=5.31e-01  l2=0.00e+00  psnr=15.6  cos=0.6215
[epoch 40 DONE]  final_loss=5.27e-01  psnr=15.64  cos=0.6215
[checkpoint] /workspace/runs/trial_toy/checkpoints/epoch_0040.pt
[val epoch 40]  latent_l1=0.5239  latent_l2=0.7776  latent_psnr=25.6367
[best] new best latent_psnr=25.6367 (prev=25.6305) -> /workspace/runs/trial_toy/checkpoints/best.pt
[epoch 41 step 000]  loss=5.32e-01  l1=5.32e-01  l2=0.00e+00  psnr=15.5  cos=0.6278
[epoch 41 step 025]  loss=5.35e-01  l1=5.35e-01  l2=0.00e+00  psnr=15.7  cos=0.6214
[epoch 41 step 050]  loss=5.09e-01  l1=5.09e-01  l2=0.00e+00  psnr=15.9  cos=0.6363
[epoch 41 step 075]  loss=5.12e-01  l1=5.12e-01  l2=0.00e+00  psnr=15.9  cos=0.6432
[epoch 41 step 100]  loss=5.48e-01  l1=5.48e-01  l2=0.00e+00  psnr=15.5  cos=0.5990
[epoch 41 step 125]  loss=5.04e-01  l1=5.04e-01  l2=0.00e+00  psnr=16.0  cos=0.6466
[epoch 41 step 150]  loss=5.36e-01  l1=5.36e-01  l2=0.00e+00  psnr=15.7  cos=0.6180
[epoch 41 step 175]  loss=5.18e-01  l1=5.18e-01  l2=0.00e+00  psnr=15.8  cos=0.6350
[epoch 41 step 200]  loss=5.24e-01  l1=5.24e-01  l2=0.00e+00  psnr=15.8  cos=0.6262
[epoch 41 step 225]  loss=5.14e-01  l1=5.14e-01  l2=0.00e+00  psnr=16.1  cos=0.6306
[epoch 41 step 250]  loss=5.36e-01  l1=5.36e-01  l2=0.00e+00  psnr=15.5  cos=0.6194
[epoch 41 step 275]  loss=5.43e-01  l1=5.43e-01  l2=0.00e+00  psnr=15.5  cos=0.6077
[epoch 41 step 300]  loss=5.11e-01  l1=5.11e-01  l2=0.00e+00  psnr=16.1  cos=0.6245
[epoch 41 step 325]  loss=4.92e-01  l1=4.92e-01  l2=0.00e+00  psnr=16.3  cos=0.6501
[epoch 41 step 350]  loss=5.44e-01  l1=5.44e-01  l2=0.00e+00  psnr=15.5  cos=0.6169
[epoch 41 step 375]  loss=5.38e-01  l1=5.38e-01  l2=0.00e+00  psnr=15.6  cos=0.6103
[epoch 41 step 400]  loss=5.30e-01  l1=5.30e-01  l2=0.00e+00  psnr=15.8  cos=0.6147
[epoch 41 step 425]  loss=5.16e-01  l1=5.16e-01  l2=0.00e+00  psnr=16.0  cos=0.6278
[epoch 41 step 450]  loss=5.21e-01  l1=5.21e-01  l2=0.00e+00  psnr=15.9  cos=0.6294
[epoch 41 step 475]  loss=5.18e-01  l1=5.18e-01  l2=0.00e+00  psnr=15.8  cos=0.6265
[epoch 41 step 500]  loss=5.40e-01  l1=5.40e-01  l2=0.00e+00  psnr=15.7  cos=0.6177
[epoch 41 step 525]  loss=5.34e-01  l1=5.34e-01  l2=0.00e+00  psnr=15.7  cos=0.6137
[epoch 41 step 550]  loss=5.20e-01  l1=5.20e-01  l2=0.00e+00  psnr=15.9  cos=0.6280
[epoch 41 step 575]  loss=5.30e-01  l1=5.30e-01  l2=0.00e+00  psnr=15.6  cos=0.6266
[epoch 41 step 600]  loss=5.34e-01  l1=5.34e-01  l2=0.00e+00  psnr=15.8  cos=0.6091
[epoch 41 DONE]  final_loss=5.23e-01  psnr=15.75  cos=0.6091
[checkpoint] /workspace/runs/trial_toy/checkpoints/epoch_0041.pt
[val epoch 41]  latent_l1=0.5239  latent_l2=0.7775  latent_psnr=25.6383
[best] new best latent_psnr=25.6383 (prev=25.6367) -> /workspace/runs/trial_toy/checkpoints/best.pt
[epoch 42 step 000]  loss=5.15e-01  l1=5.15e-01  l2=0.00e+00  psnr=16.0  cos=0.6239
[epoch 42 step 025]  loss=5.28e-01  l1=5.28e-01  l2=0.00e+00  psnr=15.7  cos=0.6203
[epoch 42 step 050]  loss=5.23e-01  l1=5.23e-01  l2=0.00e+00  psnr=15.8  cos=0.6172
[epoch 42 step 075]  loss=5.11e-01  l1=5.11e-01  l2=0.00e+00  psnr=15.8  cos=0.6375
[epoch 42 step 100]  loss=5.28e-01  l1=5.28e-01  l2=0.00e+00  psnr=15.6  cos=0.6306
[epoch 42 step 125]  loss=5.07e-01  l1=5.07e-01  l2=0.00e+00  psnr=16.1  cos=0.6360
[epoch 42 step 150]  loss=5.37e-01  l1=5.37e-01  l2=0.00e+00  psnr=15.7  cos=0.6140
[epoch 42 step 175]  loss=5.30e-01  l1=5.30e-01  l2=0.00e+00  psnr=15.8  cos=0.6146
[epoch 42 step 200]  loss=5.13e-01  l1=5.13e-01  l2=0.00e+00  psnr=15.9  cos=0.6356
[epoch 42 step 225]  loss=5.51e-01  l1=5.51e-01  l2=0.00e+00  psnr=15.5  cos=0.6091
[epoch 42 step 250]  loss=5.01e-01  l1=5.01e-01  l2=0.00e+00  psnr=16.0  cos=0.6463
[epoch 42 step 275]  loss=5.27e-01  l1=5.27e-01  l2=0.00e+00  psnr=15.8  cos=0.6181
[epoch 42 step 300]  loss=5.33e-01  l1=5.33e-01  l2=0.00e+00  psnr=15.7  cos=0.6147
[epoch 42 step 325]  loss=5.21e-01  l1=5.21e-01  l2=0.00e+00  psnr=15.9  cos=0.6208
[epoch 42 step 350]  loss=4.99e-01  l1=4.99e-01  l2=0.00e+00  psnr=16.0  cos=0.6549
[epoch 42 step 375]  loss=5.02e-01  l1=5.02e-01  l2=0.00e+00  psnr=16.3  cos=0.6327
[epoch 42 step 400]  loss=5.24e-01  l1=5.24e-01  l2=0.00e+00  psnr=15.9  cos=0.6258
[epoch 42 step 425]  loss=5.09e-01  l1=5.09e-01  l2=0.00e+00  psnr=16.0  cos=0.6316
[epoch 42 step 450]  loss=5.19e-01  l1=5.19e-01  l2=0.00e+00  psnr=16.0  cos=0.6238
[epoch 42 step 475]  loss=4.93e-01  l1=4.93e-01  l2=0.00e+00  psnr=16.1  cos=0.6516
[epoch 42 step 500]  loss=5.21e-01  l1=5.21e-01  l2=0.00e+00  psnr=15.8  cos=0.6330
[epoch 42 step 525]  loss=5.12e-01  l1=5.12e-01  l2=0.00e+00  psnr=16.0  cos=0.6440
[epoch 42 step 550]  loss=5.12e-01  l1=5.12e-01  l2=0.00e+00  psnr=16.0  cos=0.6359
[epoch 42 step 575]  loss=5.16e-01  l1=5.16e-01  l2=0.00e+00  psnr=16.0  cos=0.6335
[epoch 42 step 600]  loss=5.45e-01  l1=5.45e-01  l2=0.00e+00  psnr=15.5  cos=0.6096
[epoch 42 DONE]  final_loss=5.42e-01  psnr=15.49  cos=0.6096
[checkpoint] /workspace/runs/trial_toy/checkpoints/epoch_0042.pt
[val epoch 42]  latent_l1=0.5236  latent_l2=0.7772  latent_psnr=25.6418
[best] new best latent_psnr=25.6418 (prev=25.6383) -> /workspace/runs/trial_toy/checkpoints/best.pt
[epoch 43 step 000]  loss=5.00e-01  l1=5.00e-01  l2=0.00e+00  psnr=15.8  cos=0.6565
[epoch 43 step 025]  loss=5.48e-01  l1=5.48e-01  l2=0.00e+00  psnr=15.4  cos=0.6167
[epoch 43 step 050]  loss=5.22e-01  l1=5.22e-01  l2=0.00e+00  psnr=15.9  cos=0.6292
[epoch 43 step 075]  loss=5.20e-01  l1=5.20e-01  l2=0.00e+00  psnr=15.7  cos=0.6428
[epoch 43 step 100]  loss=5.19e-01  l1=5.19e-01  l2=0.00e+00  psnr=15.9  cos=0.6257
[epoch 43 step 125]  loss=5.51e-01  l1=5.51e-01  l2=0.00e+00  psnr=15.5  cos=0.6060
[epoch 43 step 150]  loss=5.04e-01  l1=5.04e-01  l2=0.00e+00  psnr=16.2  cos=0.6393
[epoch 43 step 175]  loss=5.50e-01  l1=5.50e-01  l2=0.00e+00  psnr=15.5  cos=0.6027
[epoch 43 step 200]  loss=5.27e-01  l1=5.27e-01  l2=0.00e+00  psnr=15.8  cos=0.6133
[epoch 43 step 225]  loss=5.09e-01  l1=5.09e-01  l2=0.00e+00  psnr=16.0  cos=0.6374
[epoch 43 step 250]  loss=5.11e-01  l1=5.11e-01  l2=0.00e+00  psnr=15.9  cos=0.6358
[epoch 43 step 275]  loss=5.27e-01  l1=5.27e-01  l2=0.00e+00  psnr=15.8  cos=0.6229
[epoch 43 step 300]  loss=5.41e-01  l1=5.41e-01  l2=0.00e+00  psnr=15.5  cos=0.6176
[epoch 43 step 325]  loss=5.20e-01  l1=5.20e-01  l2=0.00e+00  psnr=15.9  cos=0.6152
[epoch 43 step 350]  loss=5.17e-01  l1=5.17e-01  l2=0.00e+00  psnr=15.8  cos=0.6389
[epoch 43 step 375]  loss=5.32e-01  l1=5.32e-01  l2=0.00e+00  psnr=15.9  cos=0.6111
[epoch 43 step 400]  loss=5.06e-01  l1=5.06e-01  l2=0.00e+00  psnr=16.1  cos=0.6413
[epoch 43 step 425]  loss=5.49e-01  l1=5.49e-01  l2=0.00e+00  psnr=15.4  cos=0.6170
[epoch 43 step 450]  loss=5.38e-01  l1=5.38e-01  l2=0.00e+00  psnr=15.7  cos=0.6176
[epoch 43 step 475]  loss=5.45e-01  l1=5.45e-01  l2=0.00e+00  psnr=15.5  cos=0.6163
[epoch 43 step 500]  loss=5.06e-01  l1=5.06e-01  l2=0.00e+00  psnr=16.0  cos=0.6401
[epoch 43 step 525]  loss=5.43e-01  l1=5.43e-01  l2=0.00e+00  psnr=15.5  cos=0.6120
[epoch 43 step 550]  loss=5.08e-01  l1=5.08e-01  l2=0.00e+00  psnr=16.1  cos=0.6363
[epoch 43 step 575]  loss=5.01e-01  l1=5.01e-01  l2=0.00e+00  psnr=16.1  cos=0.6395
[epoch 43 step 600]  loss=5.45e-01  l1=5.45e-01  l2=0.00e+00  psnr=15.5  cos=0.6142
[epoch 43 DONE]  final_loss=5.07e-01  psnr=15.55  cos=0.6142
[checkpoint] /workspace/runs/trial_toy/checkpoints/epoch_0043.pt
[val epoch 43]  latent_l1=0.5235  latent_l2=0.7768  latent_psnr=25.6460
[best] new best latent_psnr=25.6460 (prev=25.6418) -> /workspace/runs/trial_toy/checkpoints/best.pt
[epoch 44 step 000]  loss=5.61e-01  l1=5.61e-01  l2=0.00e+00  psnr=15.3  cos=0.6019
[epoch 44 step 025]  loss=5.23e-01  l1=5.23e-01  l2=0.00e+00  psnr=15.9  cos=0.6226
[epoch 44 step 050]  loss=5.09e-01  l1=5.09e-01  l2=0.00e+00  psnr=15.8  cos=0.6433
[epoch 44 step 075]  loss=5.14e-01  l1=5.14e-01  l2=0.00e+00  psnr=16.0  cos=0.6300
[epoch 44 step 100]  loss=5.22e-01  l1=5.22e-01  l2=0.00e+00  psnr=15.8  cos=0.6271
[epoch 44 step 125]  loss=5.36e-01  l1=5.36e-01  l2=0.00e+00  psnr=15.7  cos=0.6133
[epoch 44 step 150]  loss=5.00e-01  l1=5.00e-01  l2=0.00e+00  psnr=16.1  cos=0.6477
[epoch 44 step 175]  loss=5.27e-01  l1=5.27e-01  l2=0.00e+00  psnr=15.8  cos=0.6217
[epoch 44 step 200]  loss=5.15e-01  l1=5.15e-01  l2=0.00e+00  psnr=15.9  cos=0.6398
[epoch 44 step 225]  loss=5.32e-01  l1=5.32e-01  l2=0.00e+00  psnr=15.6  cos=0.6151
[epoch 44 step 250]  loss=5.20e-01  l1=5.20e-01  l2=0.00e+00  psnr=15.8  cos=0.6298
[epoch 44 step 275]  loss=5.42e-01  l1=5.42e-01  l2=0.00e+00  psnr=15.6  cos=0.6142
[epoch 44 step 300]  loss=5.10e-01  l1=5.10e-01  l2=0.00e+00  psnr=16.1  cos=0.6382
[epoch 44 step 325]  loss=5.18e-01  l1=5.18e-01  l2=0.00e+00  psnr=15.8  cos=0.6337
[epoch 44 step 350]  loss=5.02e-01  l1=5.02e-01  l2=0.00e+00  psnr=16.0  cos=0.6394
[epoch 44 step 375]  loss=4.97e-01  l1=4.97e-01  l2=0.00e+00  psnr=16.0  cos=0.6507
[epoch 44 step 400]  loss=5.29e-01  l1=5.29e-01  l2=0.00e+00  psnr=15.6  cos=0.6290
[epoch 44 step 425]  loss=5.43e-01  l1=5.43e-01  l2=0.00e+00  psnr=15.5  cos=0.6112
[epoch 44 step 450]  loss=5.29e-01  l1=5.29e-01  l2=0.00e+00  psnr=15.7  cos=0.6202
[epoch 44 step 475]  loss=5.26e-01  l1=5.26e-01  l2=0.00e+00  psnr=15.8  cos=0.6141
[epoch 44 step 500]  loss=5.22e-01  l1=5.22e-01  l2=0.00e+00  psnr=15.7  cos=0.6314
[epoch 44 step 525]  loss=5.33e-01  l1=5.33e-01  l2=0.00e+00  psnr=15.6  cos=0.6239
[epoch 44 step 550]  loss=5.34e-01  l1=5.34e-01  l2=0.00e+00  psnr=15.6  cos=0.6163
[epoch 44 step 575]  loss=5.03e-01  l1=5.03e-01  l2=0.00e+00  psnr=16.1  cos=0.6369
[epoch 44 step 600]  loss=5.26e-01  l1=5.26e-01  l2=0.00e+00  psnr=15.7  cos=0.6342
[epoch 44 DONE]  final_loss=5.13e-01  psnr=15.67  cos=0.6342
[checkpoint] /workspace/runs/trial_toy/checkpoints/epoch_0044.pt
[val epoch 44]  latent_l1=0.5232  latent_l2=0.7767  latent_psnr=25.6472
[best] new best latent_psnr=25.6472 (prev=25.6460) -> /workspace/runs/trial_toy/checkpoints/best.pt
[epoch 45 step 000]  loss=5.30e-01  l1=5.30e-01  l2=0.00e+00  psnr=15.9  cos=0.6089
[epoch 45 step 025]  loss=5.31e-01  l1=5.31e-01  l2=0.00e+00  psnr=15.6  cos=0.6181
[epoch 45 step 050]  loss=5.18e-01  l1=5.18e-01  l2=0.00e+00  psnr=15.9  cos=0.6383
[epoch 45 step 075]  loss=5.32e-01  l1=5.32e-01  l2=0.00e+00  psnr=15.6  cos=0.6361
[epoch 45 step 100]  loss=5.50e-01  l1=5.50e-01  l2=0.00e+00  psnr=15.6  cos=0.6014
[epoch 45 step 125]  loss=5.02e-01  l1=5.02e-01  l2=0.00e+00  psnr=15.9  cos=0.6363
[epoch 45 step 150]  loss=5.14e-01  l1=5.14e-01  l2=0.00e+00  psnr=15.9  cos=0.6342
[epoch 45 step 175]  loss=5.15e-01  l1=5.15e-01  l2=0.00e+00  psnr=15.9  cos=0.6209
[epoch 45 step 200]  loss=5.37e-01  l1=5.37e-01  l2=0.00e+00  psnr=15.8  cos=0.6135
[epoch 45 step 225]  loss=5.04e-01  l1=5.04e-01  l2=0.00e+00  psnr=16.0  cos=0.6590
[epoch 45 step 250]  loss=5.22e-01  l1=5.22e-01  l2=0.00e+00  psnr=15.7  cos=0.6349
[epoch 45 step 275]  loss=5.33e-01  l1=5.33e-01  l2=0.00e+00  psnr=15.7  cos=0.6228
[epoch 45 step 300]  loss=5.34e-01  l1=5.34e-01  l2=0.00e+00  psnr=15.7  cos=0.6296
[epoch 45 step 325]  loss=5.17e-01  l1=5.17e-01  l2=0.00e+00  psnr=15.8  cos=0.6334
[epoch 45 step 350]  loss=5.15e-01  l1=5.15e-01  l2=0.00e+00  psnr=15.9  cos=0.6325
[epoch 45 step 375]  loss=5.34e-01  l1=5.34e-01  l2=0.00e+00  psnr=15.7  cos=0.6199
[epoch 45 step 400]  loss=5.35e-01  l1=5.35e-01  l2=0.00e+00  psnr=15.7  cos=0.6115
[epoch 45 step 425]  loss=5.15e-01  l1=5.15e-01  l2=0.00e+00  psnr=16.0  cos=0.6240
[epoch 45 step 450]  loss=5.07e-01  l1=5.07e-01  l2=0.00e+00  psnr=15.9  cos=0.6357
[epoch 45 step 475]  loss=5.45e-01  l1=5.45e-01  l2=0.00e+00  psnr=15.4  cos=0.6134
[epoch 45 step 500]  loss=5.25e-01  l1=5.25e-01  l2=0.00e+00  psnr=15.8  cos=0.6344
[epoch 45 step 525]  loss=5.24e-01  l1=5.24e-01  l2=0.00e+00  psnr=15.8  cos=0.6230
[epoch 45 step 550]  loss=5.57e-01  l1=5.57e-01  l2=0.00e+00  psnr=15.3  cos=0.5995
[epoch 45 step 575]  loss=5.23e-01  l1=5.23e-01  l2=0.00e+00  psnr=15.8  cos=0.6355
[epoch 45 step 600]  loss=5.32e-01  l1=5.32e-01  l2=0.00e+00  psnr=15.8  cos=0.6161
[epoch 45 DONE]  final_loss=5.22e-01  psnr=15.78  cos=0.6161
[checkpoint] /workspace/runs/trial_toy/checkpoints/epoch_0045.pt
[val epoch 45]  latent_l1=0.5230  latent_l2=0.7766  latent_psnr=25.6484
[best] new best latent_psnr=25.6484 (prev=25.6472) -> /workspace/runs/trial_toy/checkpoints/best.pt
[epoch 46 step 000]  loss=5.19e-01  l1=5.19e-01  l2=0.00e+00  psnr=15.8  cos=0.6374
[epoch 46 step 025]  loss=5.24e-01  l1=5.24e-01  l2=0.00e+00  psnr=15.8  cos=0.6424
[epoch 46 step 050]  loss=4.95e-01  l1=4.95e-01  l2=0.00e+00  psnr=16.2  cos=0.6485
[epoch 46 step 075]  loss=5.24e-01  l1=5.24e-01  l2=0.00e+00  psnr=15.9  cos=0.6222
[epoch 46 step 100]  loss=5.11e-01  l1=5.11e-01  l2=0.00e+00  psnr=16.0  cos=0.6360
[epoch 46 step 125]  loss=5.33e-01  l1=5.33e-01  l2=0.00e+00  psnr=15.6  cos=0.6206
[epoch 46 step 150]  loss=5.36e-01  l1=5.36e-01  l2=0.00e+00  psnr=15.7  cos=0.6185
[epoch 46 step 175]  loss=5.40e-01  l1=5.40e-01  l2=0.00e+00  psnr=15.5  cos=0.6088
[epoch 46 step 200]  loss=4.99e-01  l1=4.99e-01  l2=0.00e+00  psnr=16.0  cos=0.6572
[epoch 46 step 225]  loss=5.22e-01  l1=5.22e-01  l2=0.00e+00  psnr=15.9  cos=0.6174
[epoch 46 step 250]  loss=5.30e-01  l1=5.30e-01  l2=0.00e+00  psnr=15.7  cos=0.6200
[epoch 46 step 275]  loss=5.27e-01  l1=5.27e-01  l2=0.00e+00  psnr=15.8  cos=0.6362
[epoch 46 step 300]  loss=5.26e-01  l1=5.26e-01  l2=0.00e+00  psnr=15.7  cos=0.6189
[epoch 46 step 325]  loss=4.97e-01  l1=4.97e-01  l2=0.00e+00  psnr=15.9  cos=0.6606
[epoch 46 step 350]  loss=5.40e-01  l1=5.40e-01  l2=0.00e+00  psnr=15.7  cos=0.6044
[epoch 46 step 375]  loss=5.27e-01  l1=5.27e-01  l2=0.00e+00  psnr=15.8  cos=0.6313
[epoch 46 step 400]  loss=5.16e-01  l1=5.16e-01  l2=0.00e+00  psnr=16.0  cos=0.6294
[epoch 46 step 425]  loss=5.36e-01  l1=5.36e-01  l2=0.00e+00  psnr=15.6  cos=0.6318
[epoch 46 step 450]  loss=5.32e-01  l1=5.32e-01  l2=0.00e+00  psnr=15.7  cos=0.6276
[epoch 46 step 475]  loss=5.28e-01  l1=5.28e-01  l2=0.00e+00  psnr=15.9  cos=0.6152
[epoch 46 step 500]  loss=5.38e-01  l1=5.38e-01  l2=0.00e+00  psnr=15.7  cos=0.6115
[epoch 46 step 525]  loss=5.43e-01  l1=5.43e-01  l2=0.00e+00  psnr=15.7  cos=0.5993
[epoch 46 step 550]  loss=5.19e-01  l1=5.19e-01  l2=0.00e+00  psnr=15.8  cos=0.6287
[epoch 46 step 575]  loss=5.09e-01  l1=5.09e-01  l2=0.00e+00  psnr=15.9  cos=0.6480
[epoch 46 step 600]  loss=5.24e-01  l1=5.24e-01  l2=0.00e+00  psnr=15.6  cos=0.6357
[epoch 46 DONE]  final_loss=5.18e-01  psnr=15.60  cos=0.6357
[checkpoint] /workspace/runs/trial_toy/checkpoints/epoch_0046.pt
[val epoch 46]  latent_l1=0.5227  latent_l2=0.7761  latent_psnr=25.6532
[best] new best latent_psnr=25.6532 (prev=25.6484) -> /workspace/runs/trial_toy/checkpoints/best.pt
[epoch 47 step 000]  loss=5.56e-01  l1=5.56e-01  l2=0.00e+00  psnr=15.2  cos=0.6167
[epoch 47 step 025]  loss=5.10e-01  l1=5.10e-01  l2=0.00e+00  psnr=15.9  cos=0.6376
[epoch 47 step 050]  loss=4.98e-01  l1=4.98e-01  l2=0.00e+00  psnr=16.1  cos=0.6510
[epoch 47 step 075]  loss=5.28e-01  l1=5.28e-01  l2=0.00e+00  psnr=15.8  cos=0.6288
[epoch 47 step 100]  loss=5.03e-01  l1=5.03e-01  l2=0.00e+00  psnr=16.0  cos=0.6440
[epoch 47 step 125]  loss=5.25e-01  l1=5.25e-01  l2=0.00e+00  psnr=15.8  cos=0.6273
[epoch 47 step 150]  loss=5.52e-01  l1=5.52e-01  l2=0.00e+00  psnr=15.4  cos=0.6142
[epoch 47 step 175]  loss=5.25e-01  l1=5.25e-01  l2=0.00e+00  psnr=15.7  cos=0.6318
[epoch 47 step 200]  loss=5.36e-01  l1=5.36e-01  l2=0.00e+00  psnr=15.8  cos=0.6140
[epoch 47 step 225]  loss=5.46e-01  l1=5.46e-01  l2=0.00e+00  psnr=15.4  cos=0.6121
[epoch 47 step 250]  loss=5.25e-01  l1=5.25e-01  l2=0.00e+00  psnr=15.6  cos=0.6300
[epoch 47 step 275]  loss=5.30e-01  l1=5.30e-01  l2=0.00e+00  psnr=15.8  cos=0.6256
[epoch 47 step 300]  loss=5.40e-01  l1=5.40e-01  l2=0.00e+00  psnr=15.5  cos=0.6075
[epoch 47 step 325]  loss=5.40e-01  l1=5.40e-01  l2=0.00e+00  psnr=15.6  cos=0.6148
[epoch 47 step 350]  loss=5.34e-01  l1=5.34e-01  l2=0.00e+00  psnr=15.6  cos=0.6285
[epoch 47 step 375]  loss=5.66e-01  l1=5.66e-01  l2=0.00e+00  psnr=15.2  cos=0.5974
[epoch 47 step 400]  loss=5.40e-01  l1=5.40e-01  l2=0.00e+00  psnr=15.8  cos=0.6050
[epoch 47 step 425]  loss=5.17e-01  l1=5.17e-01  l2=0.00e+00  psnr=15.9  cos=0.6353
[epoch 47 step 450]  loss=5.33e-01  l1=5.33e-01  l2=0.00e+00  psnr=15.7  cos=0.6197
[epoch 47 step 475]  loss=5.23e-01  l1=5.23e-01  l2=0.00e+00  psnr=15.8  cos=0.6286
[epoch 47 step 500]  loss=5.31e-01  l1=5.31e-01  l2=0.00e+00  psnr=15.6  cos=0.6352
[epoch 47 step 525]  loss=5.03e-01  l1=5.03e-01  l2=0.00e+00  psnr=16.2  cos=0.6417
[epoch 47 step 550]  loss=5.30e-01  l1=5.30e-01  l2=0.00e+00  psnr=15.8  cos=0.6149
[epoch 47 step 575]  loss=5.11e-01  l1=5.11e-01  l2=0.00e+00  psnr=16.1  cos=0.6423
[epoch 47 step 600]  loss=5.02e-01  l1=5.02e-01  l2=0.00e+00  psnr=16.0  cos=0.6471
[epoch 47 DONE]  final_loss=5.12e-01  psnr=16.00  cos=0.6471
[checkpoint] /workspace/runs/trial_toy/checkpoints/epoch_0047.pt
[val epoch 47]  latent_l1=0.5227  latent_l2=0.7762  latent_psnr=25.6528
[epoch 48 step 000]  loss=5.31e-01  l1=5.31e-01  l2=0.00e+00  psnr=15.7  cos=0.6154
[epoch 48 step 025]  loss=4.99e-01  l1=4.99e-01  l2=0.00e+00  psnr=16.2  cos=0.6395
[epoch 48 step 050]  loss=5.19e-01  l1=5.19e-01  l2=0.00e+00  psnr=16.0  cos=0.6235
[epoch 48 step 075]  loss=5.20e-01  l1=5.20e-01  l2=0.00e+00  psnr=15.9  cos=0.6271
[epoch 48 step 100]  loss=5.17e-01  l1=5.17e-01  l2=0.00e+00  psnr=16.0  cos=0.6315
[epoch 48 step 125]  loss=5.33e-01  l1=5.33e-01  l2=0.00e+00  psnr=15.6  cos=0.6221
[epoch 48 step 150]  loss=5.17e-01  l1=5.17e-01  l2=0.00e+00  psnr=16.0  cos=0.6229
[epoch 48 step 175]  loss=5.24e-01  l1=5.24e-01  l2=0.00e+00  psnr=15.9  cos=0.6178
[epoch 48 step 200]  loss=5.23e-01  l1=5.23e-01  l2=0.00e+00  psnr=15.8  cos=0.6291
[epoch 48 step 225]  loss=5.12e-01  l1=5.12e-01  l2=0.00e+00  psnr=15.9  cos=0.6343
[epoch 48 step 250]  loss=5.21e-01  l1=5.21e-01  l2=0.00e+00  psnr=15.9  cos=0.6226
[epoch 48 step 275]  loss=4.97e-01  l1=4.97e-01  l2=0.00e+00  psnr=16.1  cos=0.6481
[epoch 48 step 300]  loss=5.32e-01  l1=5.32e-01  l2=0.00e+00  psnr=15.7  cos=0.6288
[epoch 48 step 325]  loss=5.23e-01  l1=5.23e-01  l2=0.00e+00  psnr=15.9  cos=0.6341
[epoch 48 step 350]  loss=5.22e-01  l1=5.22e-01  l2=0.00e+00  psnr=15.7  cos=0.6321
[epoch 48 step 375]  loss=5.47e-01  l1=5.47e-01  l2=0.00e+00  psnr=15.5  cos=0.5996
[epoch 48 step 400]  loss=5.35e-01  l1=5.35e-01  l2=0.00e+00  psnr=15.7  cos=0.6162
[epoch 48 step 425]  loss=4.96e-01  l1=4.96e-01  l2=0.00e+00  psnr=16.1  cos=0.6482
[epoch 48 step 450]  loss=5.33e-01  l1=5.33e-01  l2=0.00e+00  psnr=15.5  cos=0.6307
[epoch 48 step 475]  loss=5.19e-01  l1=5.19e-01  l2=0.00e+00  psnr=16.0  cos=0.6207
[epoch 48 step 500]  loss=5.31e-01  l1=5.31e-01  l2=0.00e+00  psnr=15.7  cos=0.6238
[epoch 48 step 525]  loss=4.98e-01  l1=4.98e-01  l2=0.00e+00  psnr=16.0  cos=0.6418
[epoch 48 step 550]  loss=5.57e-01  l1=5.57e-01  l2=0.00e+00  psnr=15.3  cos=0.6130
[epoch 48 step 575]  loss=4.84e-01  l1=4.84e-01  l2=0.00e+00  psnr=16.4  cos=0.6540
[epoch 48 step 600]  loss=5.29e-01  l1=5.29e-01  l2=0.00e+00  psnr=15.9  cos=0.6172
[epoch 48 DONE]  final_loss=5.27e-01  psnr=15.86  cos=0.6172
[checkpoint] /workspace/runs/trial_toy/checkpoints/epoch_0048.pt
[val epoch 48]  latent_l1=0.5224  latent_l2=0.7759  latent_psnr=25.6559
[best] new best latent_psnr=25.6559 (prev=25.6532) -> /workspace/runs/trial_toy/checkpoints/best.pt
[epoch 49 step 000]  loss=5.28e-01  l1=5.28e-01  l2=0.00e+00  psnr=15.7  cos=0.6266
[epoch 49 step 025]  loss=5.01e-01  l1=5.01e-01  l2=0.00e+00  psnr=16.1  cos=0.6488
[epoch 49 step 050]  loss=5.25e-01  l1=5.25e-01  l2=0.00e+00  psnr=15.8  cos=0.6242
[epoch 49 step 075]  loss=5.00e-01  l1=5.00e-01  l2=0.00e+00  psnr=16.1  cos=0.6442
[epoch 49 step 100]  loss=5.21e-01  l1=5.21e-01  l2=0.00e+00  psnr=15.8  cos=0.6372
[epoch 49 step 125]  loss=5.18e-01  l1=5.18e-01  l2=0.00e+00  psnr=15.8  cos=0.6322
[epoch 49 step 150]  loss=5.38e-01  l1=5.38e-01  l2=0.00e+00  psnr=15.5  cos=0.6219
[epoch 49 step 175]  loss=5.43e-01  l1=5.43e-01  l2=0.00e+00  psnr=15.6  cos=0.6085
[epoch 49 step 200]  loss=5.04e-01  l1=5.04e-01  l2=0.00e+00  psnr=16.0  cos=0.6458
[epoch 49 step 225]  loss=5.04e-01  l1=5.04e-01  l2=0.00e+00  psnr=16.1  cos=0.6392
[epoch 49 step 250]  loss=5.55e-01  l1=5.55e-01  l2=0.00e+00  psnr=15.4  cos=0.6016
[epoch 49 step 275]  loss=5.03e-01  l1=5.03e-01  l2=0.00e+00  psnr=16.0  cos=0.6480
[epoch 49 step 300]  loss=5.55e-01  l1=5.55e-01  l2=0.00e+00  psnr=15.5  cos=0.6068
[epoch 49 step 325]  loss=5.17e-01  l1=5.17e-01  l2=0.00e+00  psnr=15.9  cos=0.6336
[epoch 49 step 350]  loss=5.27e-01  l1=5.27e-01  l2=0.00e+00  psnr=15.7  cos=0.6253
[epoch 49 step 375]  loss=5.32e-01  l1=5.32e-01  l2=0.00e+00  psnr=15.7  cos=0.6210
[epoch 49 step 400]  loss=5.23e-01  l1=5.23e-01  l2=0.00e+00  psnr=15.9  cos=0.6161
[epoch 49 step 425]  loss=5.17e-01  l1=5.17e-01  l2=0.00e+00  psnr=16.0  cos=0.6229
[epoch 49 step 450]  loss=5.30e-01  l1=5.30e-01  l2=0.00e+00  psnr=15.6  cos=0.6281
[epoch 49 step 475]  loss=5.24e-01  l1=5.24e-01  l2=0.00e+00  psnr=15.7  cos=0.6366
[epoch 49 step 500]  loss=5.14e-01  l1=5.14e-01  l2=0.00e+00  psnr=15.9  cos=0.6415
[epoch 49 step 525]  loss=5.29e-01  l1=5.29e-01  l2=0.00e+00  psnr=15.7  cos=0.6238
[epoch 49 step 550]  loss=5.27e-01  l1=5.27e-01  l2=0.00e+00  psnr=15.7  cos=0.6280
[epoch 49 step 575]  loss=5.32e-01  l1=5.32e-01  l2=0.00e+00  psnr=15.8  cos=0.6203
[epoch 49 step 600]  loss=5.22e-01  l1=5.22e-01  l2=0.00e+00  psnr=15.8  cos=0.6273
[epoch 49 DONE]  final_loss=5.24e-01  psnr=15.82  cos=0.6273
[checkpoint] /workspace/runs/trial_toy/checkpoints/epoch_0049.pt
[val epoch 49]  latent_l1=0.5223  latent_l2=0.7756  latent_psnr=25.6594
[best] new best latent_psnr=25.6594 (prev=25.6559) -> /workspace/runs/trial_toy/checkpoints/best.pt
[epoch 50 step 000]  loss=5.39e-01  l1=5.39e-01  l2=0.00e+00  psnr=15.5  cos=0.6280
[epoch 50 step 025]  loss=5.04e-01  l1=5.04e-01  l2=0.00e+00  psnr=16.0  cos=0.6405
[epoch 50 step 050]  loss=5.40e-01  l1=5.40e-01  l2=0.00e+00  psnr=15.5  cos=0.6285
[epoch 50 step 075]  loss=5.05e-01  l1=5.05e-01  l2=0.00e+00  psnr=16.1  cos=0.6422
[epoch 50 step 100]  loss=5.31e-01  l1=5.31e-01  l2=0.00e+00  psnr=15.8  cos=0.6173
[epoch 50 step 125]  loss=5.14e-01  l1=5.14e-01  l2=0.00e+00  psnr=15.9  cos=0.6330
[epoch 50 step 150]  loss=5.21e-01  l1=5.21e-01  l2=0.00e+00  psnr=15.9  cos=0.6351
[epoch 50 step 175]  loss=5.27e-01  l1=5.27e-01  l2=0.00e+00  psnr=15.8  cos=0.6265
[epoch 50 step 200]  loss=5.17e-01  l1=5.17e-01  l2=0.00e+00  psnr=15.5  cos=0.6464
[epoch 50 step 225]  loss=5.29e-01  l1=5.29e-01  l2=0.00e+00  psnr=15.8  cos=0.6133
[epoch 50 step 250]  loss=5.11e-01  l1=5.11e-01  l2=0.00e+00  psnr=15.9  cos=0.6302
[epoch 50 step 275]  loss=5.24e-01  l1=5.24e-01  l2=0.00e+00  psnr=15.7  cos=0.6313
[epoch 50 step 300]  loss=5.65e-01  l1=5.65e-01  l2=0.00e+00  psnr=15.1  cos=0.6080
[epoch 50 step 325]  loss=5.04e-01  l1=5.04e-01  l2=0.00e+00  psnr=16.2  cos=0.6342
[epoch 50 step 350]  loss=5.40e-01  l1=5.40e-01  l2=0.00e+00  psnr=15.6  cos=0.6084
[epoch 50 step 375]  loss=5.31e-01  l1=5.31e-01  l2=0.00e+00  psnr=15.7  cos=0.6267
[epoch 50 step 400]  loss=5.16e-01  l1=5.16e-01  l2=0.00e+00  psnr=16.0  cos=0.6300
[epoch 50 step 425]  loss=5.38e-01  l1=5.38e-01  l2=0.00e+00  psnr=15.7  cos=0.6258
[epoch 50 step 450]  loss=5.41e-01  l1=5.41e-01  l2=0.00e+00  psnr=15.7  cos=0.6047
[epoch 50 step 475]  loss=5.29e-01  l1=5.29e-01  l2=0.00e+00  psnr=15.8  cos=0.6245
[epoch 50 step 500]  loss=5.55e-01  l1=5.55e-01  l2=0.00e+00  psnr=15.4  cos=0.6184
[epoch 50 step 525]  loss=5.19e-01  l1=5.19e-01  l2=0.00e+00  psnr=16.0  cos=0.6240
[epoch 50 step 550]  loss=5.07e-01  l1=5.07e-01  l2=0.00e+00  psnr=16.0  cos=0.6414
[epoch 50 step 575]  loss=5.24e-01  l1=5.24e-01  l2=0.00e+00  psnr=15.7  cos=0.6213
[epoch 50 step 600]  loss=5.47e-01  l1=5.47e-01  l2=0.00e+00  psnr=15.5  cos=0.6062
[epoch 50 DONE]  final_loss=5.44e-01  psnr=15.54  cos=0.6062
[checkpoint] /workspace/runs/trial_toy/checkpoints/epoch_0050.pt
[val epoch 50]  latent_l1=0.5223  latent_l2=0.7756  latent_psnr=25.6597
[best] new best latent_psnr=25.6597 (prev=25.6594) -> /workspace/runs/trial_toy/checkpoints/best.pt
wandb: updating run metadata
wandb: uploading config.yaml; uploading output.log; uploading wandb-summary.json
wandb: uploading output.log
wandb: uploading history steps 31235-31250, summary, console lines 1451-1454
wandb: 
wandb: Run history:
wandb:         loss/l1 █▄▄▅▄▃▄▃▂▂▃▃▃▄▃▃▂▃▂▂▂▃▃▄▃▄▂▃▃▃▁▂▂▂▂▄▂▂▃▃
wandb:         loss/l2 ▁▁▁▁▁▁▁▁▁▁▁▁▁▁▁▁▁▁▁▁▁▁▁▁▁▁▁▁▁▁▁▁▁▁▁▁▁▁▁▁
wandb:      loss/total █▇▅▃▃▅▃▃▃▂▃▃▃▃▂▃▄▃▃▃▁▂▂▃▂▂▄▁▃▂▂▂▁▂▂▂▁▁▁▂
wandb:  metrics/cosine ▁▁▃▃▅▃▄▅▂▅▅▅▆▄▇▆▄▆▆▇▇▆▇▆▅▆▆▇▇▆▇▇▅▇▆▇▇▅██
wandb:      metrics/l1 █▇▄▆▅▅▄▅▅▅▄▆▅▄▆▂▄▂▂▄▃▄▄▄▅▃▅▃▄▄▃▁▄▃▂▁▃▆▄▄
wandb:    metrics/psnr ▁▃▄▆▅▅▅▆▅▇▇▇▇█▆▅▅▆▇▆▆▇▆▇▆▅▅▆▇▇▆▇▇▆▆▇▇█▆█
wandb:            step ▁▁▁▁▁▂▂▂▂▂▂▂▃▄▄▄▄▄▄▄▄▅▅▅▅▅▅▅▆▆▆▆▆▆▆▇▇███
wandb:   val/latent_l1 █▆▅▄▄▃▃▃▃▃▂▂▂▂▂▂▂▂▂▂▂▂▂▂▂▁▁▁▁▁▁▁▁▁▁▁▁▁▁▁
wandb:   val/latent_l2 █▆▅▄▄▄▃▃▃▃▃▃▂▂▂▂▂▂▂▂▂▂▂▂▂▁▁▁▁▁▁▁▁▁▁▁▁▁▁▁
wandb: val/latent_psnr ▁▃▄▄▅▅▆▆▆▆▆▆▆▇▇▇▇▇▇▇▇▇▇▇▇███████████████
wandb:              +1 ...
wandb: 
wandb: Run summary:
wandb:         loss/l1 0.54378
wandb:         loss/l2 0
wandb:      loss/total 0.54378
wandb:  metrics/cosine 0.60616
wandb:      metrics/l1 0.54738
wandb:    metrics/psnr 15.54257
wandb:            step 31249
wandb:   val/latent_l1 0.52227
wandb:   val/latent_l2 0.77556
wandb: val/latent_psnr 25.65973
wandb:              +1 ...
wandb: 
wandb: 🚀 View run trial_toy at: https://wandb.ai/jasonna24-/triplane-ae/runs/shucjhx5
wandb: ⭐️ View project at: https://wandb.ai/jasonna24-/triplane-ae
wandb: Synced 5 W&B file(s), 0 media file(s), 0 artifact file(s) and 0 other file(s)
wandb: Find logs at: ./wandb/run-20260517_164908-shucjhx5/logs
[wandb] run URL: https://wandb.ai/jasonna24-/triplane-ae/runs/shucjhx5
[run_tier] <- END    tier1/ours  exit=0  elapsed=41.7 min

[run_tier] -> START  tier1/baseline: CUDA_VISIBLE_DEVICES=0 python scripts/train.py --config-name=trial_toy_baseline
[resume] starting fresh (no snapshot to resume from)
wandb: [wandb.login()] Loaded credentials for https://api.wandb.ai from /root/.netrc.
wandb: Currently logged in as: jasonna24 (jasonna24-) to https://api.wandb.ai. Use `wandb login --relogin` to force relogin
wandb: Tracking run with wandb version 0.26.1
wandb: Run data is saved locally in /workspace/wandb/run-20260517_173051-fs4st1kd
wandb: Run `wandb offline` to turn off syncing.
wandb: Syncing run trial_toy_baseline
wandb: ⭐️ View project at https://wandb.ai/jasonna24-/triplane-ae
wandb: 🚀 View run at https://wandb.ai/jasonna24-/triplane-ae/runs/fs4st1kd
[train] latent data_range (p99-p1) = 4.9858
[train] exp=trial_toy_baseline  model=TriVQAEConv  device=cuda
[train] batches=1250  batch_size=4  epochs=50
[train] wall-clock cap: 60.0 min
[epoch 1 step 000]  loss=8.37e-01  l1=8.37e-01  l2=0.00e+00  psnr=13.2  cos=-0.0156
[epoch 1 step 025]  loss=7.15e-01  l1=7.15e-01  l2=0.00e+00  psnr=14.4  cos=0.2719
[epoch 1 step 050]  loss=7.12e-01  l1=7.12e-01  l2=0.00e+00  psnr=14.3  cos=0.3414
[epoch 1 step 075]  loss=6.75e-01  l1=6.75e-01  l2=0.00e+00  psnr=14.7  cos=0.3490
[epoch 1 step 100]  loss=7.07e-01  l1=7.07e-01  l2=0.00e+00  psnr=14.2  cos=0.3544
[epoch 1 step 125]  loss=6.89e-01  l1=6.89e-01  l2=0.00e+00  psnr=14.5  cos=0.3692
[epoch 1 step 150]  loss=6.71e-01  l1=6.71e-01  l2=0.00e+00  psnr=14.7  cos=0.3737
[epoch 1 step 175]  loss=6.66e-01  l1=6.66e-01  l2=0.00e+00  psnr=14.8  cos=0.3832
[epoch 1 step 200]  loss=6.80e-01  l1=6.80e-01  l2=0.00e+00  psnr=14.5  cos=0.3552
[epoch 1 step 225]  loss=7.03e-01  l1=7.03e-01  l2=0.00e+00  psnr=14.2  cos=0.3855
[epoch 1 step 250]  loss=6.54e-01  l1=6.54e-01  l2=0.00e+00  psnr=14.8  cos=0.4020
[epoch 1 step 275]  loss=6.63e-01  l1=6.63e-01  l2=0.00e+00  psnr=14.7  cos=0.3929
[epoch 1 step 300]  loss=6.74e-01  l1=6.74e-01  l2=0.00e+00  psnr=14.7  cos=0.3860
[epoch 1 step 325]  loss=6.82e-01  l1=6.82e-01  l2=0.00e+00  psnr=14.5  cos=0.3764
[epoch 1 step 350]  loss=6.53e-01  l1=6.53e-01  l2=0.00e+00  psnr=14.6  cos=0.4463
[epoch 1 step 375]  loss=6.48e-01  l1=6.48e-01  l2=0.00e+00  psnr=15.0  cos=0.4155
[epoch 1 step 400]  loss=6.04e-01  l1=6.04e-01  l2=0.00e+00  psnr=15.4  cos=0.4633
[epoch 1 step 425]  loss=6.25e-01  l1=6.25e-01  l2=0.00e+00  psnr=15.1  cos=0.4754
[epoch 1 step 450]  loss=6.44e-01  l1=6.44e-01  l2=0.00e+00  psnr=14.8  cos=0.4657
[epoch 1 step 475]  loss=6.56e-01  l1=6.56e-01  l2=0.00e+00  psnr=14.8  cos=0.4354
[epoch 1 step 500]  loss=6.38e-01  l1=6.38e-01  l2=0.00e+00  psnr=15.0  cos=0.4407
[epoch 1 step 525]  loss=6.58e-01  l1=6.58e-01  l2=0.00e+00  psnr=14.6  cos=0.4392
[epoch 1 step 550]  loss=5.84e-01  l1=5.84e-01  l2=0.00e+00  psnr=15.5  cos=0.5287
[epoch 1 step 575]  loss=6.31e-01  l1=6.31e-01  l2=0.00e+00  psnr=15.1  cos=0.4597
[epoch 1 step 600]  loss=6.08e-01  l1=6.08e-01  l2=0.00e+00  psnr=15.4  cos=0.4999
[epoch 1 step 625]  loss=6.03e-01  l1=6.03e-01  l2=0.00e+00  psnr=15.4  cos=0.4835
[epoch 1 step 650]  loss=5.85e-01  l1=5.85e-01  l2=0.00e+00  psnr=15.5  cos=0.5147
[epoch 1 step 675]  loss=5.94e-01  l1=5.94e-01  l2=0.00e+00  psnr=15.4  cos=0.5380
[epoch 1 step 700]  loss=5.90e-01  l1=5.90e-01  l2=0.00e+00  psnr=15.6  cos=0.5072
[epoch 1 step 725]  loss=6.01e-01  l1=6.01e-01  l2=0.00e+00  psnr=15.4  cos=0.5063
[epoch 1 step 750]  loss=5.86e-01  l1=5.86e-01  l2=0.00e+00  psnr=15.4  cos=0.5329
[epoch 1 step 775]  loss=5.76e-01  l1=5.76e-01  l2=0.00e+00  psnr=15.6  cos=0.5197
[epoch 1 step 800]  loss=6.18e-01  l1=6.18e-01  l2=0.00e+00  psnr=15.2  cos=0.5125
[epoch 1 step 825]  loss=5.72e-01  l1=5.72e-01  l2=0.00e+00  psnr=15.8  cos=0.5356
[epoch 1 step 850]  loss=5.82e-01  l1=5.82e-01  l2=0.00e+00  psnr=15.5  cos=0.5463
[epoch 1 step 875]  loss=5.89e-01  l1=5.89e-01  l2=0.00e+00  psnr=15.3  cos=0.5551
[epoch 1 step 900]  loss=5.83e-01  l1=5.83e-01  l2=0.00e+00  psnr=15.6  cos=0.5203
[epoch 1 step 925]  loss=5.99e-01  l1=5.99e-01  l2=0.00e+00  psnr=15.2  cos=0.5434
[epoch 1 step 950]  loss=6.07e-01  l1=6.07e-01  l2=0.00e+00  psnr=15.2  cos=0.5140
[epoch 1 step 975]  loss=5.88e-01  l1=5.88e-01  l2=0.00e+00  psnr=15.6  cos=0.5274
[epoch 1 step 1000]  loss=5.74e-01  l1=5.74e-01  l2=0.00e+00  psnr=15.7  cos=0.5387
[epoch 1 step 1025]  loss=6.18e-01  l1=6.18e-01  l2=0.00e+00  psnr=15.0  cos=0.5133
[epoch 1 step 1050]  loss=5.66e-01  l1=5.66e-01  l2=0.00e+00  psnr=15.6  cos=0.5591
[epoch 1 step 1075]  loss=5.37e-01  l1=5.37e-01  l2=0.00e+00  psnr=16.1  cos=0.5764
[epoch 1 step 1100]  loss=5.59e-01  l1=5.59e-01  l2=0.00e+00  psnr=15.6  cos=0.5867
[epoch 1 step 1125]  loss=5.98e-01  l1=5.98e-01  l2=0.00e+00  psnr=15.2  cos=0.5651
[epoch 1 step 1150]  loss=5.48e-01  l1=5.48e-01  l2=0.00e+00  psnr=15.8  cos=0.5822
[epoch 1 step 1175]  loss=5.74e-01  l1=5.74e-01  l2=0.00e+00  psnr=15.6  cos=0.5560
[epoch 1 step 1200]  loss=5.85e-01  l1=5.85e-01  l2=0.00e+00  psnr=15.5  cos=0.5428
[epoch 1 step 1225]  loss=5.97e-01  l1=5.97e-01  l2=0.00e+00  psnr=15.3  cos=0.5574
[epoch 1 DONE]  final_loss=5.61e-01  psnr=15.28  cos=0.5574
[checkpoint] /workspace/runs/trial_toy_baseline/checkpoints/epoch_0001.pt
[val epoch 1]  latent_l1=0.5683  latent_l2=0.8204  latent_psnr=25.1690
[best] new best latent_psnr=25.1690 (prev=n/a) -> /workspace/runs/trial_toy_baseline/checkpoints/best.pt
[epoch 2 step 000]  loss=5.56e-01  l1=5.56e-01  l2=0.00e+00  psnr=16.0  cos=0.5792
[epoch 2 step 025]  loss=5.46e-01  l1=5.46e-01  l2=0.00e+00  psnr=16.1  cos=0.5794
[epoch 2 step 050]  loss=5.68e-01  l1=5.68e-01  l2=0.00e+00  psnr=15.5  cos=0.5723
[epoch 2 step 075]  loss=5.52e-01  l1=5.52e-01  l2=0.00e+00  psnr=15.9  cos=0.5818
[epoch 2 step 100]  loss=5.42e-01  l1=5.42e-01  l2=0.00e+00  psnr=16.1  cos=0.5943
[epoch 2 step 125]  loss=5.96e-01  l1=5.96e-01  l2=0.00e+00  psnr=15.4  cos=0.5457
[epoch 2 step 150]  loss=5.54e-01  l1=5.54e-01  l2=0.00e+00  psnr=15.7  cos=0.5718
[epoch 2 step 175]  loss=5.38e-01  l1=5.38e-01  l2=0.00e+00  psnr=16.1  cos=0.5882
[epoch 2 step 200]  loss=5.75e-01  l1=5.75e-01  l2=0.00e+00  psnr=15.7  cos=0.5327
[epoch 2 step 225]  loss=5.63e-01  l1=5.63e-01  l2=0.00e+00  psnr=15.8  cos=0.5675
[epoch 2 step 250]  loss=5.75e-01  l1=5.75e-01  l2=0.00e+00  psnr=15.4  cos=0.5900
[epoch 2 step 275]  loss=5.63e-01  l1=5.63e-01  l2=0.00e+00  psnr=15.9  cos=0.5760
[epoch 2 step 300]  loss=5.26e-01  l1=5.26e-01  l2=0.00e+00  psnr=16.1  cos=0.5986
[epoch 2 step 325]  loss=5.37e-01  l1=5.37e-01  l2=0.00e+00  psnr=16.2  cos=0.5993
[epoch 2 step 350]  loss=5.31e-01  l1=5.31e-01  l2=0.00e+00  psnr=16.1  cos=0.6116
[epoch 2 step 375]  loss=5.61e-01  l1=5.61e-01  l2=0.00e+00  psnr=15.6  cos=0.6058
[epoch 2 step 400]  loss=5.42e-01  l1=5.42e-01  l2=0.00e+00  psnr=16.1  cos=0.5926
[epoch 2 step 425]  loss=5.31e-01  l1=5.31e-01  l2=0.00e+00  psnr=16.2  cos=0.6117
[epoch 2 step 450]  loss=5.58e-01  l1=5.58e-01  l2=0.00e+00  psnr=15.8  cos=0.5686
[epoch 2 step 475]  loss=5.68e-01  l1=5.68e-01  l2=0.00e+00  psnr=15.5  cos=0.5890
[epoch 2 step 500]  loss=5.54e-01  l1=5.54e-01  l2=0.00e+00  psnr=15.8  cos=0.5998
[epoch 2 step 525]  loss=5.25e-01  l1=5.25e-01  l2=0.00e+00  psnr=16.1  cos=0.6117
[epoch 2 step 550]  loss=5.62e-01  l1=5.62e-01  l2=0.00e+00  psnr=15.8  cos=0.5765
[epoch 2 step 575]  loss=5.41e-01  l1=5.41e-01  l2=0.00e+00  psnr=16.1  cos=0.6177
[epoch 2 step 600]  loss=5.52e-01  l1=5.52e-01  l2=0.00e+00  psnr=16.1  cos=0.5814
[epoch 2 step 625]  loss=5.55e-01  l1=5.55e-01  l2=0.00e+00  psnr=15.8  cos=0.5999
[epoch 2 step 650]  loss=5.12e-01  l1=5.12e-01  l2=0.00e+00  psnr=16.2  cos=0.6437
[epoch 2 step 675]  loss=5.11e-01  l1=5.11e-01  l2=0.00e+00  psnr=16.4  cos=0.6395
[epoch 2 step 700]  loss=5.55e-01  l1=5.55e-01  l2=0.00e+00  psnr=15.6  cos=0.6161
[epoch 2 step 725]  loss=5.42e-01  l1=5.42e-01  l2=0.00e+00  psnr=16.2  cos=0.5938
[epoch 2 step 750]  loss=5.13e-01  l1=5.13e-01  l2=0.00e+00  psnr=16.1  cos=0.6533
[epoch 2 step 775]  loss=5.17e-01  l1=5.17e-01  l2=0.00e+00  psnr=16.3  cos=0.6348
[epoch 2 step 800]  loss=5.34e-01  l1=5.34e-01  l2=0.00e+00  psnr=16.4  cos=0.6044
[epoch 2 step 825]  loss=5.70e-01  l1=5.70e-01  l2=0.00e+00  psnr=15.8  cos=0.5695
[epoch 2 step 850]  loss=5.77e-01  l1=5.77e-01  l2=0.00e+00  psnr=15.6  cos=0.5909
[epoch 2 step 875]  loss=5.19e-01  l1=5.19e-01  l2=0.00e+00  psnr=16.4  cos=0.6379
[epoch 2 step 900]  loss=5.31e-01  l1=5.31e-01  l2=0.00e+00  psnr=16.2  cos=0.6231
[epoch 2 step 925]  loss=4.94e-01  l1=4.94e-01  l2=0.00e+00  psnr=16.8  cos=0.6441
[epoch 2 step 950]  loss=5.75e-01  l1=5.75e-01  l2=0.00e+00  psnr=15.7  cos=0.6000
[epoch 2 step 975]  loss=4.56e-01  l1=4.56e-01  l2=0.00e+00  psnr=17.2  cos=0.6851
[epoch 2 step 1000]  loss=4.95e-01  l1=4.95e-01  l2=0.00e+00  psnr=16.8  cos=0.6402
[epoch 2 step 1025]  loss=5.29e-01  l1=5.29e-01  l2=0.00e+00  psnr=16.1  cos=0.6323
[epoch 2 step 1050]  loss=4.93e-01  l1=4.93e-01  l2=0.00e+00  psnr=16.5  cos=0.6660
[epoch 2 step 1075]  loss=5.34e-01  l1=5.34e-01  l2=0.00e+00  psnr=16.1  cos=0.6179
[epoch 2 step 1100]  loss=5.34e-01  l1=5.34e-01  l2=0.00e+00  psnr=16.1  cos=0.6245
[epoch 2 step 1125]  loss=5.66e-01  l1=5.66e-01  l2=0.00e+00  psnr=15.6  cos=0.6191
[epoch 2 step 1150]  loss=5.41e-01  l1=5.41e-01  l2=0.00e+00  psnr=16.1  cos=0.6159
[epoch 2 step 1175]  loss=5.38e-01  l1=5.38e-01  l2=0.00e+00  psnr=16.0  cos=0.6138
[epoch 2 step 1200]  loss=5.11e-01  l1=5.11e-01  l2=0.00e+00  psnr=16.4  cos=0.6528
[epoch 2 step 1225]  loss=5.26e-01  l1=5.26e-01  l2=0.00e+00  psnr=16.5  cos=0.6118
[epoch 2 DONE]  final_loss=5.05e-01  psnr=16.45  cos=0.6118
[checkpoint] /workspace/runs/trial_toy_baseline/checkpoints/epoch_0002.pt
[val epoch 2]  latent_l1=0.5165  latent_l2=0.7627  latent_psnr=25.8062
[best] new best latent_psnr=25.8062 (prev=25.1690) -> /workspace/runs/trial_toy_baseline/checkpoints/best.pt
[epoch 3 step 000]  loss=5.36e-01  l1=5.36e-01  l2=0.00e+00  psnr=16.3  cos=0.6224
[epoch 3 step 025]  loss=4.93e-01  l1=4.93e-01  l2=0.00e+00  psnr=16.6  cos=0.6634
[epoch 3 step 050]  loss=5.12e-01  l1=5.12e-01  l2=0.00e+00  psnr=16.4  cos=0.6438
[epoch 3 step 075]  loss=5.22e-01  l1=5.22e-01  l2=0.00e+00  psnr=16.2  cos=0.6487
[epoch 3 step 100]  loss=5.21e-01  l1=5.21e-01  l2=0.00e+00  psnr=16.4  cos=0.6416
[epoch 3 step 125]  loss=4.92e-01  l1=4.92e-01  l2=0.00e+00  psnr=16.8  cos=0.6483
[epoch 3 step 150]  loss=5.32e-01  l1=5.32e-01  l2=0.00e+00  psnr=16.4  cos=0.5993
[epoch 3 step 175]  loss=5.14e-01  l1=5.14e-01  l2=0.00e+00  psnr=16.5  cos=0.6305
[epoch 3 step 200]  loss=5.20e-01  l1=5.20e-01  l2=0.00e+00  psnr=16.4  cos=0.6377
[epoch 3 step 225]  loss=5.18e-01  l1=5.18e-01  l2=0.00e+00  psnr=16.4  cos=0.6326
[epoch 3 step 250]  loss=4.95e-01  l1=4.95e-01  l2=0.00e+00  psnr=16.8  cos=0.6452
[epoch 3 step 275]  loss=4.87e-01  l1=4.87e-01  l2=0.00e+00  psnr=16.7  cos=0.6687
[epoch 3 step 300]  loss=4.75e-01  l1=4.75e-01  l2=0.00e+00  psnr=17.1  cos=0.6757
[epoch 3 step 325]  loss=4.81e-01  l1=4.81e-01  l2=0.00e+00  psnr=16.7  cos=0.6849
[epoch 3 step 350]  loss=5.07e-01  l1=5.07e-01  l2=0.00e+00  psnr=16.7  cos=0.6433
[epoch 3 step 375]  loss=5.04e-01  l1=5.04e-01  l2=0.00e+00  psnr=16.5  cos=0.6694
[epoch 3 step 400]  loss=5.17e-01  l1=5.17e-01  l2=0.00e+00  psnr=16.3  cos=0.6653
[epoch 3 step 425]  loss=4.72e-01  l1=4.72e-01  l2=0.00e+00  psnr=16.8  cos=0.6871
[epoch 3 step 450]  loss=5.21e-01  l1=5.21e-01  l2=0.00e+00  psnr=16.2  cos=0.6621
[epoch 3 step 475]  loss=5.06e-01  l1=5.06e-01  l2=0.00e+00  psnr=16.4  cos=0.6614
[epoch 3 step 500]  loss=5.23e-01  l1=5.23e-01  l2=0.00e+00  psnr=16.4  cos=0.6154
[epoch 3 step 525]  loss=4.77e-01  l1=4.77e-01  l2=0.00e+00  psnr=17.1  cos=0.6941
[epoch 3 step 550]  loss=4.99e-01  l1=4.99e-01  l2=0.00e+00  psnr=16.6  cos=0.6629
[epoch 3 step 575]  loss=4.99e-01  l1=4.99e-01  l2=0.00e+00  psnr=16.8  cos=0.6465
[epoch 3 step 600]  loss=4.95e-01  l1=4.95e-01  l2=0.00e+00  psnr=16.5  cos=0.6711
[epoch 3 step 625]  loss=4.97e-01  l1=4.97e-01  l2=0.00e+00  psnr=16.7  cos=0.6735
[epoch 3 step 650]  loss=5.24e-01  l1=5.24e-01  l2=0.00e+00  psnr=16.3  cos=0.6489
[epoch 3 step 675]  loss=4.84e-01  l1=4.84e-01  l2=0.00e+00  psnr=16.9  cos=0.6744
[epoch 3 step 700]  loss=5.64e-01  l1=5.64e-01  l2=0.00e+00  psnr=15.7  cos=0.6367
[epoch 3 step 725]  loss=5.25e-01  l1=5.25e-01  l2=0.00e+00  psnr=16.2  cos=0.6624
[epoch 3 step 750]  loss=5.23e-01  l1=5.23e-01  l2=0.00e+00  psnr=16.2  cos=0.6584
[epoch 3 step 775]  loss=4.95e-01  l1=4.95e-01  l2=0.00e+00  psnr=16.5  cos=0.6703
[epoch 3 step 800]  loss=5.21e-01  l1=5.21e-01  l2=0.00e+00  psnr=16.1  cos=0.6682
[epoch 3 step 825]  loss=5.09e-01  l1=5.09e-01  l2=0.00e+00  psnr=16.6  cos=0.6557
[epoch 3 step 850]  loss=5.24e-01  l1=5.24e-01  l2=0.00e+00  psnr=16.1  cos=0.6582
[epoch 3 step 875]  loss=4.81e-01  l1=4.81e-01  l2=0.00e+00  psnr=16.8  cos=0.6837
[epoch 3 step 900]  loss=5.07e-01  l1=5.07e-01  l2=0.00e+00  psnr=16.6  cos=0.6639
[epoch 3 step 925]  loss=4.97e-01  l1=4.97e-01  l2=0.00e+00  psnr=16.7  cos=0.6776
[epoch 3 step 950]  loss=4.95e-01  l1=4.95e-01  l2=0.00e+00  psnr=16.6  cos=0.6635
[epoch 3 step 975]  loss=5.09e-01  l1=5.09e-01  l2=0.00e+00  psnr=16.5  cos=0.6648
[epoch 3 step 1000]  loss=4.94e-01  l1=4.94e-01  l2=0.00e+00  psnr=16.5  cos=0.6922
[epoch 3 step 1025]  loss=4.76e-01  l1=4.76e-01  l2=0.00e+00  psnr=16.9  cos=0.6884
[epoch 3 step 1050]  loss=5.73e-01  l1=5.73e-01  l2=0.00e+00  psnr=15.8  cos=0.6107
[epoch 3 step 1075]  loss=4.82e-01  l1=4.82e-01  l2=0.00e+00  psnr=16.9  cos=0.6925
[epoch 3 step 1100]  loss=4.91e-01  l1=4.91e-01  l2=0.00e+00  psnr=16.7  cos=0.6705
[epoch 3 step 1125]  loss=4.80e-01  l1=4.80e-01  l2=0.00e+00  psnr=16.9  cos=0.6917
[epoch 3 step 1150]  loss=4.81e-01  l1=4.81e-01  l2=0.00e+00  psnr=17.1  cos=0.6787
[epoch 3 step 1175]  loss=4.64e-01  l1=4.64e-01  l2=0.00e+00  psnr=17.0  cos=0.7029
[epoch 3 step 1200]  loss=4.95e-01  l1=4.95e-01  l2=0.00e+00  psnr=16.7  cos=0.6774
[epoch 3 step 1225]  loss=4.65e-01  l1=4.65e-01  l2=0.00e+00  psnr=17.1  cos=0.6833
[epoch 3 DONE]  final_loss=4.76e-01  psnr=17.11  cos=0.6833
[checkpoint] /workspace/runs/trial_toy_baseline/checkpoints/epoch_0003.pt
[val epoch 3]  latent_l1=0.4895  latent_l2=0.7270  latent_psnr=26.2244
[best] new best latent_psnr=26.2244 (prev=25.8062) -> /workspace/runs/trial_toy_baseline/checkpoints/best.pt
[epoch 4 step 000]  loss=5.01e-01  l1=5.01e-01  l2=0.00e+00  psnr=16.7  cos=0.6721
[epoch 4 step 025]  loss=4.82e-01  l1=4.82e-01  l2=0.00e+00  psnr=16.8  cos=0.6967
[epoch 4 step 050]  loss=4.88e-01  l1=4.88e-01  l2=0.00e+00  psnr=16.9  cos=0.6837
[epoch 4 step 075]  loss=4.81e-01  l1=4.81e-01  l2=0.00e+00  psnr=16.6  cos=0.6942
[epoch 4 step 100]  loss=4.72e-01  l1=4.72e-01  l2=0.00e+00  psnr=17.0  cos=0.6908
[epoch 4 step 125]  loss=4.76e-01  l1=4.76e-01  l2=0.00e+00  psnr=17.1  cos=0.6826
[epoch 4 step 150]  loss=4.89e-01  l1=4.89e-01  l2=0.00e+00  psnr=16.8  cos=0.6849
[epoch 4 step 175]  loss=4.75e-01  l1=4.75e-01  l2=0.00e+00  psnr=16.8  cos=0.7119
[epoch 4 step 200]  loss=5.08e-01  l1=5.08e-01  l2=0.00e+00  psnr=16.4  cos=0.6820
[epoch 4 step 225]  loss=4.72e-01  l1=4.72e-01  l2=0.00e+00  psnr=16.8  cos=0.7032
[epoch 4 step 250]  loss=4.94e-01  l1=4.94e-01  l2=0.00e+00  psnr=16.6  cos=0.6917
[epoch 4 step 275]  loss=5.01e-01  l1=5.01e-01  l2=0.00e+00  psnr=16.8  cos=0.6795
[epoch 4 step 300]  loss=4.83e-01  l1=4.83e-01  l2=0.00e+00  psnr=16.7  cos=0.6948
[epoch 4 step 325]  loss=5.23e-01  l1=5.23e-01  l2=0.00e+00  psnr=16.3  cos=0.6591
[epoch 4 step 350]  loss=4.39e-01  l1=4.39e-01  l2=0.00e+00  psnr=17.5  cos=0.7243
[epoch 4 step 375]  loss=4.34e-01  l1=4.34e-01  l2=0.00e+00  psnr=17.4  cos=0.7298
[epoch 4 step 400]  loss=5.07e-01  l1=5.07e-01  l2=0.00e+00  psnr=16.6  cos=0.6616
[epoch 4 step 425]  loss=5.07e-01  l1=5.07e-01  l2=0.00e+00  psnr=16.6  cos=0.6749
[epoch 4 step 450]  loss=4.77e-01  l1=4.77e-01  l2=0.00e+00  psnr=17.2  cos=0.6816
[epoch 4 step 475]  loss=4.78e-01  l1=4.78e-01  l2=0.00e+00  psnr=17.0  cos=0.6922
[epoch 4 step 500]  loss=4.80e-01  l1=4.80e-01  l2=0.00e+00  psnr=17.0  cos=0.6955
[epoch 4 step 525]  loss=5.19e-01  l1=5.19e-01  l2=0.00e+00  psnr=16.4  cos=0.6712
[epoch 4 step 550]  loss=4.84e-01  l1=4.84e-01  l2=0.00e+00  psnr=16.9  cos=0.7006
[epoch 4 step 575]  loss=4.96e-01  l1=4.96e-01  l2=0.00e+00  psnr=16.7  cos=0.6937
[epoch 4 step 600]  loss=4.64e-01  l1=4.64e-01  l2=0.00e+00  psnr=17.3  cos=0.7016
[epoch 4 step 625]  loss=4.90e-01  l1=4.90e-01  l2=0.00e+00  psnr=16.8  cos=0.6878
[epoch 4 step 650]  loss=5.06e-01  l1=5.06e-01  l2=0.00e+00  psnr=16.5  cos=0.6905
[epoch 4 step 675]  loss=5.08e-01  l1=5.08e-01  l2=0.00e+00  psnr=16.6  cos=0.6760
[epoch 4 step 700]  loss=4.71e-01  l1=4.71e-01  l2=0.00e+00  psnr=17.0  cos=0.7007
[epoch 4 step 725]  loss=4.93e-01  l1=4.93e-01  l2=0.00e+00  psnr=16.5  cos=0.7069
[epoch 4 step 750]  loss=4.83e-01  l1=4.83e-01  l2=0.00e+00  psnr=16.9  cos=0.7004
[epoch 4 step 775]  loss=5.09e-01  l1=5.09e-01  l2=0.00e+00  psnr=16.7  cos=0.6482
[epoch 4 step 800]  loss=4.84e-01  l1=4.84e-01  l2=0.00e+00  psnr=16.9  cos=0.7029
[epoch 4 step 825]  loss=4.81e-01  l1=4.81e-01  l2=0.00e+00  psnr=17.1  cos=0.6783
[epoch 4 step 850]  loss=4.68e-01  l1=4.68e-01  l2=0.00e+00  psnr=17.2  cos=0.7054
[epoch 4 step 875]  loss=4.99e-01  l1=4.99e-01  l2=0.00e+00  psnr=16.7  cos=0.6753
[epoch 4 step 900]  loss=4.35e-01  l1=4.35e-01  l2=0.00e+00  psnr=17.7  cos=0.7410
[epoch 4 step 925]  loss=5.18e-01  l1=5.18e-01  l2=0.00e+00  psnr=16.6  cos=0.6728
[epoch 4 step 950]  loss=4.83e-01  l1=4.83e-01  l2=0.00e+00  psnr=16.8  cos=0.6995
[epoch 4 step 975]  loss=4.63e-01  l1=4.63e-01  l2=0.00e+00  psnr=17.2  cos=0.7148
[epoch 4 step 1000]  loss=4.70e-01  l1=4.70e-01  l2=0.00e+00  psnr=16.9  cos=0.7110
[epoch 4 step 1025]  loss=4.99e-01  l1=4.99e-01  l2=0.00e+00  psnr=16.5  cos=0.6883
[epoch 4 step 1050]  loss=4.87e-01  l1=4.87e-01  l2=0.00e+00  psnr=16.8  cos=0.6974
[epoch 4 step 1075]  loss=5.27e-01  l1=5.27e-01  l2=0.00e+00  psnr=16.3  cos=0.6761
[epoch 4 step 1100]  loss=4.92e-01  l1=4.92e-01  l2=0.00e+00  psnr=16.5  cos=0.7078
[epoch 4 step 1125]  loss=4.98e-01  l1=4.98e-01  l2=0.00e+00  psnr=16.8  cos=0.6877
[epoch 4 step 1150]  loss=4.43e-01  l1=4.43e-01  l2=0.00e+00  psnr=17.6  cos=0.7263
[epoch 4 step 1175]  loss=4.64e-01  l1=4.64e-01  l2=0.00e+00  psnr=17.4  cos=0.7108
[epoch 4 step 1200]  loss=5.01e-01  l1=5.01e-01  l2=0.00e+00  psnr=16.6  cos=0.6954
[epoch 4 step 1225]  loss=4.59e-01  l1=4.59e-01  l2=0.00e+00  psnr=17.3  cos=0.7197
[epoch 4 DONE]  final_loss=5.37e-01  psnr=17.30  cos=0.7197
[checkpoint] /workspace/runs/trial_toy_baseline/checkpoints/epoch_0004.pt
[val epoch 4]  latent_l1=0.4698  latent_l2=0.7018  latent_psnr=26.5309
[best] new best latent_psnr=26.5309 (prev=26.2244) -> /workspace/runs/trial_toy_baseline/checkpoints/best.pt
[epoch 5 step 000]  loss=4.81e-01  l1=4.81e-01  l2=0.00e+00  psnr=16.8  cos=0.7137
[epoch 5 step 025]  loss=4.79e-01  l1=4.79e-01  l2=0.00e+00  psnr=17.2  cos=0.6883
[epoch 5 step 050]  loss=4.54e-01  l1=4.54e-01  l2=0.00e+00  psnr=17.5  cos=0.7215
[epoch 5 step 075]  loss=4.73e-01  l1=4.73e-01  l2=0.00e+00  psnr=17.1  cos=0.7135
[epoch 5 step 100]  loss=4.81e-01  l1=4.81e-01  l2=0.00e+00  psnr=16.6  cos=0.7243
[epoch 5 step 125]  loss=4.84e-01  l1=4.84e-01  l2=0.00e+00  psnr=17.0  cos=0.7113
[epoch 5 step 150]  loss=4.80e-01  l1=4.80e-01  l2=0.00e+00  psnr=16.8  cos=0.6974
[epoch 5 step 175]  loss=4.86e-01  l1=4.86e-01  l2=0.00e+00  psnr=16.5  cos=0.7153
[epoch 5 step 200]  loss=4.80e-01  l1=4.80e-01  l2=0.00e+00  psnr=16.9  cos=0.7082
[epoch 5 step 225]  loss=4.74e-01  l1=4.74e-01  l2=0.00e+00  psnr=16.8  cos=0.7262
[epoch 5 step 250]  loss=4.52e-01  l1=4.52e-01  l2=0.00e+00  psnr=17.4  cos=0.7352
[epoch 5 step 275]  loss=4.99e-01  l1=4.99e-01  l2=0.00e+00  psnr=16.7  cos=0.6841
[epoch 5 step 300]  loss=4.40e-01  l1=4.40e-01  l2=0.00e+00  psnr=17.6  cos=0.7338
[epoch 5 step 325]  loss=4.63e-01  l1=4.63e-01  l2=0.00e+00  psnr=17.4  cos=0.7132
[epoch 5 step 350]  loss=5.18e-01  l1=5.18e-01  l2=0.00e+00  psnr=16.5  cos=0.6813
[epoch 5 step 375]  loss=4.69e-01  l1=4.69e-01  l2=0.00e+00  psnr=17.2  cos=0.7098
[epoch 5 step 400]  loss=4.84e-01  l1=4.84e-01  l2=0.00e+00  psnr=16.8  cos=0.7135
[epoch 5 step 425]  loss=4.49e-01  l1=4.49e-01  l2=0.00e+00  psnr=17.7  cos=0.7207
[epoch 5 step 450]  loss=4.61e-01  l1=4.61e-01  l2=0.00e+00  psnr=17.1  cos=0.7129
[epoch 5 step 475]  loss=4.50e-01  l1=4.50e-01  l2=0.00e+00  psnr=17.6  cos=0.7209
[epoch 5 step 500]  loss=4.42e-01  l1=4.42e-01  l2=0.00e+00  psnr=17.5  cos=0.7301
[epoch 5 step 525]  loss=4.54e-01  l1=4.54e-01  l2=0.00e+00  psnr=17.5  cos=0.7282
[epoch 5 step 550]  loss=4.71e-01  l1=4.71e-01  l2=0.00e+00  psnr=17.1  cos=0.6996
[epoch 5 step 575]  loss=4.74e-01  l1=4.74e-01  l2=0.00e+00  psnr=17.0  cos=0.7049
[epoch 5 step 600]  loss=4.52e-01  l1=4.52e-01  l2=0.00e+00  psnr=17.1  cos=0.7324
[epoch 5 step 625]  loss=4.74e-01  l1=4.74e-01  l2=0.00e+00  psnr=17.2  cos=0.6902
[epoch 5 step 650]  loss=4.56e-01  l1=4.56e-01  l2=0.00e+00  psnr=17.2  cos=0.7377
[epoch 5 step 675]  loss=4.97e-01  l1=4.97e-01  l2=0.00e+00  psnr=16.7  cos=0.6889
[epoch 5 step 700]  loss=4.92e-01  l1=4.92e-01  l2=0.00e+00  psnr=16.8  cos=0.6954
[epoch 5 step 725]  loss=4.83e-01  l1=4.83e-01  l2=0.00e+00  psnr=17.1  cos=0.7060
[epoch 5 step 750]  loss=4.61e-01  l1=4.61e-01  l2=0.00e+00  psnr=17.5  cos=0.7176
[epoch 5 step 775]  loss=4.87e-01  l1=4.87e-01  l2=0.00e+00  psnr=16.9  cos=0.7075
[epoch 5 step 800]  loss=4.92e-01  l1=4.92e-01  l2=0.00e+00  psnr=16.6  cos=0.7042
[epoch 5 step 825]  loss=4.61e-01  l1=4.61e-01  l2=0.00e+00  psnr=17.3  cos=0.7214
[epoch 5 step 850]  loss=4.27e-01  l1=4.27e-01  l2=0.00e+00  psnr=17.8  cos=0.7449
[epoch 5 step 875]  loss=4.61e-01  l1=4.61e-01  l2=0.00e+00  psnr=17.4  cos=0.7157
[epoch 5 step 900]  loss=4.42e-01  l1=4.42e-01  l2=0.00e+00  psnr=17.6  cos=0.7461
[epoch 5 step 925]  loss=4.58e-01  l1=4.58e-01  l2=0.00e+00  psnr=17.4  cos=0.7276
[epoch 5 step 950]  loss=4.29e-01  l1=4.29e-01  l2=0.00e+00  psnr=17.7  cos=0.7308
[epoch 5 step 975]  loss=4.42e-01  l1=4.42e-01  l2=0.00e+00  psnr=17.4  cos=0.7297
[epoch 5 step 1000]  loss=4.66e-01  l1=4.66e-01  l2=0.00e+00  psnr=17.1  cos=0.7169
[epoch 5 step 1025]  loss=4.46e-01  l1=4.46e-01  l2=0.00e+00  psnr=17.7  cos=0.7266
[epoch 5 step 1050]  loss=4.78e-01  l1=4.78e-01  l2=0.00e+00  psnr=17.1  cos=0.7179
[epoch 5 step 1075]  loss=4.38e-01  l1=4.38e-01  l2=0.00e+00  psnr=17.6  cos=0.7390
[epoch 5 step 1100]  loss=4.60e-01  l1=4.60e-01  l2=0.00e+00  psnr=17.1  cos=0.7316
[epoch 5 step 1125]  loss=4.54e-01  l1=4.54e-01  l2=0.00e+00  psnr=17.4  cos=0.7346
[epoch 5 step 1150]  loss=4.71e-01  l1=4.71e-01  l2=0.00e+00  psnr=17.0  cos=0.7288
[epoch 5 step 1175]  loss=4.58e-01  l1=4.58e-01  l2=0.00e+00  psnr=17.2  cos=0.7316
[epoch 5 step 1200]  loss=4.67e-01  l1=4.67e-01  l2=0.00e+00  psnr=17.1  cos=0.7245
[epoch 5 step 1225]  loss=4.70e-01  l1=4.70e-01  l2=0.00e+00  psnr=17.1  cos=0.7257
[epoch 5 DONE]  final_loss=4.45e-01  psnr=17.08  cos=0.7257
[checkpoint] /workspace/runs/trial_toy_baseline/checkpoints/epoch_0005.pt
[val epoch 5]  latent_l1=0.4555  latent_l2=0.6826  latent_psnr=26.7730
[best] new best latent_psnr=26.7730 (prev=26.5309) -> /workspace/runs/trial_toy_baseline/checkpoints/best.pt
[epoch 6 step 000]  loss=5.05e-01  l1=5.05e-01  l2=0.00e+00  psnr=16.7  cos=0.6954
[epoch 6 step 025]  loss=4.58e-01  l1=4.58e-01  l2=0.00e+00  psnr=17.3  cos=0.7316
[epoch 6 step 050]  loss=4.65e-01  l1=4.65e-01  l2=0.00e+00  psnr=17.2  cos=0.7232
[epoch 6 step 075]  loss=4.42e-01  l1=4.42e-01  l2=0.00e+00  psnr=17.5  cos=0.7523
[epoch 6 step 100]  loss=4.99e-01  l1=4.99e-01  l2=0.00e+00  psnr=16.7  cos=0.7067
[epoch 6 step 125]  loss=4.60e-01  l1=4.60e-01  l2=0.00e+00  psnr=17.3  cos=0.7177
[epoch 6 step 150]  loss=4.25e-01  l1=4.25e-01  l2=0.00e+00  psnr=17.7  cos=0.7647
[epoch 6 step 175]  loss=4.31e-01  l1=4.31e-01  l2=0.00e+00  psnr=17.6  cos=0.7479
[epoch 6 step 200]  loss=4.53e-01  l1=4.53e-01  l2=0.00e+00  psnr=17.4  cos=0.7291
[epoch 6 step 225]  loss=4.94e-01  l1=4.94e-01  l2=0.00e+00  psnr=16.6  cos=0.7091
[epoch 6 step 250]  loss=4.73e-01  l1=4.73e-01  l2=0.00e+00  psnr=17.1  cos=0.7198
[epoch 6 step 275]  loss=4.48e-01  l1=4.48e-01  l2=0.00e+00  psnr=17.7  cos=0.7354
[epoch 6 step 300]  loss=4.74e-01  l1=4.74e-01  l2=0.00e+00  psnr=17.1  cos=0.7109
[epoch 6 step 325]  loss=4.77e-01  l1=4.77e-01  l2=0.00e+00  psnr=17.2  cos=0.7163
[epoch 6 step 350]  loss=4.50e-01  l1=4.50e-01  l2=0.00e+00  psnr=17.6  cos=0.7239
[epoch 6 step 375]  loss=4.74e-01  l1=4.74e-01  l2=0.00e+00  psnr=17.0  cos=0.7190
[epoch 6 step 400]  loss=4.44e-01  l1=4.44e-01  l2=0.00e+00  psnr=17.6  cos=0.7489
[epoch 6 step 425]  loss=4.45e-01  l1=4.45e-01  l2=0.00e+00  psnr=17.3  cos=0.7327
[epoch 6 step 450]  loss=4.67e-01  l1=4.67e-01  l2=0.00e+00  psnr=17.2  cos=0.7116
[epoch 6 step 475]  loss=4.74e-01  l1=4.74e-01  l2=0.00e+00  psnr=17.0  cos=0.7207
[epoch 6 step 500]  loss=4.96e-01  l1=4.96e-01  l2=0.00e+00  psnr=16.6  cos=0.7123
[epoch 6 step 525]  loss=4.60e-01  l1=4.60e-01  l2=0.00e+00  psnr=17.3  cos=0.7318
[epoch 6 step 550]  loss=4.79e-01  l1=4.79e-01  l2=0.00e+00  psnr=16.9  cos=0.7243
[epoch 6 step 575]  loss=4.79e-01  l1=4.79e-01  l2=0.00e+00  psnr=16.9  cos=0.7268
[epoch 6 step 600]  loss=4.14e-01  l1=4.14e-01  l2=0.00e+00  psnr=17.6  cos=0.7654
[epoch 6 step 625]  loss=4.44e-01  l1=4.44e-01  l2=0.00e+00  psnr=17.5  cos=0.7476
[epoch 6 step 650]  loss=5.27e-01  l1=5.27e-01  l2=0.00e+00  psnr=16.2  cos=0.6978
[epoch 6 step 675]  loss=4.69e-01  l1=4.69e-01  l2=0.00e+00  psnr=17.1  cos=0.7248
[epoch 6 step 700]  loss=4.60e-01  l1=4.60e-01  l2=0.00e+00  psnr=17.1  cos=0.7140
[epoch 6 step 725]  loss=4.52e-01  l1=4.52e-01  l2=0.00e+00  psnr=17.4  cos=0.7253
[epoch 6 step 750]  loss=4.56e-01  l1=4.56e-01  l2=0.00e+00  psnr=17.3  cos=0.7377
[epoch 6 step 775]  loss=4.77e-01  l1=4.77e-01  l2=0.00e+00  psnr=17.1  cos=0.7135
[epoch 6 step 800]  loss=4.63e-01  l1=4.63e-01  l2=0.00e+00  psnr=17.1  cos=0.7453
[epoch 6 step 825]  loss=4.40e-01  l1=4.40e-01  l2=0.00e+00  psnr=17.8  cos=0.7369
[epoch 6 step 850]  loss=4.53e-01  l1=4.53e-01  l2=0.00e+00  psnr=17.6  cos=0.7231
[epoch 6 step 875]  loss=4.70e-01  l1=4.70e-01  l2=0.00e+00  psnr=17.1  cos=0.7318
[epoch 6 step 900]  loss=4.31e-01  l1=4.31e-01  l2=0.00e+00  psnr=17.9  cos=0.7390
[epoch 6 step 925]  loss=4.51e-01  l1=4.51e-01  l2=0.00e+00  psnr=17.4  cos=0.7266
[epoch 6 step 950]  loss=4.46e-01  l1=4.46e-01  l2=0.00e+00  psnr=17.3  cos=0.7468
[epoch 6 step 975]  loss=4.40e-01  l1=4.40e-01  l2=0.00e+00  psnr=17.7  cos=0.7426
[epoch 6 step 1000]  loss=4.55e-01  l1=4.55e-01  l2=0.00e+00  psnr=17.6  cos=0.7209
[epoch 6 step 1025]  loss=4.24e-01  l1=4.24e-01  l2=0.00e+00  psnr=17.7  cos=0.7658
[epoch 6 step 1050]  loss=4.36e-01  l1=4.36e-01  l2=0.00e+00  psnr=17.8  cos=0.7502
[epoch 6 step 1075]  loss=4.77e-01  l1=4.77e-01  l2=0.00e+00  psnr=17.0  cos=0.7094
[epoch 6 step 1100]  loss=4.69e-01  l1=4.69e-01  l2=0.00e+00  psnr=17.1  cos=0.7225
[epoch 6 step 1125]  loss=4.56e-01  l1=4.56e-01  l2=0.00e+00  psnr=17.2  cos=0.7373
[epoch 6 step 1150]  loss=4.37e-01  l1=4.37e-01  l2=0.00e+00  psnr=17.5  cos=0.7543
[epoch 6 step 1175]  loss=4.48e-01  l1=4.48e-01  l2=0.00e+00  psnr=17.3  cos=0.7392
[epoch 6 step 1200]  loss=4.44e-01  l1=4.44e-01  l2=0.00e+00  psnr=17.6  cos=0.7272
[epoch 6 step 1225]  loss=4.63e-01  l1=4.63e-01  l2=0.00e+00  psnr=17.0  cos=0.7318
[epoch 6 DONE]  final_loss=4.73e-01  psnr=16.98  cos=0.7318
[checkpoint] /workspace/runs/trial_toy_baseline/checkpoints/epoch_0006.pt
[val epoch 6]  latent_l1=0.4426  latent_l2=0.6649  latent_psnr=27.0011
[best] new best latent_psnr=27.0011 (prev=26.7730) -> /workspace/runs/trial_toy_baseline/checkpoints/best.pt
[epoch 7 step 000]  loss=4.87e-01  l1=4.87e-01  l2=0.00e+00  psnr=17.2  cos=0.7148
[epoch 7 step 025]  loss=4.10e-01  l1=4.10e-01  l2=0.00e+00  psnr=18.0  cos=0.7695
[epoch 7 step 050]  loss=4.56e-01  l1=4.56e-01  l2=0.00e+00  psnr=17.1  cos=0.7376
[epoch 7 step 075]  loss=5.04e-01  l1=5.04e-01  l2=0.00e+00  psnr=16.5  cos=0.7118
[epoch 7 step 100]  loss=4.68e-01  l1=4.68e-01  l2=0.00e+00  psnr=17.1  cos=0.7342
[epoch 7 step 125]  loss=4.28e-01  l1=4.28e-01  l2=0.00e+00  psnr=17.9  cos=0.7558
[epoch 7 step 150]  loss=4.38e-01  l1=4.38e-01  l2=0.00e+00  psnr=17.6  cos=0.7471
[epoch 7 step 175]  loss=4.52e-01  l1=4.52e-01  l2=0.00e+00  psnr=17.4  cos=0.7462
[epoch 7 step 200]  loss=4.48e-01  l1=4.48e-01  l2=0.00e+00  psnr=17.4  cos=0.7465
[epoch 7 step 225]  loss=4.12e-01  l1=4.12e-01  l2=0.00e+00  psnr=18.1  cos=0.7599
[epoch 7 step 250]  loss=4.58e-01  l1=4.58e-01  l2=0.00e+00  psnr=17.1  cos=0.7491
[epoch 7 step 275]  loss=4.61e-01  l1=4.61e-01  l2=0.00e+00  psnr=17.1  cos=0.7370
[epoch 7 step 300]  loss=4.25e-01  l1=4.25e-01  l2=0.00e+00  psnr=17.8  cos=0.7585
[epoch 7 step 325]  loss=4.46e-01  l1=4.46e-01  l2=0.00e+00  psnr=17.6  cos=0.7432
[epoch 7 step 350]  loss=4.47e-01  l1=4.47e-01  l2=0.00e+00  psnr=17.6  cos=0.7402
[epoch 7 step 375]  loss=4.87e-01  l1=4.87e-01  l2=0.00e+00  psnr=16.7  cos=0.7116
[epoch 7 step 400]  loss=4.28e-01  l1=4.28e-01  l2=0.00e+00  psnr=17.8  cos=0.7580
[epoch 7 step 425]  loss=4.27e-01  l1=4.27e-01  l2=0.00e+00  psnr=17.7  cos=0.7635
[epoch 7 step 450]  loss=4.32e-01  l1=4.32e-01  l2=0.00e+00  psnr=17.7  cos=0.7491
[epoch 7 step 475]  loss=4.53e-01  l1=4.53e-01  l2=0.00e+00  psnr=17.3  cos=0.7369
[epoch 7 step 500]  loss=4.68e-01  l1=4.68e-01  l2=0.00e+00  psnr=17.3  cos=0.7237
[epoch 7 step 525]  loss=5.05e-01  l1=5.05e-01  l2=0.00e+00  psnr=16.7  cos=0.6913
[epoch 7 step 550]  loss=4.83e-01  l1=4.83e-01  l2=0.00e+00  psnr=16.9  cos=0.7248
[epoch 7 step 575]  loss=4.02e-01  l1=4.02e-01  l2=0.00e+00  psnr=18.2  cos=0.7767
[epoch 7 step 600]  loss=4.01e-01  l1=4.01e-01  l2=0.00e+00  psnr=18.3  cos=0.7760
[epoch 7 step 625]  loss=4.50e-01  l1=4.50e-01  l2=0.00e+00  psnr=17.5  cos=0.7366
[epoch 7 step 650]  loss=4.31e-01  l1=4.31e-01  l2=0.00e+00  psnr=17.6  cos=0.7658
[epoch 7 step 675]  loss=4.46e-01  l1=4.46e-01  l2=0.00e+00  psnr=17.6  cos=0.7488
[epoch 7 step 700]  loss=4.45e-01  l1=4.45e-01  l2=0.00e+00  psnr=17.4  cos=0.7620
[epoch 7 step 725]  loss=4.26e-01  l1=4.26e-01  l2=0.00e+00  psnr=18.0  cos=0.7557
[epoch 7 step 750]  loss=4.28e-01  l1=4.28e-01  l2=0.00e+00  psnr=18.0  cos=0.7599
[epoch 7 step 775]  loss=4.59e-01  l1=4.59e-01  l2=0.00e+00  psnr=17.2  cos=0.7507
[epoch 7 step 800]  loss=4.58e-01  l1=4.58e-01  l2=0.00e+00  psnr=17.1  cos=0.7442
[epoch 7 step 825]  loss=4.54e-01  l1=4.54e-01  l2=0.00e+00  psnr=17.4  cos=0.7347
[epoch 7 step 850]  loss=4.50e-01  l1=4.50e-01  l2=0.00e+00  psnr=17.5  cos=0.7492
[epoch 7 step 875]  loss=4.45e-01  l1=4.45e-01  l2=0.00e+00  psnr=17.6  cos=0.7366
[epoch 7 step 900]  loss=4.36e-01  l1=4.36e-01  l2=0.00e+00  psnr=17.8  cos=0.7514
[epoch 7 step 925]  loss=4.35e-01  l1=4.35e-01  l2=0.00e+00  psnr=17.5  cos=0.7540
[epoch 7 step 950]  loss=4.43e-01  l1=4.43e-01  l2=0.00e+00  psnr=17.7  cos=0.7491
[epoch 7 step 975]  loss=4.16e-01  l1=4.16e-01  l2=0.00e+00  psnr=18.0  cos=0.7687
[epoch 7 step 1000]  loss=4.59e-01  l1=4.59e-01  l2=0.00e+00  psnr=17.3  cos=0.7527
[epoch 7 step 1025]  loss=4.79e-01  l1=4.79e-01  l2=0.00e+00  psnr=17.0  cos=0.7290
[epoch 7 step 1050]  loss=4.62e-01  l1=4.62e-01  l2=0.00e+00  psnr=17.3  cos=0.7434
[epoch 7 step 1075]  loss=4.26e-01  l1=4.26e-01  l2=0.00e+00  psnr=17.5  cos=0.7607
[epoch 7 step 1100]  loss=4.02e-01  l1=4.02e-01  l2=0.00e+00  psnr=18.3  cos=0.7741
[epoch 7 step 1125]  loss=5.00e-01  l1=5.00e-01  l2=0.00e+00  psnr=16.9  cos=0.6939
[epoch 7 step 1150]  loss=4.37e-01  l1=4.37e-01  l2=0.00e+00  psnr=17.6  cos=0.7597
[epoch 7 step 1175]  loss=4.38e-01  l1=4.38e-01  l2=0.00e+00  psnr=17.3  cos=0.7548
[epoch 7 step 1200]  loss=4.43e-01  l1=4.43e-01  l2=0.00e+00  psnr=17.5  cos=0.7583
[epoch 7 step 1225]  loss=4.23e-01  l1=4.23e-01  l2=0.00e+00  psnr=17.9  cos=0.7723
[epoch 7 DONE]  final_loss=4.51e-01  psnr=17.93  cos=0.7723
[checkpoint] /workspace/runs/trial_toy_baseline/checkpoints/epoch_0007.pt
[val epoch 7]  latent_l1=0.4365  latent_l2=0.6547  latent_psnr=27.1350
[best] new best latent_psnr=27.1350 (prev=27.0011) -> /workspace/runs/trial_toy_baseline/checkpoints/best.pt
[epoch 8 step 000]  loss=4.75e-01  l1=4.75e-01  l2=0.00e+00  psnr=16.7  cos=0.7511
[epoch 8 step 025]  loss=4.23e-01  l1=4.23e-01  l2=0.00e+00  psnr=17.8  cos=0.7591
[epoch 8 step 050]  loss=4.30e-01  l1=4.30e-01  l2=0.00e+00  psnr=17.9  cos=0.7493
[epoch 8 step 075]  loss=4.45e-01  l1=4.45e-01  l2=0.00e+00  psnr=17.7  cos=0.7485
[epoch 8 step 100]  loss=4.44e-01  l1=4.44e-01  l2=0.00e+00  psnr=17.4  cos=0.7535
[epoch 8 step 125]  loss=4.28e-01  l1=4.28e-01  l2=0.00e+00  psnr=17.9  cos=0.7667
[epoch 8 step 150]  loss=4.34e-01  l1=4.34e-01  l2=0.00e+00  psnr=17.6  cos=0.7611
[epoch 8 step 175]  loss=4.09e-01  l1=4.09e-01  l2=0.00e+00  psnr=18.0  cos=0.7779
[epoch 8 step 200]  loss=4.47e-01  l1=4.47e-01  l2=0.00e+00  psnr=17.7  cos=0.7405
[epoch 8 step 225]  loss=4.29e-01  l1=4.29e-01  l2=0.00e+00  psnr=17.8  cos=0.7681
[epoch 8 step 250]  loss=4.01e-01  l1=4.01e-01  l2=0.00e+00  psnr=18.2  cos=0.7856
[epoch 8 step 275]  loss=4.39e-01  l1=4.39e-01  l2=0.00e+00  psnr=17.7  cos=0.7521
[epoch 8 step 300]  loss=4.65e-01  l1=4.65e-01  l2=0.00e+00  psnr=17.4  cos=0.7317
[epoch 8 step 325]  loss=4.39e-01  l1=4.39e-01  l2=0.00e+00  psnr=17.8  cos=0.7450
[epoch 8 step 350]  loss=4.20e-01  l1=4.20e-01  l2=0.00e+00  psnr=17.9  cos=0.7732
[epoch 8 step 375]  loss=4.08e-01  l1=4.08e-01  l2=0.00e+00  psnr=18.1  cos=0.7858
[epoch 8 step 400]  loss=4.42e-01  l1=4.42e-01  l2=0.00e+00  psnr=17.4  cos=0.7650
[epoch 8 step 425]  loss=4.71e-01  l1=4.71e-01  l2=0.00e+00  psnr=16.9  cos=0.7283
[epoch 8 step 450]  loss=4.26e-01  l1=4.26e-01  l2=0.00e+00  psnr=17.8  cos=0.7668
[epoch 8 step 475]  loss=4.42e-01  l1=4.42e-01  l2=0.00e+00  psnr=17.8  cos=0.7474
[epoch 8 step 500]  loss=4.36e-01  l1=4.36e-01  l2=0.00e+00  psnr=17.4  cos=0.7677
[epoch 8 step 525]  loss=4.14e-01  l1=4.14e-01  l2=0.00e+00  psnr=18.4  cos=0.7712
[epoch 8 step 550]  loss=4.40e-01  l1=4.40e-01  l2=0.00e+00  psnr=17.7  cos=0.7492
[epoch 8 step 575]  loss=4.50e-01  l1=4.50e-01  l2=0.00e+00  psnr=17.5  cos=0.7538
[epoch 8 step 600]  loss=4.48e-01  l1=4.48e-01  l2=0.00e+00  psnr=17.6  cos=0.7443
[epoch 8 step 625]  loss=4.49e-01  l1=4.49e-01  l2=0.00e+00  psnr=17.7  cos=0.7420
[epoch 8 step 650]  loss=4.17e-01  l1=4.17e-01  l2=0.00e+00  psnr=18.1  cos=0.7670
[epoch 8 step 675]  loss=4.45e-01  l1=4.45e-01  l2=0.00e+00  psnr=17.4  cos=0.7596
[epoch 8 step 700]  loss=4.16e-01  l1=4.16e-01  l2=0.00e+00  psnr=17.9  cos=0.7786
[epoch 8 step 725]  loss=4.45e-01  l1=4.45e-01  l2=0.00e+00  psnr=17.4  cos=0.7412
[epoch 8 step 750]  loss=4.78e-01  l1=4.78e-01  l2=0.00e+00  psnr=17.3  cos=0.7264
[epoch 8 step 775]  loss=4.46e-01  l1=4.46e-01  l2=0.00e+00  psnr=17.5  cos=0.7436
[epoch 8 step 800]  loss=4.29e-01  l1=4.29e-01  l2=0.00e+00  psnr=17.8  cos=0.7590
[epoch 8 step 825]  loss=4.66e-01  l1=4.66e-01  l2=0.00e+00  psnr=17.3  cos=0.7350
[epoch 8 step 850]  loss=4.38e-01  l1=4.38e-01  l2=0.00e+00  psnr=17.8  cos=0.7502
[epoch 8 step 875]  loss=4.71e-01  l1=4.71e-01  l2=0.00e+00  psnr=17.2  cos=0.7407
[epoch 8 step 900]  loss=3.84e-01  l1=3.84e-01  l2=0.00e+00  psnr=18.4  cos=0.7963
[epoch 8 step 925]  loss=4.33e-01  l1=4.33e-01  l2=0.00e+00  psnr=17.9  cos=0.7649
[epoch 8 step 950]  loss=3.99e-01  l1=3.99e-01  l2=0.00e+00  psnr=18.3  cos=0.7853
[epoch 8 step 975]  loss=4.22e-01  l1=4.22e-01  l2=0.00e+00  psnr=17.9  cos=0.7536
[epoch 8 step 1000]  loss=4.49e-01  l1=4.49e-01  l2=0.00e+00  psnr=17.5  cos=0.7532
[epoch 8 step 1025]  loss=4.28e-01  l1=4.28e-01  l2=0.00e+00  psnr=17.8  cos=0.7770
[epoch 8 step 1050]  loss=4.61e-01  l1=4.61e-01  l2=0.00e+00  psnr=17.4  cos=0.7443
[epoch 8 step 1075]  loss=4.31e-01  l1=4.31e-01  l2=0.00e+00  psnr=17.8  cos=0.7717
[epoch 8 step 1100]  loss=4.48e-01  l1=4.48e-01  l2=0.00e+00  psnr=17.4  cos=0.7689
[epoch 8 step 1125]  loss=4.34e-01  l1=4.34e-01  l2=0.00e+00  psnr=17.6  cos=0.7683
[epoch 8 step 1150]  loss=4.25e-01  l1=4.25e-01  l2=0.00e+00  psnr=17.9  cos=0.7617
[epoch 8 step 1175]  loss=4.20e-01  l1=4.20e-01  l2=0.00e+00  psnr=18.0  cos=0.7698
[epoch 8 step 1200]  loss=4.28e-01  l1=4.28e-01  l2=0.00e+00  psnr=17.7  cos=0.7652
[epoch 8 step 1225]  loss=4.23e-01  l1=4.23e-01  l2=0.00e+00  psnr=17.9  cos=0.7648
[epoch 8 DONE]  final_loss=4.44e-01  psnr=17.95  cos=0.7648
[checkpoint] /workspace/runs/trial_toy_baseline/checkpoints/epoch_0008.pt
[val epoch 8]  latent_l1=0.4260  latent_l2=0.6415  latent_psnr=27.3125
[best] new best latent_psnr=27.3125 (prev=27.1350) -> /workspace/runs/trial_toy_baseline/checkpoints/best.pt
[epoch 9 step 000]  loss=4.23e-01  l1=4.23e-01  l2=0.00e+00  psnr=17.9  cos=0.7594
[epoch 9 step 025]  loss=4.36e-01  l1=4.36e-01  l2=0.00e+00  psnr=17.8  cos=0.7586
[epoch 9 step 050]  loss=4.43e-01  l1=4.43e-01  l2=0.00e+00  psnr=17.5  cos=0.7608
[epoch 9 step 075]  loss=4.72e-01  l1=4.72e-01  l2=0.00e+00  psnr=17.1  cos=0.7397
[epoch 9 step 100]  loss=4.56e-01  l1=4.56e-01  l2=0.00e+00  psnr=17.3  cos=0.7537
[epoch 9 step 125]  loss=4.28e-01  l1=4.28e-01  l2=0.00e+00  psnr=18.1  cos=0.7557
[epoch 9 step 150]  loss=4.51e-01  l1=4.51e-01  l2=0.00e+00  psnr=17.5  cos=0.7386
[epoch 9 step 175]  loss=4.62e-01  l1=4.62e-01  l2=0.00e+00  psnr=17.2  cos=0.7478
[epoch 9 step 200]  loss=4.40e-01  l1=4.40e-01  l2=0.00e+00  psnr=17.4  cos=0.7660
[epoch 9 step 225]  loss=4.16e-01  l1=4.16e-01  l2=0.00e+00  psnr=17.9  cos=0.7738
[epoch 9 step 250]  loss=4.36e-01  l1=4.36e-01  l2=0.00e+00  psnr=17.9  cos=0.7621
[epoch 9 step 275]  loss=3.92e-01  l1=3.92e-01  l2=0.00e+00  psnr=18.6  cos=0.7864
[epoch 9 step 300]  loss=3.95e-01  l1=3.95e-01  l2=0.00e+00  psnr=18.3  cos=0.7932
[epoch 9 step 325]  loss=4.41e-01  l1=4.41e-01  l2=0.00e+00  psnr=17.4  cos=0.7510
[epoch 9 step 350]  loss=4.18e-01  l1=4.18e-01  l2=0.00e+00  psnr=17.9  cos=0.7737
[epoch 9 step 375]  loss=4.06e-01  l1=4.06e-01  l2=0.00e+00  psnr=18.3  cos=0.7776
[epoch 9 step 400]  loss=4.50e-01  l1=4.50e-01  l2=0.00e+00  psnr=17.3  cos=0.7517
[epoch 9 step 425]  loss=4.12e-01  l1=4.12e-01  l2=0.00e+00  psnr=18.3  cos=0.7739
[epoch 9 step 450]  loss=3.99e-01  l1=3.99e-01  l2=0.00e+00  psnr=18.3  cos=0.7934
[epoch 9 step 475]  loss=4.30e-01  l1=4.30e-01  l2=0.00e+00  psnr=17.7  cos=0.7677
[epoch 9 step 500]  loss=3.94e-01  l1=3.94e-01  l2=0.00e+00  psnr=18.4  cos=0.7853
[epoch 9 step 525]  loss=3.95e-01  l1=3.95e-01  l2=0.00e+00  psnr=18.5  cos=0.7843
[epoch 9 step 550]  loss=4.39e-01  l1=4.39e-01  l2=0.00e+00  psnr=17.9  cos=0.7464
[epoch 9 step 575]  loss=4.30e-01  l1=4.30e-01  l2=0.00e+00  psnr=17.6  cos=0.7767
[epoch 9 step 600]  loss=4.20e-01  l1=4.20e-01  l2=0.00e+00  psnr=18.1  cos=0.7655
[epoch 9 step 625]  loss=3.98e-01  l1=3.98e-01  l2=0.00e+00  psnr=18.2  cos=0.7935
[epoch 9 step 650]  loss=4.35e-01  l1=4.35e-01  l2=0.00e+00  psnr=17.9  cos=0.7564
[epoch 9 step 675]  loss=4.30e-01  l1=4.30e-01  l2=0.00e+00  psnr=18.0  cos=0.7613
[epoch 9 step 700]  loss=4.15e-01  l1=4.15e-01  l2=0.00e+00  psnr=18.1  cos=0.7798
[epoch 9 step 725]  loss=4.03e-01  l1=4.03e-01  l2=0.00e+00  psnr=18.0  cos=0.7973
[wall-clock cap] 60.0 min elapsed > 60.0 min budget; stopping at epoch 9 step 726 (global_step=10726)
[wall-clock cap] mid-epoch snapshot -> /workspace/runs/trial_toy_baseline/checkpoints/latest.pt
[val wall-capped]  latent_l1=0.4239  latent_l2=0.6359  latent_psnr=27.3883
wandb: updating run metadata
wandb: uploading config.yaml; uploading output.log; uploading wandb-summary.json
wandb: uploading config.yaml; uploading wandb-summary.json
wandb: uploading config.yaml
wandb: uploading history steps 10723-10726, summary, console lines 465-468
wandb: 
wandb: Run history:
wandb:         loss/l1 █▆▆▄▄▃▄▄▄▃▃▃▃▄▃▃▃▃▃▃▃▃▃▂▃▄▂▂▂▂▂▂▂▂▁▁▂▂▁▁
wandb:         loss/l2 ▁▁▁▁▁▁▁▁▁▁▁▁▁▁▁▁▁▁▁▁▁▁▁▁▁▁▁▁▁▁▁▁▁▁▁▁▁▁▁▁
wandb:      loss/total █▇█▅▅▇▆▅▄▅▄▃▄▃▄▂▂▃▃▃▂▃▂▃▂▁▃▃▂▂▂▃▂▁▁▁▂▁▂▃
wandb:  metrics/cosine ▁▄▃▄▅▅▆▆▅▅▆▆▅▆▇▆▇▇▇▇▇█▇▇▇▇█▇▇▇█▇▇██▇████
wandb:      metrics/l1 █▇▆▇▅▅▅▄▄▄▄▄▄▃▃▅▂▃▂▃▂▂▃▁▂▂▂▂▂▂▃▂▁▁▂▁▂▁▂▁
wandb:    metrics/psnr ▁▁▁▂▂▂▃▂▄▃▃▄▅▄▄▅▃▅▄▅▅▅▄▄▆▅▅▅▆▇▆▆▇▆▇▇▆▆█▇
wandb:            step ▁▁▁▁▂▂▂▂▃▃▃▃▃▃▃▃▄▄▄▄▄▄▅▅▅▅▅▆▆▆▆▆▆▆▆▇▇▇▇█
wandb:   val/latent_l1 █▅▄▃▃▂▂▁▁
wandb:   val/latent_l2 █▆▄▄▃▂▂▁▁
wandb: val/latent_psnr ▁▃▄▅▆▇▇██
wandb:              +1 ...
wandb: 
wandb: Run summary:
wandb:         loss/l1 0.40341
wandb:         loss/l2 0
wandb:      loss/total 0.40341
wandb:  metrics/cosine 0.79732
wandb:      metrics/l1 0.40341
wandb:    metrics/psnr 17.95325
wandb:            step 10725
wandb:   val/latent_l1 0.42392
wandb:   val/latent_l2 0.63586
wandb: val/latent_psnr 27.38834
wandb:              +1 ...
wandb: 
wandb: 🚀 View run trial_toy_baseline at: https://wandb.ai/jasonna24-/triplane-ae/runs/fs4st1kd
wandb: ⭐️ View project at: https://wandb.ai/jasonna24-/triplane-ae
wandb: Synced 5 W&B file(s), 0 media file(s), 0 artifact file(s) and 0 other file(s)
wandb: Find logs at: ./wandb/run-20260517_173051-fs4st1kd/logs
[wandb] run URL: https://wandb.ai/jasonna24-/triplane-ae/runs/fs4st1kd
[run_tier] <- END    tier1/baseline  exit=0  elapsed=60.3 min

[run_tier] summary:
  OK   tier1/ours                41.7 min
  OK   tier1/baseline            60.3 min
